dataset,prefix,model,precision,batch,profile,total_images,warmup_images,throughput_img_s,task_time_s,task_throughput_img_s,task_energy_J,task_energy_per_eval_image_J,task_energy_per_processed_image_J,task_edp_Js
fixed_2026-03,mobilenet_v2_fp16_fast_BS128,mobilenet_v2,fp16,128,fast,50000.0,6400,403.1310500581727,819.0,61.05006105006105,5347.385,0.1069477,0.09481179078014185,4379508.315
fixed_2026-03,mobilenet_v2_fp16_fast_BS32,mobilenet_v2,fp16,32,fast,50000.0,1600,372.6904385138499,821.0,60.90133982947625,5302.42,0.1060484,0.10276007751937985,4353286.82
fixed_2026-03,mobilenet_v2_fp16_fast_BS64,mobilenet_v2,fp16,64,fast,50000.0,3200,394.34460610844513,818.0,61.12469437652812,5388.1495,0.10776299,0.10128100563909775,4407506.291
fixed_2026-03,mobilenet_v2_fp16_medium_BS128,mobilenet_v2,fp16,128,medium,50000.0,6400,361.12381192086497,904.0,55.309734513274336,5277.029,0.10554058000000001,0.09356434397163121,4770434.216
fixed_2026-03,mobilenet_v2_fp16_medium_BS32,mobilenet_v2,fp16,32,medium,50000.0,1600,255.66788401715075,970.0,51.54639175257732,5484.353999999999,0.10968707999999999,0.10628593023255813,5319823.379999999
fixed_2026-03,mobilenet_v2_fp16_medium_BS64,mobilenet_v2,fp16,64,medium,50000.0,3200,326.44512987160005,923.0,54.17118093174431,5356.118,0.10712236000000001,0.1006789097744361,4943696.914000001
fixed_2026-03,mobilenet_v2_fp16_slow_BS128,mobilenet_v2,fp16,128,slow,50000.0,6400,237.49698277935508,1307.0,38.255547054322875,6574.987999999999,0.13149976,0.11657780141843971,8593509.316
fixed_2026-03,mobilenet_v2_fp16_slow_BS32,mobilenet_v2,fp16,32,slow,50000.0,1600,195.68214060392967,1319.0,37.90750568612585,6524.177000000001,0.13048354,0.12643753875968994,8605389.463000001
fixed_2026-03,mobilenet_v2_fp16_slow_BS64,mobilenet_v2,fp16,64,slow,50000.0,3200,222.5877473442788,1304.0,38.34355828220859,6482.6985,0.12965397,0.12185523496240602,8453438.844
fixed_2026-03,mobilenet_v2_fp32_fast_BS128,mobilenet_v2,fp32,128,fast,50000.0,6400,207.6053504453828,954.0,52.41090146750524,6883.459,0.13766918,0.12204714539007092,6566819.886
fixed_2026-03,mobilenet_v2_fp32_fast_BS32,mobilenet_v2,fp32,32,fast,50000.0,1600,204.9764429277752,919.0,54.4069640914037,6579.880499999999,0.13159760999999998,0.12751706395348836,6046910.1795
fixed_2026-03,mobilenet_v2_fp32_fast_BS64,mobilenet_v2,fp32,64,fast,50000.0,3200,204.88294583694596,937.0,53.36179295624333,6712.0225,0.13424045,0.12616583646616542,6289165.0825000005
fixed_2026-03,mobilenet_v2_fp32_medium_BS128,mobilenet_v2,fp32,128,medium,50000.0,6400,199.7225861335064,1013.0,49.35834155972359,6856.928,0.13713856,0.12157673758865248,6946068.064
fixed_2026-03,mobilenet_v2_fp32_medium_BS32,mobilenet_v2,fp32,32,medium,50000.0,1600,175.05008071622817,1043.0,47.93863854266539,6863.3925,0.13726785,0.13301148255813952,7158518.3774999995
fixed_2026-03,mobilenet_v2_fp32_medium_BS64,mobilenet_v2,fp32,64,medium,50000.0,3200,190.3776396962232,1017.0,49.164208456243855,6778.287,0.13556574000000002,0.1274114097744361,6893517.879000001
fixed_2026-03,mobilenet_v2_fp32_slow_BS128,mobilenet_v2,fp32,128,slow,50000.0,6400,126.61930107734835,1492.0,33.51206434316354,8388.0125,0.16776025000000003,0.14872362588652482,12514914.65
fixed_2026-03,mobilenet_v2_fp32_slow_BS32,mobilenet_v2,fp32,32,slow,50000.0,1600,120.28350440600984,1434.0,34.86750348675035,8256.561,0.16513122,0.16001087209302325,11839908.474
fixed_2026-03,mobilenet_v2_fp32_slow_BS64,mobilenet_v2,fp32,64,slow,50000.0,3200,121.51556124866752,1476.0,33.87533875338753,8320.45,0.166409,0.15639943609022558,12280984.200000001
fixed_2026-03,mobilenet_v2_fp64_fast_BS128,mobilenet_v2,fp64,128,fast,50000.0,6400,20.78948617149685,3624.0,13.79690949227373,23044.2315,0.46088463,0.40858566489361703,83512294.956
fixed_2026-03,mobilenet_v2_fp64_fast_BS32,mobilenet_v2,fp64,32,fast,50000.0,1600,23.59927020949062,2883.0,17.34304543877905,18530.366,0.37060732,0.3591156201550388,53423045.178
fixed_2026-03,mobilenet_v2_fp64_fast_BS64,mobilenet_v2,fp64,64,fast,50000.0,3200,22.00950314630217,3126.0,15.99488163787588,19966.648,0.39933296,0.3753129323308271,62415741.648
fixed_2026-03,mobilenet_v2_fp64_medium_BS128,mobilenet_v2,fp64,128,medium,50000.0,6400,19.63864073522025,4148.0,12.054001928640309,24740.8565,0.49481713000000005,0.43866766843971633,102625072.76200001
fixed_2026-03,mobilenet_v2_fp64_medium_BS32,mobilenet_v2,fp64,32,medium,50000.0,1600,23.27889695952553,2992.0,16.711229946524064,19130.2125,0.38260425000000003,0.3707405523255814,57237595.800000004
fixed_2026-03,mobilenet_v2_fp64_medium_BS64,mobilenet_v2,fp64,64,medium,50000.0,3200,21.70259571175575,3244.0,15.413070283600494,20390.2535,0.40780507,0.38327544172932326,66145982.353999995
fixed_2026-03,mobilenet_v2_fp64_slow_BS128,mobilenet_v2,fp64,128,slow,50000.0,6400,10.624560691016375,6756.0,7.400828892835998,34116.196,0.6823239200000001,0.6048970921985817,230489020.17600003
fixed_2026-03,mobilenet_v2_fp64_slow_BS32,mobilenet_v2,fp64,32,slow,50000.0,1600,11.832784041118082,5439.0,9.192866335723478,27884.252,0.55768504,0.540392480620155,151662446.628
fixed_2026-03,mobilenet_v2_fp64_slow_BS64,mobilenet_v2,fp64,64,slow,50000.0,3200,11.055812627167414,5919.0,8.447372867038352,30012.204,0.6002440800000001,0.5641391729323308,177642235.476
fixed_2026-03,resnet50_fp16_fast_BS128,resnet50,fp16,128,fast,50000.0,6400,190.9641831991416,975.0,51.282051282051285,7405.413500000001,0.14810827000000001,0.13130165780141845,7220278.162500001
fixed_2026-03,resnet50_fp16_fast_BS32,resnet50,fp16,32,fast,50000.0,1600,179.98460884949463,964.0,51.86721991701245,7231.6255,0.14463251,0.14014778100775194,6971286.982
fixed_2026-03,resnet50_fp16_fast_BS64,resnet50,fp16,64,fast,50000.0,3200,182.8803583873245,967.0,51.70630816959669,7318.266,0.14636532,0.1375613909774436,7076763.222
fixed_2026-03,resnet50_fp16_medium_BS128,resnet50,fp16,128,medium,50000.0,6400,182.5193533052694,1028.0,48.63813229571984,7367.0785,0.14734157,0.13062195921985814,7573356.698
fixed_2026-03,resnet50_fp16_medium_BS32,resnet50,fp16,32,medium,50000.0,1600,154.11175263167948,1094.0,45.703839122486286,7522.107999999999,0.15044216,0.1457772868217054,8229186.151999999
fixed_2026-03,resnet50_fp16_medium_BS64,resnet50,fp16,64,medium,50000.0,3200,167.4215513513107,1054.0,47.43833017077799,7411.197,0.14822394,0.1393082142857143,7811401.638
fixed_2026-03,resnet50_fp16_slow_BS128,resnet50,fp16,128,slow,50000.0,6400,116.4945131552522,1544.0,32.38341968911917,9058.7905,0.18117581,0.16061685283687943,13986772.531999998
fixed_2026-03,resnet50_fp16_slow_BS32,resnet50,fp16,32,slow,50000.0,1600,105.62883894612636,1506.0,33.200531208499335,9068.201,0.18136402,0.1757403294573643,13656710.705999998
fixed_2026-03,resnet50_fp16_slow_BS64,resnet50,fp16,64,slow,50000.0,3200,109.00627574446966,1530.0,32.6797385620915,9078.928500000002,0.18157857000000002,0.17065655075187974,13890760.605000002
fixed_2026-03,resnet50_fp32_fast_BS128,resnet50,fp32,128,fast,50000.0,6400,81.91555782786186,1367.0,36.5764447695684,12610.3065,0.25220613000000003,0.22358699468085108,17238288.9855
fixed_2026-03,resnet50_fp32_fast_BS32,resnet50,fp32,32,fast,50000.0,1600,78.88514055515603,1315.0,38.02281368821293,12287.131,0.24574262,0.2381226937984496,16157577.264999999
fixed_2026-03,resnet50_fp32_fast_BS64,resnet50,fp32,64,fast,50000.0,3200,81.97095605580388,1321.0,37.85011355034065,12230.451,0.24460901999999998,0.2298956954887218,16156425.771
fixed_2026-03,resnet50_fp32_medium_BS128,resnet50,fp32,128,medium,50000.0,6400,80.30939134363891,1422.0,35.16174402250352,12654.2255,0.25308451,0.22436570035460993,17994308.661000002
fixed_2026-03,resnet50_fp32_medium_BS32,resnet50,fp32,32,medium,50000.0,1600,75.09704400854955,1435.0,34.84320557491289,12723.4635,0.25446926999999997,0.24657874999999999,18258170.1225
fixed_2026-03,resnet50_fp32_medium_BS64,resnet50,fp32,64,medium,50000.0,3200,78.89520464446316,1409.0,35.486160397445,12397.0815,0.24794163,0.23302784774436092,17467487.8335
fixed_2026-03,resnet50_fp32_slow_BS128,resnet50,fp32,128,slow,50000.0,6400,46.93183831916484,2245.0,22.271714922048996,15304.3355,0.30608671,0.2713534663120567,34358233.1975
fixed_2026-03,resnet50_fp32_slow_BS32,resnet50,fp32,32,slow,50000.0,1600,44.54200215725865,2160.0,23.14814814814815,15085.516500000002,0.30171033,0.2923549709302326,32584715.640000004
fixed_2026-03,resnet50_fp32_slow_BS64,resnet50,fp32,64,slow,50000.0,3200,46.78362440866643,2158.0,23.169601482854496,14917.2645,0.29834529,0.2803997086466165,32191456.790999997
fixed_2026-03,resnet50_fp64_fast_BS128,resnet50,fp64,128,fast,50000.0,6400,2.231345344056664,27263.0,1.8339874555258042,176718.34900000002,3.53436698,3.133304060283688,4817872348.787001
fixed_2026-03,resnet50_fp64_fast_BS32,resnet50,fp64,32,fast,50000.0,1600,2.3033465262598707,23109.0,2.1636591804059027,164064.0165,3.28128033,3.179535203488372,3791355357.2985
fixed_2026-03,resnet50_fp64_fast_BS64,resnet50,fp64,64,fast,50000.0,3200,2.3016446298361517,23828.0,2.098371663589055,172167.232,3.44334464,3.236226165413534,4102400804.0959997
fixed_2026-03,resnet50_fp64_medium_BS128,resnet50,fp64,128,medium,50000.0,6400,2.4187742055536128,24269.0,2.0602414602991472,161131.68050000002,3.2226336100000004,2.8569446897163124,3910504754.0545006
fixed_2026-03,resnet50_fp64_medium_BS32,resnet50,fp64,32,medium,50000.0,1600,2.298891562893482,23226.0,2.15275983811246,166593.80550000002,3.3318761100000005,3.2285621220930234,3869307726.543
fixed_2026-03,resnet50_fp64_medium_BS64,resnet50,fp64,64,medium,50000.0,3200,2.2964613374453835,23942.0,2.0883802522763344,174322.3715,3.48644743,3.2767363063909776,4173626218.453
fixed_2026-03,resnet50_fp64_slow_BS128,resnet50,fp64,128,slow,50000.0,6400,1.2214831556987735,47318.0,1.056680333065641,246384.1115,4.92768223,4.3685126152482265,11658403387.957
fixed_2026-03,resnet50_fp64_slow_BS32,resnet50,fp64,32,slow,50000.0,1600,1.1589589006836245,45603.0,1.0964190952349626,250162.3415,5.00324683,4.848107393410853,11408153259.4245
fixed_2026-03,resnet50_fp64_slow_BS64,resnet50,fp64,64,slow,50000.0,3200,1.158527334721576,47017.0,1.0634451368653892,261161.165,5.2232233,4.909044454887218,12279014494.805
random_2026-03,mobilenet_v2_fp16_fast_BS128,mobilenet_v2,fp16,128,fast,50000.0,6400,257.94142005180504,1234.0,40.51863857374392,8010.966,0.16021932,0.14203840425531916,9885532.044
random_2026-03,mobilenet_v2_fp16_fast_BS32,mobilenet_v2,fp16,32,fast,50000.0,1600,428.867992404574,756.0,66.13756613756614,5856.0885,0.11712177,0.11349008720930233,4427202.9059999995
random_2026-03,mobilenet_v2_fp16_fast_BS64,mobilenet_v2,fp16,64,fast,50000.0,3200,456.8050434154668,774.0,64.59948320413437,5971.779500000001,0.11943559000000001,0.11225149436090226,4622157.333000001
random_2026-03,mobilenet_v2_fp16_medium_BS128,mobilenet_v2,fp16,128,medium,50000.0,6400,413.9608096088284,840.0,59.523809523809526,6108.81,0.12217620000000001,0.1083122340425532,5131400.4
random_2026-03,mobilenet_v2_fp16_medium_BS32,mobilenet_v2,fp16,32,medium,50000.0,1600,294.3800193559594,822.0,60.82725060827251,5897.8055,0.11795611,0.1142985562015504,4847996.121
random_2026-03,mobilenet_v2_fp16_medium_BS64,mobilenet_v2,fp16,64,medium,50000.0,3200,369.8345043821229,851.0,58.75440658049354,6051.0345,0.12102069,0.11374125,5149430.3595
random_2026-03,mobilenet_v2_fp16_slow_BS128,mobilenet_v2,fp16,128,slow,50000.0,6400,252.38363596142295,1232.0,40.58441558441559,7986.8705,0.15973741,0.14161117907801418,9839824.456
random_2026-03,mobilenet_v2_fp16_slow_BS32,mobilenet_v2,fp16,32,slow,50000.0,1600,218.78487766103365,1220.0,40.98360655737705,7847.0775,0.15694155,0.1520751453488372,9573434.55
random_2026-03,mobilenet_v2_fp16_slow_BS64,mobilenet_v2,fp16,64,slow,50000.0,3200,241.26461006201447,1237.0,40.42037186742118,7995.371499999999,0.15990743,0.1502889379699248,9890274.5455
random_2026-03,mobilenet_v2_fp32_fast_BS128,mobilenet_v2,fp32,128,fast,50000.0,6400,243.7132828656304,861.0,58.07200929152149,7594.7365,0.15189473,0.13465844858156029,6539068.1265
random_2026-03,mobilenet_v2_fp32_fast_BS32,mobilenet_v2,fp32,32,fast,50000.0,1600,129.4155808702459,1381.0,36.205648081100655,9634.5755,0.19269151,0.18671657945736436,13305348.765500002
random_2026-03,mobilenet_v2_fp32_fast_BS64,mobilenet_v2,fp32,64,fast,50000.0,3200,239.8392725952144,901.0,55.49389567147614,7659.576499999999,0.15319153,0.14397700187969922,6901278.426499999
random_2026-03,mobilenet_v2_fp32_medium_BS128,mobilenet_v2,fp32,128,medium,50000.0,6400,232.28043221810984,936.0,53.41880341880342,7576.120500000001,0.15152241000000002,0.13432837765957448,7091248.788000001
random_2026-03,mobilenet_v2_fp32_medium_BS32,mobilenet_v2,fp32,32,medium,50000.0,1600,191.4310461482445,994.0,50.30181086519115,7708.873,0.15417746,0.14939676356589146,7662619.761999999
random_2026-03,mobilenet_v2_fp32_medium_BS64,mobilenet_v2,fp32,64,medium,50000.0,3200,214.4743365962867,892.0,56.053811659192824,7319.7325,0.14639465000000002,0.1375889567669173,6529201.39
random_2026-03,mobilenet_v2_fp32_slow_BS128,mobilenet_v2,fp32,128,slow,50000.0,6400,132.08187314143998,1430.0,34.96503496503497,9970.673,0.19941346000000001,0.17678498226950357,14258062.39
random_2026-03,mobilenet_v2_fp32_slow_BS32,mobilenet_v2,fp32,32,slow,50000.0,1600,124.2127785245046,1395.0,35.842293906810035,9634.771,0.19269542,0.1867203682170543,13440505.545000002
random_2026-03,mobilenet_v2_fp32_slow_BS64,mobilenet_v2,fp32,64,slow,50000.0,3200,127.54484739795583,1432.0,34.91620111731844,9900.956,0.19801912,0.18610819548872182,14178168.992
random_2026-03,mobilenet_v2_fp64_fast_BS128,mobilenet_v2,fp64,128,fast,50000.0,6400,11.090891289298094,6140.0,8.143322475570033,38366.2215,0.76732443,0.6802521542553192,235568600.01
random_2026-03,mobilenet_v2_fp64_fast_BS32,mobilenet_v2,fp64,32,fast,50000.0,1600,29.402239376904124,2271.0,22.016732716864816,19872.870000000003,0.39745740000000007,0.38513313953488376,45131287.77
random_2026-03,mobilenet_v2_fp64_fast_BS64,mobilenet_v2,fp64,64,fast,50000.0,3200,11.08779509279464,5833.0,8.571918395336876,36335.023,0.72670046,0.6829891541353383,211942189.159
random_2026-03,mobilenet_v2_fp64_medium_BS128,mobilenet_v2,fp64,128,medium,50000.0,6400,21.916519431715752,3330.0,15.015015015015015,24914.406,0.49828812,0.44174478723404254,82964971.98
random_2026-03,mobilenet_v2_fp64_medium_BS32,mobilenet_v2,fp64,32,medium,50000.0,1600,23.378481180694923,2955.0,16.920473773265652,22233.155,0.4446631,0.43087509689922476,65698973.025
random_2026-03,mobilenet_v2_fp64_medium_BS64,mobilenet_v2,fp64,64,medium,50000.0,3200,21.771574607800424,3188.0,15.683814303638645,23796.299,0.47592597999999997,0.44729885338345865,75862601.212
random_2026-03,mobilenet_v2_fp64_slow_BS128,mobilenet_v2,fp64,128,slow,50000.0,6400,11.07644119520827,6221.0,8.037293039704227,38939.928,0.77879856,0.690424255319149,242245292.088
random_2026-03,mobilenet_v2_fp64_slow_BS32,mobilenet_v2,fp64,32,slow,50000.0,1600,11.847116307605823,5368.0,9.314456035767511,33479.227,0.66958454,0.6488222286821705,179716490.53599998
random_2026-03,mobilenet_v2_fp64_slow_BS64,mobilenet_v2,fp64,64,slow,50000.0,3200,11.065293116103623,5838.0,8.564576909900651,36297.984500000006,0.7259596900000002,0.6822929417293234,211907633.51100004
random_2026-03,resnet50_fp16_fast_BS128,resnet50,fp16,128,fast,50000.0,6400,251.50387030110173,754.0,66.3129973474801,7983.503000000001,0.15967006,0.14155147163120568,6019561.262
random_2026-03,resnet50_fp16_fast_BS32,resnet50,fp16,32,fast,50000.0,1600,208.07498059607315,868.0,57.6036866359447,7876.608,0.15753216,0.1526474418604651,6836895.744
random_2026-03,resnet50_fp16_fast_BS64,resnet50,fp16,64,fast,50000.0,3200,114.78729270274587,1471.0,33.99048266485384,10575.39,0.2115078,0.19878552631578947,15556398.69
random_2026-03,resnet50_fp16_medium_BS128,resnet50,fp16,128,medium,50000.0,6400,209.6255715236912,906.0,55.18763796909492,7915.15,0.158303,0.1403395390070922,7171125.899999999
random_2026-03,resnet50_fp16_medium_BS32,resnet50,fp16,32,medium,50000.0,1600,170.46965723365597,1030.0,48.54368932038835,8368.9185,0.16737837,0.1621883430232558,8619986.055
random_2026-03,resnet50_fp16_medium_BS64,resnet50,fp16,64,medium,50000.0,3200,190.26153088962585,994.0,50.30181086519115,8259.1545,0.16518309,0.155247265037594,8209599.573000001
random_2026-03,resnet50_fp16_slow_BS128,resnet50,fp16,128,slow,50000.0,6400,120.6625901264328,1486.0,33.64737550471063,10710.785500000002,0.21421571000000003,0.18990754432624116,15916227.253000002
random_2026-03,resnet50_fp16_slow_BS32,resnet50,fp16,32,slow,50000.0,1600,108.7231397762806,1457.0,34.317089910775564,10357.811999999998,0.20715623999999996,0.20073279069767438,15091332.083999997
random_2026-03,resnet50_fp16_slow_BS64,resnet50,fp16,64,slow,50000.0,3200,112.59665336945471,1479.0,33.80662609871535,10558.209,0.21116418,0.19846257518796995,15615591.111000001
random_2026-03,resnet50_fp32_fast_BS128,resnet50,fp32,128,fast,50000.0,6400,47.60375915241335,2196.0,22.768670309653917,17850.56,0.35701120000000003,0.3164992907801419,39199829.760000005
random_2026-03,resnet50_fp32_fast_BS32,resnet50,fp32,32,fast,50000.0,1600,45.61636030264638,2120.0,23.58490566037736,17338.500500000002,0.34677001,0.33601745155038765,36757621.06
random_2026-03,resnet50_fp32_fast_BS64,resnet50,fp32,64,fast,50000.0,3200,47.62097941696795,2118.0,23.607176581680832,17212.3975,0.34424794999999997,0.32354130639097745,36455857.905
random_2026-03,resnet50_fp32_medium_BS128,resnet50,fp32,128,medium,50000.0,6400,89.25659008669962,1269.0,39.40110323089046,13656.080000000002,0.2731216,0.24212907801418443,17329565.520000003
random_2026-03,resnet50_fp32_medium_BS32,resnet50,fp32,32,medium,50000.0,1600,82.70952232112013,1360.0,36.76470588235294,14008.2445,0.28016489,0.2714776065891473,19051212.52
random_2026-03,resnet50_fp32_medium_BS64,resnet50,fp32,64,medium,50000.0,3200,87.36598570744502,1312.0,38.109756097560975,13564.974499999998,0.27129949,0.2549807236842105,17797246.544
random_2026-03,resnet50_fp32_slow_BS128,resnet50,fp32,128,slow,50000.0,6400,47.45467976004407,2200.0,22.727272727272727,17868.64,0.3573728,0.31681985815602837,39311008.0
random_2026-03,resnet50_fp32_slow_BS32,resnet50,fp32,32,slow,50000.0,1600,44.95829777141335,2150.0,23.25581395348837,17546.525999999998,0.35093051999999997,0.34004895348837205,37725030.9
random_2026-03,resnet50_fp32_slow_BS64,resnet50,fp32,64,slow,50000.0,3200,47.25918788372807,2129.0,23.485204321277596,17208.2445,0.34416489,0.323463242481203,36636352.5405
random_2026-03,resnet50_fp64_fast_BS128,resnet50,fp64,128,fast,50000.0,6400,1.2195776624669272,47571.0,1.0510605200647454,299363.722,5.98727444,5.307867411347518,14241031619.262001
random_2026-03,resnet50_fp64_fast_BS32,resnet50,fp64,32,fast,50000.0,1600,1.1595384677157163,45542.0,1.0978876641342057,301073.0665,6.02146133,5.834749350775194,13711469594.543001
random_2026-03,resnet50_fp64_fast_BS64,resnet50,fp64,64,fast,50000.0,3200,1.1587301391193632,46954.0,1.0648720023853133,313299.3415,6.265986829999999,5.889085366541353,14710657280.790998
random_2026-03,resnet50_fp64_medium_BS128,resnet50,fp64,128,medium,50000.0,6400,2.3001744153998387,26879.0,1.8601882510510064,204836.629,4.096732579999999,3.631855124113475,5505803750.891
random_2026-03,resnet50_fp64_medium_BS32,resnet50,fp64,32,medium,50000.0,1600,2.3045449972586307,23151.0,2.1597339207809596,194071.3065,3.88142613,3.761071831395349,4492944816.7815
random_2026-03,resnet50_fp64_medium_BS64,resnet50,fp64,64,medium,50000.0,3200,2.303843328545379,23828.0,2.098371663589055,202680.986,4.05361972,3.8097929699248123,4829482534.408
random_2026-03,resnet50_fp64_slow_BS128,resnet50,fp64,128,slow,50000.0,6400,1.188621805848638,48869.0,1.0231435061081666,307021.432,6.14042864,5.4436424113475175,15003830360.407999
random_2026-03,resnet50_fp64_slow_BS32,resnet50,fp64,32,slow,50000.0,1600,1.1590360113829443,45548.0,1.0977430403091244,301459.25350000005,6.029185070000001,5.842233594961241,13730866078.418003
random_2026-03,resnet50_fp64_slow_BS64,resnet50,fp64,64,slow,50000.0,3200,1.1586198005676354,46953.0,1.0648946819159586,312768.2025,6.25536405,5.87910155075188,14685405411.9825
Clone1,mobilenet_v2_fp16_fast_BS1,mobilenet_v2,fp16,1,fast,50000.0,50,33.9610676082636,2241.0,22.311468094600624,12781.5465,0.25563093000000003,0.25537555444555443,28643445.7065
Clone1,mobilenet_v2_fp16_fast_BS128,mobilenet_v2,fp16,128,fast,50000.0,6400,248.84220690533476,1227.0,40.74979625101874,6507.1845,0.13014369,0.11537561170212766,7984315.3815
Clone1,mobilenet_v2_fp16_fast_BS16,mobilenet_v2,fp16,16,fast,50000.0,800,368.073864115029,786.0,63.61323155216285,5103.0855,0.10206171,0.10045443897637796,4011025.203
Clone1,mobilenet_v2_fp16_fast_BS32,mobilenet_v2,fp16,32,fast,50000.0,1600,227.1546486866966,1207.0,41.42502071251035,6420.6895,0.12841379,0.12443196705426357,7749772.226500001
Clone1,mobilenet_v2_fp16_fast_BS4,mobilenet_v2,fp16,4,fast,50000.0,200,133.65190785425568,1049.0,47.66444232602478,6410.883499999999,0.12821766999999998,0.12770684262948206,6725016.791499999
Clone1,mobilenet_v2_fp16_fast_BS64,mobilenet_v2,fp16,64,fast,50000.0,3200,395.33328060126735,792.0,63.13131313131313,5081.551,0.10163102,0.09551787593984963,4024588.3920000005
Clone1,mobilenet_v2_fp16_fast_BS8,mobilenet_v2,fp16,8,fast,50000.0,400,266.29745856562613,834.0,59.95203836930455,5304.7625,0.10609525,0.10525322420634921,4424171.925
Clone1,mobilenet_v2_fp16_medium_BS1,mobilenet_v2,fp16,1,medium,50000.0,50,32.61191281454899,2357.0,21.21340687314383,11819.571,0.23639142,0.23615526473526474,27858728.847
Clone1,mobilenet_v2_fp16_medium_BS128,mobilenet_v2,fp16,128,medium,50000.0,6400,370.986766991064,851.0,58.75440658049354,5026.069,0.10052138000000001,0.08911469858156029,4277184.7190000005
Clone1,mobilenet_v2_fp16_medium_BS16,mobilenet_v2,fp16,16,medium,50000.0,800,230.29481976039617,876.0,57.077625570776256,5152.887500000001,0.10305775000000002,0.10143479330708663,4513929.45
Clone1,mobilenet_v2_fp16_medium_BS32,mobilenet_v2,fp16,32,medium,50000.0,1600,281.8083666738417,902.0,55.432372505543235,5212.6815,0.10425363,0.10102095930232557,4701838.7129999995
Clone1,mobilenet_v2_fp16_medium_BS4,mobilenet_v2,fp16,4,medium,50000.0,200,131.85636476811422,1073.0,46.59832246039143,5951.7515,0.11903503,0.11856078685258965,6386229.3595
Clone1,mobilenet_v2_fp16_medium_BS64,mobilenet_v2,fp16,64,medium,50000.0,3200,338.06882417810334,822.0,60.82725060827251,4845.1275000000005,0.09690255,0.09107382518796993,3982694.8050000006
Clone1,mobilenet_v2_fp16_medium_BS8,mobilenet_v2,fp16,8,medium,50000.0,400,173.77446667688275,961.0,52.02913631633715,5531.688,0.11063376,0.10975571428571429,5315952.1680000005
Clone1,mobilenet_v2_fp16_slow_BS1,mobilenet_v2,fp16,1,slow,50000.0,50,23.306329964357555,3302.0,15.142337976983645,15682.9705,0.31365940999999997,0.3133460639360639,51785168.591
Clone1,mobilenet_v2_fp16_slow_BS128,mobilenet_v2,fp16,128,slow,50000.0,6400,243.68311610502823,1234.0,40.51863857374392,6540.6735,0.13081347,0.11596938829787234,8071191.098999999
Clone1,mobilenet_v2_fp16_slow_BS16,mobilenet_v2,fp16,16,slow,50000.0,800,194.41037276975493,1254.0,39.87240829346093,6651.293,0.13302586,0.13093096456692913,8340721.421999999
Clone1,mobilenet_v2_fp16_slow_BS32,mobilenet_v2,fp16,32,slow,50000.0,1600,211.52372650634885,1233.0,40.55150040551501,6511.7125,0.13023425,0.12619597868217053,8028941.512499999
Clone1,mobilenet_v2_fp16_slow_BS4,mobilenet_v2,fp16,4,slow,50000.0,200,88.54980609057809,1591.0,31.426775612822123,8043.6875,0.16087375,0.1602328187250996,12797506.8125
Clone1,mobilenet_v2_fp16_slow_BS64,mobilenet_v2,fp16,64,slow,50000.0,3200,233.2529734379178,1216.0,41.11842105263158,6386.8955000000005,0.12773791,0.12005442669172933,7766464.928
Clone1,mobilenet_v2_fp16_slow_BS8,mobilenet_v2,fp16,8,slow,50000.0,400,166.695963025005,1307.0,38.255547054322875,6848.081,0.13696162,0.13587462301587303,8950441.867
Clone1,mobilenet_v2_fp32_fast_BS1,mobilenet_v2,fp32,1,fast,50000.0,50,26.859746992620263,3003.0,16.65001665001665,15392.161500000002,0.30784323,0.30753569430569433,46222660.984500006
Clone1,mobilenet_v2_fp32_fast_BS128,mobilenet_v2,fp32,128,fast,50000.0,6400,129.50399927422782,1437.0,34.79471120389701,8265.088,0.16530176,0.1465441134751773,11876931.456
Clone1,mobilenet_v2_fp32_fast_BS16,mobilenet_v2,fp32,16,fast,50000.0,800,122.10137785205826,1401.0,35.6887937187723,8004.741,0.16009482,0.15757364173228347,11214642.141
Clone1,mobilenet_v2_fp32_fast_BS32,mobilenet_v2,fp32,32,fast,50000.0,1600,205.35243276792968,894.0,55.92841163310962,6387.556500000001,0.12775113000000002,0.12378985465116281,5710475.511000001
Clone1,mobilenet_v2_fp32_fast_BS4,mobilenet_v2,fp32,4,fast,50000.0,200,158.73651462239133,985.0,50.76142131979695,6950.771000000001,0.13901542,0.1384615737051793,6846509.4350000005
Clone1,mobilenet_v2_fp32_fast_BS64,mobilenet_v2,fp32,64,fast,50000.0,3200,206.29940909909936,895.0,55.865921787709496,6416.2845,0.12832569,0.1206068515037594,5742574.6274999995
Clone1,mobilenet_v2_fp32_fast_BS8,mobilenet_v2,fp32,8,fast,50000.0,400,192.5057558419744,907.0,55.12679162072767,6470.389999999999,0.1294078,0.12838075396825396,5868643.7299999995
Clone1,mobilenet_v2_fp32_medium_BS1,mobilenet_v2,fp32,1,medium,50000.0,50,37.7430519901977,2144.0,23.32089552238806,11729.714,0.23459428,0.23435992007992007,25148506.816
Clone1,mobilenet_v2_fp32_medium_BS128,mobilenet_v2,fp32,128,medium,50000.0,6400,201.3596830348719,975.0,51.282051282051285,6838.1595,0.13676319,0.12124396276595745,6667205.5125
Clone1,mobilenet_v2_fp32_medium_BS16,mobilenet_v2,fp32,16,medium,50000.0,800,148.80802144972822,1099.0,45.49590536851683,6886.25,0.137725,0.13555610236220472,7567988.75
Clone1,mobilenet_v2_fp32_medium_BS32,mobilenet_v2,fp32,32,medium,50000.0,1600,176.59664477030475,952.0,52.52100840336134,6338.4745,0.12676949,0.1228386531007752,6034227.724
Clone1,mobilenet_v2_fp32_medium_BS4,mobilenet_v2,fp32,4,medium,50000.0,200,96.72846103727856,1206.0,41.459369817578775,7456.861499999999,0.14913722999999998,0.1485430577689243,8992974.968999999
Clone1,mobilenet_v2_fp32_medium_BS64,mobilenet_v2,fp32,64,medium,50000.0,3200,191.27399892491889,989.0,50.55611729019211,6502.232,0.13004464,0.12222240601503759,6430707.448
Clone1,mobilenet_v2_fp32_medium_BS8,mobilenet_v2,fp32,8,medium,50000.0,400,127.46223556351548,1056.0,47.34848484848485,6853.7495,0.13707499,0.13598709325396824,7237559.472
Clone1,mobilenet_v2_fp32_slow_BS1,mobilenet_v2,fp32,1,slow,50000.0,50,26.437295079850276,3036.0,16.469038208168644,15425.185,0.3085037,0.3081955044955045,46830861.66
Clone1,mobilenet_v2_fp32_slow_BS128,mobilenet_v2,fp32,128,slow,50000.0,6400,128.62314921290252,1428.0,35.0140056022409,8199.725999999999,0.16399451999999998,0.14538521276595742,11709208.727999998
Clone1,mobilenet_v2_fp32_slow_BS16,mobilenet_v2,fp32,16,slow,50000.0,800,112.84716155718766,1453.0,34.41156228492773,8232.025,0.1646405,0.16204773622047244,11961132.325
Clone1,mobilenet_v2_fp32_slow_BS32,mobilenet_v2,fp32,32,slow,50000.0,1600,121.45950223290974,1405.0,35.587188612099645,7958.639,0.15917278,0.15423718992248062,11181887.795
Clone1,mobilenet_v2_fp32_slow_BS4,mobilenet_v2,fp32,4,slow,50000.0,200,85.22944617184272,1613.0,30.998140111593305,9034.149,0.18068298,0.17996312749003984,14572082.337
Clone1,mobilenet_v2_fp32_slow_BS64,mobilenet_v2,fp32,64,slow,50000.0,3200,124.75059966290472,1426.0,35.06311360448808,8066.389499999999,0.16132779,0.1516238627819549,11502671.427
Clone1,mobilenet_v2_fp32_slow_BS8,mobilenet_v2,fp32,8,slow,50000.0,400,101.1457068714114,1504.0,33.244680851063826,8479.3305,0.16958661,0.16824068452380952,12752913.072
Clone1,mobilenet_v2_fp64_fast_BS1,mobilenet_v2,fp64,1,fast,50000.0,50,22.664262031717456,2991.0,16.716817118020728,19534.286,0.39068572,0.3902954245754246,58427049.426
Clone1,mobilenet_v2_fp64_fast_BS128,mobilenet_v2,fp64,128,fast,50000.0,6400,22.05025920816052,3274.0,15.271838729383017,20660.338,0.41320676,0.36631804964539005,67641946.612
Clone1,mobilenet_v2_fp64_fast_BS16,mobilenet_v2,fp64,16,fast,50000.0,800,11.029064884357762,5612.0,8.909479686386314,28093.124,0.5618624799999999,0.553014251968504,157658611.888
Clone1,mobilenet_v2_fp64_fast_BS32,mobilenet_v2,fp64,32,fast,50000.0,1600,11.886840447171537,5351.0,9.344047841524949,26990.0815,0.53980163,0.5230635949612403,144423926.1065
Clone1,mobilenet_v2_fp64_fast_BS4,mobilenet_v2,fp64,4,fast,50000.0,200,19.772132055865715,3290.0,15.19756838905775,20503.5675,0.41007135,0.40843759960159365,67456737.075
Clone1,mobilenet_v2_fp64_fast_BS64,mobilenet_v2,fp64,64,fast,50000.0,3200,22.05053275078939,3099.0,16.134236850596967,19465.1745,0.38930349000000003,0.36588673872180455,60322575.7755
Clone1,mobilenet_v2_fp64_fast_BS8,mobilenet_v2,fp64,8,fast,50000.0,400,10.24191275944584,5969.0,8.376612497905846,29655.2415,0.59310483,0.5883976488095238,177012136.5135
Clone1,mobilenet_v2_fp64_medium_BS1,mobilenet_v2,fp64,1,medium,50000.0,50,22.633219914696017,3001.0,16.661112962345886,19577.2365,0.39154473,0.3911535764235764,58751286.736499995
Clone1,mobilenet_v2_fp64_medium_BS128,mobilenet_v2,fp64,128,medium,50000.0,6400,21.89790712832485,3311.0,15.101177891875567,20618.224,0.41236448,0.36557134751773046,68266939.66399999
Clone1,mobilenet_v2_fp64_medium_BS16,mobilenet_v2,fp64,16,medium,50000.0,800,21.919807007117477,2982.0,16.76727028839705,18933.6145,0.37867228999999997,0.3727089468503937,56460038.438999996
Clone1,mobilenet_v2_fp64_medium_BS32,mobilenet_v2,fp64,32,medium,50000.0,1600,23.366088186334665,2963.0,16.874789065136685,18561.0255,0.37122051,0.3597097965116279,54996318.5565
Clone1,mobilenet_v2_fp64_medium_BS4,mobilenet_v2,fp64,4,medium,50000.0,200,19.750974719596663,3567.0,14.017381553125876,21783.029,0.43566057999999996,0.43392488047808764,77700064.44299999
Clone1,mobilenet_v2_fp64_medium_BS64,mobilenet_v2,fp64,64,medium,50000.0,3200,21.77062033451504,3172.0,15.762925598991172,19541.6545,0.39083309,0.36732433270676695,61986128.074
Clone1,mobilenet_v2_fp64_medium_BS8,mobilenet_v2,fp64,8,medium,50000.0,400,20.35792826394833,3180.0,15.723270440251572,19932.8775,0.39865754999999997,0.39549360119047616,63386550.449999996
Clone1,mobilenet_v2_fp64_slow_BS1,mobilenet_v2,fp64,1,slow,50000.0,50,11.488011001910856,5703.0,8.76731544800982,29467.8665,0.58935733,0.5887685614385615,168055242.6495
Clone1,mobilenet_v2_fp64_slow_BS128,mobilenet_v2,fp64,128,slow,50000.0,6400,10.742979319804922,6490.0,7.704160246533128,32488.398500000003,0.6497679700000001,0.5760354343971632,210849706.26500002
Clone1,mobilenet_v2_fp64_slow_BS16,mobilenet_v2,fp64,16,slow,50000.0,800,11.023184505271317,5628.0,8.884150675195452,28184.276,0.56368552,0.5548085826771654,158621105.328
Clone1,mobilenet_v2_fp64_slow_BS32,mobilenet_v2,fp64,32,slow,50000.0,1600,11.834898500631407,5381.0,9.29195316855603,27118.644,0.5423728800000001,0.5255551162790698,145925423.364
Clone1,mobilenet_v2_fp64_slow_BS4,mobilenet_v2,fp64,4,slow,50000.0,200,9.955611248089864,6136.0,8.148631029986962,30620.193,0.61240386,0.6099640039840637,187885504.248
Clone1,mobilenet_v2_fp64_slow_BS64,mobilenet_v2,fp64,64,slow,50000.0,3200,11.05450854021748,5840.0,8.561643835616438,29326.034,0.58652068,0.5512412406015037,171264038.56
Clone1,mobilenet_v2_fp64_slow_BS8,mobilenet_v2,fp64,8,slow,50000.0,400,10.240602736083682,5947.0,8.407600470825626,29953.729,0.59907458,0.5943200198412698,178134826.363
Clone1,resnet50_fp16_fast_BS1,resnet50,fp16,1,fast,50000.0,50,20.557697932499675,3584.0,13.950892857142858,19132.862,0.38265724,0.38227496503496505,68572177.408
Clone1,resnet50_fp16_fast_BS128,resnet50,fp16,128,fast,50000.0,6400,118.30483967548292,1481.0,33.7609723160027,9291.0745,0.18582149,0.1647353634751773,13760081.334500002
Clone1,resnet50_fp16_fast_BS16,resnet50,fp16,16,fast,50000.0,800,170.5664301743279,954.0,52.41090146750524,7174.354,0.14348708000000002,0.1412274409448819,6844333.716
Clone1,resnet50_fp16_fast_BS32,resnet50,fp16,32,fast,50000.0,1600,181.0793562509989,939.0,53.24813631522897,7002.860500000001,0.14005721000000002,0.1357143507751938,6575686.009500001
Clone1,resnet50_fp16_fast_BS4,resnet50,fp16,4,fast,50000.0,200,79.85323333539316,1643.0,30.432136335970785,9871.9705,0.19743940999999998,0.19665279880478087,16219647.531499999
Clone1,resnet50_fp16_fast_BS64,resnet50,fp16,64,fast,50000.0,3200,182.87150407680627,951.0,52.576235541535226,7158.9375,0.14317875,0.13456649436090226,6808149.5625
Clone1,resnet50_fp16_fast_BS8,resnet50,fp16,8,fast,50000.0,400,151.89126978171885,977.0,51.17707267144319,7487.519999999999,0.14975039999999998,0.14856190476190473,7315307.039999999
Clone1,resnet50_fp16_medium_BS1,resnet50,fp16,1,medium,50000.0,50,28.261935783112666,2619.0,19.091256204658265,15092.7065,0.30185413,0.3015525774225774,39527798.3235
Clone1,resnet50_fp16_medium_BS128,resnet50,fp16,128,medium,50000.0,6400,182.82463955867652,974.0,51.3347022587269,6945.8565,0.13891713,0.12315348404255319,6765264.231
Clone1,resnet50_fp16_medium_BS16,resnet50,fp16,16,medium,50000.0,800,142.27376165054187,1008.0,49.6031746031746,7057.381,0.14114762,0.1389248228346457,7113840.048
Clone1,resnet50_fp16_medium_BS32,resnet50,fp16,32,medium,50000.0,1600,155.13437364034942,990.0,50.505050505050505,6965.531499999999,0.13931063,0.13499092054263565,6895876.185
Clone1,resnet50_fp16_medium_BS4,resnet50,fp16,4,medium,50000.0,200,86.09222804000458,1304.0,38.34355828220859,8733.067500000001,0.17466135000000002,0.1739654880478088,11387920.020000001
Clone1,resnet50_fp16_medium_BS64,resnet50,fp16,64,medium,50000.0,3200,168.90120559943566,988.0,50.607287449392715,6948.7485,0.13897497,0.13061557330827067,6865363.518
Clone1,resnet50_fp16_medium_BS8,resnet50,fp16,8,medium,50000.0,400,108.2782925917064,1124.0,44.48398576512456,7748.0725,0.15496145,0.15373159722222224,8708833.49
Clone1,resnet50_fp16_slow_BS1,resnet50,fp16,1,slow,50000.0,50,19.62955865617025,3723.0,13.430029546065,19525.5455,0.39051091,0.3901207892107892,72693605.8965
Clone1,resnet50_fp16_slow_BS128,resnet50,fp16,128,slow,50000.0,6400,117.2099386809672,1477.0,33.852403520649965,8750.8285,0.17501656999999998,0.15515653368794324,12924973.6945
Clone1,resnet50_fp16_slow_BS16,resnet50,fp16,16,slow,50000.0,800,96.82869038896176,1523.0,32.829940906106366,8989.308,0.17978616000000003,0.1769548818897638,13690716.084
Clone1,resnet50_fp16_slow_BS32,resnet50,fp16,32,slow,50000.0,1600,105.87640868166524,1452.0,34.43526170798898,8564.0255,0.17128051,0.16596948643410853,12434965.026
Clone1,resnet50_fp16_slow_BS4,resnet50,fp16,4,slow,50000.0,200,65.28609499665512,1787.0,27.979854504756574,10533.6545,0.21067309,0.2098337549800797,18823640.5915
Clone1,resnet50_fp16_slow_BS64,resnet50,fp16,64,slow,50000.0,3200,109.55426458576171,1490.0,33.557046979865774,8746.312000000002,0.17492624000000004,0.16440436090225566,13032004.880000003
Clone1,resnet50_fp16_slow_BS8,resnet50,fp16,8,slow,50000.0,400,80.5735639993763,1657.0,30.175015087507543,9779.1435,0.19558287,0.194030625,16204040.7795
Clone1,resnet50_fp32_fast_BS1,resnet50,fp32,1,fast,50000.0,50,37.73515176521784,2096.0,23.85496183206107,18944.192,0.37888383999999997,0.37850533466533465,39707026.432
Clone1,resnet50_fp32_fast_BS128,resnet50,fp32,128,fast,50000.0,6400,47.100697164214985,2268.0,22.045855379188712,15204.5285,0.30409057,0.26958383865248225,34483870.638000004
Clone1,resnet50_fp32_fast_BS16,resnet50,fp32,16,fast,50000.0,800,43.51049655507918,2168.0,23.062730627306273,14922.5285,0.29845057,0.29375056102362207,32352041.788000003
Clone1,resnet50_fp32_fast_BS32,resnet50,fp32,32,fast,50000.0,1600,45.24439889069264,2121.0,23.573785950023574,14554.9415,0.29109883000000003,0.2820725096899225,30871030.9215
Clone1,resnet50_fp32_fast_BS4,resnet50,fp32,4,fast,50000.0,200,59.79915346144857,1516.0,32.98153034300792,14696.0335,0.29392067,0.292749671314741,22279186.786
Clone1,resnet50_fp32_fast_BS64,resnet50,fp32,64,fast,50000.0,3200,82.40173544008486,1298.0,38.52080123266564,11906.276000000002,0.23812552000000003,0.22380218045112785,15454346.248000002
Clone1,resnet50_fp32_fast_BS8,resnet50,fp32,8,fast,50000.0,400,69.88472161053303,1407.0,35.536602700781806,13001.0805,0.26002161,0.25795794642857145,18292520.2635
Clone1,resnet50_fp32_medium_BS1,resnet50,fp32,1,medium,50000.0,50,35.24350272750005,2220.0,22.52252252252252,18699.616,0.37399232000000004,0.37361870129870134,41513147.52
Clone1,resnet50_fp32_medium_BS128,resnet50,fp32,128,medium,50000.0,6400,80.93881697345263,1395.0,35.842293906810035,12255.066,0.24510132,0.21728840425531917,17095817.07
Clone1,resnet50_fp32_medium_BS16,resnet50,fp32,16,medium,50000.0,800,71.37332516850451,1507.0,33.178500331785,12837.662,0.25675324,0.2527098818897638,19346356.634
Clone1,resnet50_fp32_medium_BS32,resnet50,fp32,32,medium,50000.0,1600,76.64243971509148,1322.0,37.821482602118,11995.733,0.23991466,0.2324754457364341,15858359.026
Clone1,resnet50_fp32_medium_BS4,resnet50,fp32,4,medium,50000.0,200,54.811156275529896,1751.0,28.555111364934323,15295.4525,0.30590905,0.3046902888446215,26782337.3275
Clone1,resnet50_fp32_medium_BS64,resnet50,fp32,64,medium,50000.0,3200,79.3302284429997,1365.0,36.63003663003663,11948.528,0.23897056,0.2245963909774436,16309740.72
Clone1,resnet50_fp32_medium_BS8,resnet50,fp32,8,medium,50000.0,400,65.87372877360279,1549.0,32.278889606197545,13437.299,0.26874598,0.26661307539682544,20814376.151
Clone1,resnet50_fp32_slow_BS1,resnet50,fp32,1,slow,50000.0,50,23.56275660245301,3261.0,15.332720024532351,22190.7665,0.44381533,0.44337195804195806,72364089.5565
Clone1,resnet50_fp32_slow_BS128,resnet50,fp32,128,slow,50000.0,6400,46.93030920796893,2201.0,22.716946842344388,14925.6585,0.29851317,0.264639335106383,32851374.3585
Clone1,resnet50_fp32_slow_BS16,resnet50,fp32,16,slow,50000.0,800,42.39989287733066,2193.0,22.79981760145919,15089.228,0.30178456,0.2970320472440945,33090677.003999997
Clone1,resnet50_fp32_slow_BS32,resnet50,fp32,32,slow,50000.0,1600,44.58831289103223,2138.0,23.386342376052387,14594.851,0.29189702,0.2828459496124031,31203791.438
Clone1,resnet50_fp32_slow_BS4,resnet50,fp32,4,slow,50000.0,200,33.22802592807602,2593.0,19.282684149633628,18136.425,0.3627285,0.3612833665338645,47027750.025
Clone1,resnet50_fp32_slow_BS64,resnet50,fp32,64,slow,50000.0,3200,46.79369521182712,2125.0,23.529411764705884,14340.6135,0.28681227,0.2695604041353383,30473803.6875
Clone1,resnet50_fp32_slow_BS8,resnet50,fp32,8,slow,50000.0,400,39.30862553005115,2322.0,21.533161068044787,16826.7255,0.33653451,0.3338636011904762,39071656.611
Clone1,resnet50_fp64_fast_BS1,resnet50,fp64,1,fast,50000.0,50,1.0194496299669416,50585.0,0.9884353069091628,237372.0065,4.74744013,4.742697432567432,12007462948.8025
Clone1,resnet50_fp64_fast_BS128,resnet50,fp64,128,fast,50000.0,6400,1.2161173142980195,48000.0,1.0416666666666667,243712.521,4.87425042,4.321143989361702,11698201008.0
Clone1,resnet50_fp64_fast_BS16,resnet50,fp64,16,fast,50000.0,800,2.4411249031483737,21499.0,2.3256895669566027,132817.1695,2.65634339,2.614511210629921,2855436327.0804996
Clone1,resnet50_fp64_fast_BS32,resnet50,fp64,32,fast,50000.0,1600,2.3093076691656536,23024.0,2.171646977067408,161344.547,3.2268909399999997,3.12683230620155,3714796850.128
Clone1,resnet50_fp64_fast_BS4,resnet50,fp64,4,fast,50000.0,200,1.107781872709879,46443.0,1.0765885063411063,217680.507,4.353610140000001,4.336265079681275,10109735786.601
Clone1,resnet50_fp64_fast_BS64,resnet50,fp64,64,fast,50000.0,3200,1.1587760246903234,46945.0,1.0650761529449355,252613.277,5.05226554,4.748369868421053,11858930288.765
Clone1,resnet50_fp64_fast_BS8,resnet50,fp64,8,fast,50000.0,400,1.1439376448367171,45120.0,1.1081560283687943,231467.5645,4.62935129,4.592610406746032,10443816510.24
Clone1,resnet50_fp64_medium_BS1,resnet50,fp64,1,medium,50000.0,50,2.0313270553678837,26074.0,1.9176190841451255,150539.97650000002,3.0107995300000003,3.0077917382617385,3925179347.2610006
Clone1,resnet50_fp64_medium_BS128,resnet50,fp64,128,medium,50000.0,6400,2.431510375007694,23971.0,2.0858537399357555,154509.577,3.0901915399999997,2.7395315070921984,3703749070.2669997
Clone1,resnet50_fp64_medium_BS16,resnet50,fp64,16,medium,50000.0,800,2.440915654437142,21494.0,2.3262305759746904,131649.5055,2.63299011,2.5915256988188977,2829674471.217
Clone1,resnet50_fp64_medium_BS32,resnet50,fp64,32,medium,50000.0,1600,2.3065738913751086,23136.0,2.161134163208852,160992.8245,3.2198564899999997,3.1200159786821704,3724729987.6319995
Clone1,resnet50_fp64_medium_BS4,resnet50,fp64,4,medium,50000.0,200,2.2080898322243865,23799.0,2.100928610445817,138621.12900000002,2.77242258,2.761377071713148,3299044249.0710006
Clone1,resnet50_fp64_medium_BS64,resnet50,fp64,64,medium,50000.0,3200,2.3045469949755355,23968.0,2.0861148197596795,169646.247,3.39292494,3.1888392293233085,4066081248.096
Clone1,resnet50_fp64_medium_BS8,resnet50,fp64,8,medium,50000.0,400,2.280108059382425,22815.0,2.1915406530791146,139220.5,2.78441,2.762311507936508,3176315707.5
Clone1,resnet50_fp64_slow_BS1,resnet50,fp64,1,slow,50000.0,50,1.0194122458838757,50524.0,0.9896286913150186,237905.704,4.75811408,4.753360719280719,12019947788.896
Clone1,resnet50_fp64_slow_BS128,resnet50,fp64,128,slow,50000.0,6400,1.1786210744811398,49470.0,1.0107135637760258,249130.422,4.98260844,4.417206063829787,12324481976.34
Clone1,resnet50_fp64_slow_BS16,resnet50,fp64,16,slow,50000.0,800,1.224943956702314,42500.0,1.1764705882352942,207780.806,4.15561612,4.090173346456693,8830684255.0
Clone1,resnet50_fp64_slow_BS32,resnet50,fp64,32,slow,50000.0,1600,1.158914249963314,45545.0,1.0978153474585575,241619.979,4.83239958,4.68255773255814,11004581943.555
Clone1,resnet50_fp64_slow_BS4,resnet50,fp64,4,slow,50000.0,200,1.1077766274397107,46424.0,1.0770291228674824,219064.1935,4.38128387,4.363828555776892,10169836119.044
Clone1,resnet50_fp64_slow_BS64,resnet50,fp64,64,slow,50000.0,3200,1.1584995373157747,46958.0,1.0647812939222283,252630.007,5.05260014,4.748684342105263,11862999868.706001
Clone1,resnet50_fp64_slow_BS8,resnet50,fp64,8,slow,50000.0,400,1.1439271884046824,45112.0,1.1083525447774427,220089.0495,4.40178099,4.366846220238095,9928657201.044
Clone2,mobilenet_v2_fp16_fast_BS1,mobilenet_v2,fp16,1,fast,50000.0,50,34.40820452950533,2219.0,22.53267237494367,13591.961,0.27183922,0.27156765234765234,30160561.459
Clone2,mobilenet_v2_fp16_fast_BS128,mobilenet_v2,fp16,128,fast,50000.0,6400,402.33487382749536,806.0,62.03473945409429,5532.5575,0.11065115,0.09809499113475177,4459241.345
Clone2,mobilenet_v2_fp16_fast_BS16,mobilenet_v2,fp16,16,fast,50000.0,800,365.3306848437753,792.0,63.13131313131313,5500.6720000000005,0.11001344,0.10828094488188977,4356532.224
Clone2,mobilenet_v2_fp16_fast_BS32,mobilenet_v2,fp16,32,fast,50000.0,1600,227.0367984541657,1173.0,42.62574595055413,6708.0465,0.13416093,0.1300009011627907,7868538.544500001
Clone2,mobilenet_v2_fp16_fast_BS4,mobilenet_v2,fp16,4,fast,50000.0,200,86.22507399204038,1579.0,31.665611146295124,8684.830999999998,0.17369661999999997,0.17300460159362546,13713348.148999996
Clone2,mobilenet_v2_fp16_fast_BS64,mobilenet_v2,fp16,64,fast,50000.0,3200,242.55506067786447,1205.0,41.49377593360996,6923.362499999999,0.13846725,0.13013839285714285,8342651.812499999
Clone2,mobilenet_v2_fp16_fast_BS8,mobilenet_v2,fp16,8,fast,50000.0,400,263.06786781150737,824.0,60.679611650485434,5655.268,0.11310536,0.11220769841269841,4659940.832
Clone2,mobilenet_v2_fp16_medium_BS1,mobilenet_v2,fp16,1,medium,50000.0,50,32.784594960414466,2342.0,21.34927412467976,12699.3015,0.25398603,0.2537322977022977,29741764.112999998
Clone2,mobilenet_v2_fp16_medium_BS128,mobilenet_v2,fp16,128,medium,50000.0,6400,368.7037964816725,854.0,58.5480093676815,5479.0775,0.10958155,0.09714676418439717,4679132.1850000005
Clone2,mobilenet_v2_fp16_medium_BS16,mobilenet_v2,fp16,16,medium,50000.0,800,228.7002182924289,917.0,54.525627044711015,5721.299,0.11442598,0.11262399606299213,5246431.183
Clone2,mobilenet_v2_fp16_medium_BS32,mobilenet_v2,fp16,32,medium,50000.0,1600,278.43363562339954,843.0,59.31198102016607,5361.2975,0.10722594999999999,0.10390111434108526,4519573.7924999995
Clone2,mobilenet_v2_fp16_medium_BS4,mobilenet_v2,fp16,4,medium,50000.0,200,126.15499449387384,1082.0,46.21072088724584,6401.547500000001,0.12803095,0.12752086653386455,6926474.3950000005
Clone2,mobilenet_v2_fp16_medium_BS64,mobilenet_v2,fp16,64,medium,50000.0,3200,334.8573468969373,808.0,61.881188118811885,5119.977999999999,0.10239955999999999,0.0962401879699248,4136942.2239999995
Clone2,mobilenet_v2_fp16_medium_BS8,mobilenet_v2,fp16,8,medium,50000.0,400,172.78756305096414,938.0,53.304904051172706,5840.255,0.11680510000000001,0.1158780753968254,5478159.19
Clone2,mobilenet_v2_fp16_slow_BS1,mobilenet_v2,fp16,1,slow,50000.0,50,22.02625674414256,3429.0,14.581510644502771,17602.745,0.3520549,0.3517031968031968,60359812.605
Clone2,mobilenet_v2_fp16_slow_BS128,mobilenet_v2,fp16,128,slow,50000.0,6400,243.4389403833952,1227.0,40.74979625101874,6978.416499999999,0.13956833,0.12373078900709218,8562517.0455
Clone2,mobilenet_v2_fp16_slow_BS16,mobilenet_v2,fp16,16,slow,50000.0,800,194.40413835372107,1258.0,39.7456279809221,7129.056,0.14258111999999998,0.14033574803149607,8968352.447999999
Clone2,mobilenet_v2_fp16_slow_BS32,mobilenet_v2,fp16,32,slow,50000.0,1600,211.0065888795324,1216.0,41.11842105263158,6898.752,0.13797504000000002,0.13369674418604652,8388882.432
Clone2,mobilenet_v2_fp16_slow_BS4,mobilenet_v2,fp16,4,slow,50000.0,200,85.47003955224696,1597.0,31.308703819661865,8695.904,0.17391808,0.17322517928286854,13887358.688000001
Clone2,mobilenet_v2_fp16_slow_BS64,mobilenet_v2,fp16,64,slow,50000.0,3200,233.44095590702528,1227.0,40.74979625101874,6996.9745,0.13993949,0.1315220770676692,8585287.7115
Clone2,mobilenet_v2_fp16_slow_BS8,mobilenet_v2,fp16,8,slow,50000.0,400,166.19712890169953,1292.0,38.69969040247678,7297.829,0.14595658,0.14479819444444444,9428795.068
Clone2,mobilenet_v2_fp32_fast_BS1,mobilenet_v2,fp32,1,fast,50000.0,50,41.13036748660164,1949.0,25.65418163160595,12894.2565,0.25788512999999996,0.2576275024975025,25130905.9185
Clone2,mobilenet_v2_fp32_fast_BS128,mobilenet_v2,fp32,128,fast,50000.0,6400,129.62652975790238,1432.0,34.91620111731844,8881.089,0.17762178,0.1574661170212766,12717719.448
Clone2,mobilenet_v2_fp32_fast_BS16,mobilenet_v2,fp32,16,fast,50000.0,800,198.90561528693289,897.0,55.74136008918617,6858.398,0.13716796,0.1350078346456693,6151983.006
Clone2,mobilenet_v2_fp32_fast_BS32,mobilenet_v2,fp32,32,fast,50000.0,1600,204.48987867977948,884.0,56.56108597285068,6753.49,0.1350698,0.13088158914728681,5970085.16
Clone2,mobilenet_v2_fp32_fast_BS4,mobilenet_v2,fp32,4,fast,50000.0,200,154.2875962302007,978.0,51.124744376278116,7370.049,0.14740098,0.14681372509960158,7207907.922
Clone2,mobilenet_v2_fp32_fast_BS64,mobilenet_v2,fp32,64,fast,50000.0,3200,204.69510401467923,915.0,54.6448087431694,6964.4580000000005,0.13928916000000002,0.13091086466165414,6372479.07
Clone2,mobilenet_v2_fp32_fast_BS8,mobilenet_v2,fp32,8,fast,50000.0,400,117.64637295086082,1409.0,35.486160397445,8659.982,0.17319964,0.17182503968253968,12201914.638
Clone2,mobilenet_v2_fp32_medium_BS1,mobilenet_v2,fp32,1,medium,50000.0,50,38.28840504842893,2062.0,24.248302618816684,12171.777,0.24343554,0.24319234765234765,25098204.174
Clone2,mobilenet_v2_fp32_medium_BS128,mobilenet_v2,fp32,128,medium,50000.0,6400,200.3696587920104,976.0,51.22950819672131,7027.6535,0.14055307,0.12460378546099292,6858989.816000001
Clone2,mobilenet_v2_fp32_medium_BS16,mobilenet_v2,fp32,16,medium,50000.0,800,147.58680588045317,1105.0,45.248868778280546,7457.4535,0.14914907,0.14680026574803148,8240486.1175
Clone2,mobilenet_v2_fp32_medium_BS32,mobilenet_v2,fp32,32,medium,50000.0,1600,174.67218308601076,1021.0,48.97159647404506,7083.968,0.14167936,0.1372862015503876,7232731.328
Clone2,mobilenet_v2_fp32_medium_BS4,mobilenet_v2,fp32,4,medium,50000.0,200,95.39274109044658,1249.0,40.0320256204964,8200.0545,0.16400109000000002,0.16334769920318726,10241868.0705
Clone2,mobilenet_v2_fp32_medium_BS64,mobilenet_v2,fp32,64,medium,50000.0,3200,189.39941802796343,946.0,52.854122621564485,6818.051,0.13636102,0.12815885338345864,6449876.246
Clone2,mobilenet_v2_fp32_medium_BS8,mobilenet_v2,fp32,8,medium,50000.0,400,109.5190636239134,1236.0,40.45307443365696,8143.6885,0.16287377,0.16158112103174604,10065598.986
Clone2,mobilenet_v2_fp32_slow_BS1,mobilenet_v2,fp32,1,slow,50000.0,50,26.17782322410997,3049.0,16.39881928501148,16573.5115,0.33147023000000003,0.33113909090909094,50532636.5635
Clone2,mobilenet_v2_fp32_slow_BS128,mobilenet_v2,fp32,128,slow,50000.0,6400,128.7552960904231,1432.0,34.91620111731844,8811.11,0.17622220000000002,0.1562253546099291,12617509.520000001
Clone2,mobilenet_v2_fp32_slow_BS16,mobilenet_v2,fp32,16,slow,50000.0,800,112.8539089961794,1452.0,34.43526170798898,8801.9015,0.17603803,0.17326577755905512,12780360.978
Clone2,mobilenet_v2_fp32_slow_BS32,mobilenet_v2,fp32,32,slow,50000.0,1600,121.3921946882803,1394.0,35.86800573888092,8529.1505,0.17058301,0.16529361434108528,11889635.797
Clone2,mobilenet_v2_fp32_slow_BS4,mobilenet_v2,fp32,4,slow,50000.0,200,85.36471580596398,1589.0,31.46633102580239,9525.116,0.19050232,0.1897433466135458,15135409.324
Clone2,mobilenet_v2_fp32_slow_BS64,mobilenet_v2,fp32,64,slow,50000.0,3200,124.70466281843278,1423.0,35.137034434293746,8707.039,0.17414078000000002,0.16366614661654136,12390116.497000001
Clone2,mobilenet_v2_fp32_slow_BS8,mobilenet_v2,fp32,8,slow,50000.0,400,101.2632380328097,1501.0,33.311125916055964,9095.6745,0.18191348999999998,0.18046973214285714,13652607.424499998
Clone2,mobilenet_v2_fp64_fast_BS1,mobilenet_v2,fp64,1,fast,50000.0,50,11.49782690486685,5775.0,8.658008658008658,32004.9955,0.64009991,0.6394604495504496,184828849.01250002
Clone2,mobilenet_v2_fp64_fast_BS128,mobilenet_v2,fp64,128,fast,50000.0,6400,9.271970703152592,7697.0,6.496037417175523,41232.733,0.82465466,0.7310768262411348,317368345.901
Clone2,mobilenet_v2_fp64_fast_BS16,mobilenet_v2,fp64,16,fast,50000.0,800,21.82915837733452,3004.0,16.644474034620504,20279.744,0.40559488,0.39920755905511807,60920350.975999996
Clone2,mobilenet_v2_fp64_fast_BS32,mobilenet_v2,fp64,32,fast,50000.0,1600,23.522372188232275,2858.0,17.49475157452764,19422.424000000003,0.38844848000000004,0.37640356589147295,55509287.79200001
Clone2,mobilenet_v2_fp64_fast_BS4,mobilenet_v2,fp64,4,fast,50000.0,200,9.95723438271291,6150.0,8.130081300813009,33122.408,0.6624481600000001,0.6598089243027889,203702809.20000002
Clone2,mobilenet_v2_fp64_fast_BS64,mobilenet_v2,fp64,64,fast,50000.0,3200,21.93614636317654,3109.0,16.08234158893535,20964.3825,0.41928765,0.3940673402255639,65178265.1925
Clone2,mobilenet_v2_fp64_fast_BS8,mobilenet_v2,fp64,8,fast,50000.0,400,10.242162942584365,5969.0,8.376612497905846,32143.371,0.64286742,0.6377652976190477,191863781.49899998
Clone2,mobilenet_v2_fp64_medium_BS1,mobilenet_v2,fp64,1,medium,50000.0,50,22.465708734756756,3117.0,16.041065126724416,21499.735,0.4299947,0.42956513486513487,67014673.995000005
Clone2,mobilenet_v2_fp64_medium_BS128,mobilenet_v2,fp64,128,medium,50000.0,6400,21.57576331743258,3460.0,14.45086705202312,22801.477,0.45602953999999996,0.40428150709219857,78893110.42
Clone2,mobilenet_v2_fp64_medium_BS16,mobilenet_v2,fp64,16,medium,50000.0,800,21.70096465019156,3122.0,16.01537475976938,20783.504500000003,0.41567009000000005,0.4091241043307087,64886101.04900001
Clone2,mobilenet_v2_fp64_medium_BS32,mobilenet_v2,fp64,32,medium,50000.0,1600,23.308784902202085,2884.0,17.337031900138697,19477.518000000004,0.3895503600000001,0.3774712790697675,56173161.91200001
Clone2,mobilenet_v2_fp64_medium_BS4,mobilenet_v2,fp64,4,medium,50000.0,200,19.66370830851692,3312.0,15.096618357487923,22194.0305,0.44388061,0.4421121613545817,73506629.016
Clone2,mobilenet_v2_fp64_medium_BS64,mobilenet_v2,fp64,64,medium,50000.0,3200,21.659078515682467,3142.0,15.913430935709739,20896.689,0.41793378,0.3927949060150376,65657396.83799999
Clone2,mobilenet_v2_fp64_medium_BS8,mobilenet_v2,fp64,8,medium,50000.0,400,20.25345592510138,3185.0,15.698587127158556,21352.346,0.42704692000000005,0.42365765873015876,68007222.01
Clone2,mobilenet_v2_fp64_slow_BS1,mobilenet_v2,fp64,1,slow,50000.0,50,11.485626806699669,5721.0,8.739730816290859,31766.814,0.63533628,0.6347015784215784,181737942.894
Clone2,mobilenet_v2_fp64_slow_BS128,mobilenet_v2,fp64,128,slow,50000.0,6400,10.18695108087123,6957.0,7.187005893344833,37539.477,0.75078954,0.6655935638297872,261162141.489
Clone2,mobilenet_v2_fp64_slow_BS16,mobilenet_v2,fp64,16,slow,50000.0,800,11.024075402135916,5625.0,8.88888888888889,30515.4655,0.61030931,0.6006981397637795,171649493.4375
Clone2,mobilenet_v2_fp64_slow_BS32,mobilenet_v2,fp64,32,slow,50000.0,1600,11.822825908331613,5389.0,9.2781592132121,29434.0005,0.5886800099999999,0.5704263662790697,158619828.6945
Clone2,mobilenet_v2_fp64_slow_BS4,mobilenet_v2,fp64,4,slow,50000.0,200,9.954331423991952,6142.0,8.140670791273202,33091.63399999999,0.6618326799999998,0.6591958964143424,203248816.02799994
Clone2,mobilenet_v2_fp64_slow_BS64,mobilenet_v2,fp64,64,slow,50000.0,3200,11.057324721340567,5841.0,8.560178051703476,31533.9395,0.63067879,0.5927432236842105,184189740.6195
Clone2,mobilenet_v2_fp64_slow_BS8,mobilenet_v2,fp64,8,slow,50000.0,400,10.240489429007136,5958.0,8.392077878482713,32141.2545,0.64282509,0.6377233035714286,191497594.311
Clone2,resnet50_fp16_fast_BS1,resnet50,fp16,1,fast,50000.0,50,19.510601152818328,3940.0,12.690355329949238,22305.837,0.44611674,0.44567106893106895,87884997.78
Clone2,resnet50_fp16_fast_BS128,resnet50,fp16,128,fast,50000.0,6400,190.7385532683088,958.0,52.19206680584551,7714.138,0.15428276,0.13677549645390072,7390144.204
Clone2,resnet50_fp16_fast_BS16,resnet50,fp16,16,fast,50000.0,800,103.52074016500563,1468.0,34.059945504087196,9366.13,0.18732259999999998,0.18437263779527557,13749478.839999998
Clone2,resnet50_fp16_fast_BS32,resnet50,fp16,32,fast,50000.0,1600,109.83229544660448,1617.0,30.921459492888065,9947.4375,0.19894875,0.1927797965116279,16085006.4375
Clone2,resnet50_fp16_fast_BS4,resnet50,fp16,4,fast,50000.0,200,126.5049900716883,1062.0,47.080979284369114,8652.9885,0.17305977,0.1723702888446215,9189473.786999999
Clone2,resnet50_fp16_fast_BS64,resnet50,fp16,64,fast,50000.0,3200,111.78903953056847,1481.0,33.7609723160027,9418.71,0.1883742,0.17704342105263157,13949109.509999998
Clone2,resnet50_fp16_fast_BS8,resnet50,fp16,8,fast,50000.0,400,90.54933373857529,1590.0,31.446540880503143,10163.676,0.20327351999999999,0.2016602380952381,16160244.84
Clone2,resnet50_fp16_medium_BS1,resnet50,fp16,1,medium,50000.0,50,28.51130325248686,2597.0,19.252984212552946,16193.9605,0.32387921,0.3235556543456543,42055715.4185
Clone2,resnet50_fp16_medium_BS128,resnet50,fp16,128,medium,50000.0,6400,181.46280974294567,986.0,50.70993914807302,7489.2335,0.14978467,0.1327878280141844,7384384.231000001
Clone2,resnet50_fp16_medium_BS16,resnet50,fp16,16,medium,50000.0,800,141.24071373511472,1037.0,48.216007714561236,7766.4545,0.15532909,0.15288296259842518,8053813.3165
Clone2,resnet50_fp16_medium_BS32,resnet50,fp16,32,medium,50000.0,1600,154.212357728773,995.0,50.25125628140704,7415.7925,0.14831585,0.14371690891472869,7378713.5375
Clone2,resnet50_fp16_medium_BS4,resnet50,fp16,4,medium,50000.0,200,85.75047587560262,1326.0,37.70739064856712,9673.728,0.19347456,0.1927037450199203,12827363.328
Clone2,resnet50_fp16_medium_BS64,resnet50,fp16,64,medium,50000.0,3200,167.0038694257048,1030.0,48.54368932038835,7629.279,0.15258558,0.14340750000000002,7858157.37
Clone2,resnet50_fp16_medium_BS8,resnet50,fp16,8,medium,50000.0,400,104.32955275448202,1210.0,41.32231404958678,8694.846,0.17389691999999998,0.1725167857142857,10520763.66
Clone2,resnet50_fp16_slow_BS1,resnet50,fp16,1,slow,50000.0,50,20.621778544784394,3573.0,13.993842709207948,20307.497,0.40614994,0.4057441958041958,72558686.781
Clone2,resnet50_fp16_slow_BS128,resnet50,fp16,128,slow,50000.0,6400,117.24710764884809,1480.0,33.78378378378378,9406.751,0.18813502000000001,0.16678636524822696,13921991.48
Clone2,resnet50_fp16_slow_BS16,resnet50,fp16,16,slow,50000.0,800,96.96635207084788,1528.0,32.72251308900523,9635.514,0.19271027999999998,0.18967547244094488,14723065.391999999
Clone2,resnet50_fp16_slow_BS32,resnet50,fp16,32,slow,50000.0,1600,105.9380281585009,1483.0,33.715441672285905,9393.184,0.18786367999999998,0.1820384496124031,13930091.872
Clone2,resnet50_fp16_slow_BS4,resnet50,fp16,4,slow,50000.0,200,65.67764598170771,1795.0,27.855153203342617,11318.8045,0.22637609,0.22547419322709164,20317254.0775
Clone2,resnet50_fp16_slow_BS64,resnet50,fp16,64,slow,50000.0,3200,109.60262073512293,1486.0,33.64737550471063,9404.479,0.18808957999999998,0.17677592105263157,13975055.794
Clone2,resnet50_fp16_slow_BS8,resnet50,fp16,8,slow,50000.0,400,80.66971692005158,1659.0,30.13863773357444,10428.971,0.20857942,0.20692402777777777,17301662.889
Clone2,resnet50_fp32_fast_BS1,resnet50,fp32,1,fast,50000.0,50,23.552570401541967,3255.0,15.360983102918587,23623.206,0.47246412,0.47199212787212785,76893535.53
Clone2,resnet50_fp32_fast_BS128,resnet50,fp32,128,fast,50000.0,6400,47.10246646592525,2195.0,22.779043280182233,15897.962,0.31795924,0.2818787588652482,34896026.589999996
Clone2,resnet50_fp32_fast_BS16,resnet50,fp32,16,fast,50000.0,800,43.47655017608666,2163.0,23.11604253351826,15818.432,0.31636864000000003,0.3113864566929134,34215268.416
Clone2,resnet50_fp32_fast_BS32,resnet50,fp32,32,fast,50000.0,1600,78.67349478855921,1301.0,38.431975403535745,12809.14,0.2561828,0.2482391472868217,16664691.139999999
Clone2,resnet50_fp32_fast_BS4,resnet50,fp32,4,fast,50000.0,200,33.31062117389975,2600.0,19.23076923076923,19322.738,0.38645476,0.38491509960159365,50239118.800000004
Clone2,resnet50_fp32_fast_BS64,resnet50,fp32,64,fast,50000.0,3200,47.127018381394784,2132.0,23.452157598499063,15393.353,0.30786705999999997,0.28934874060150373,32818628.595999997
Clone2,resnet50_fp32_fast_BS8,resnet50,fp32,8,fast,50000.0,400,39.616664233478616,2305.0,21.691973969631235,16789.764499999997,0.33579528999999997,0.333130248015873,38700407.17249999
Clone2,resnet50_fp32_medium_BS1,resnet50,fp32,1,medium,50000.0,50,34.35378512213413,2255.0,22.172949002217294,19333.364,0.38666728,0.38628099900099905,43596735.82
Clone2,resnet50_fp32_medium_BS128,resnet50,fp32,128,medium,50000.0,6400,80.29956071577622,1385.0,36.101083032490976,13059.6805,0.26119361,0.23155461879432626,18087657.4925
Clone2,resnet50_fp32_medium_BS16,resnet50,fp32,16,medium,50000.0,800,70.63933844989415,1519.0,32.91639236339697,13721.518500000002,0.27443037000000003,0.2701086318897638,20842986.601500005
Clone2,resnet50_fp32_medium_BS32,resnet50,fp32,32,medium,50000.0,1600,75.87146327353378,1331.0,37.56574004507889,12774.19,0.2554838,0.24756182170542637,17002446.89
Clone2,resnet50_fp32_medium_BS4,resnet50,fp32,4,medium,50000.0,200,55.26553919270605,1581.0,31.625553447185325,15552.219,0.31104438,0.30980515936254976,24588058.239
Clone2,resnet50_fp32_medium_BS64,resnet50,fp32,64,medium,50000.0,3200,79.00471226092009,1382.0,36.1794500723589,12840.5315,0.25681063,0.24136337406015035,17745614.533
Clone2,resnet50_fp32_medium_BS8,resnet50,fp32,8,medium,50000.0,400,64.27023599958483,1681.0,29.7441998810232,14817.18,0.2963436,0.29399166666666665,24907679.580000002
Clone2,resnet50_fp32_slow_BS1,resnet50,fp32,1,slow,50000.0,50,24.073020449575463,3219.0,15.532774153463809,23443.5625,0.46887125,0.46840284715284713,75464827.6875
Clone2,resnet50_fp32_slow_BS128,resnet50,fp32,128,slow,50000.0,6400,46.95158863692256,2193.0,22.79981760145919,15897.579999999998,0.31795159999999995,0.2818719858156028,34863392.94
Clone2,resnet50_fp32_slow_BS16,resnet50,fp32,16,slow,50000.0,800,42.37218939804988,2192.0,22.81021897810219,16001.8,0.320036,0.31499606299212596,35075945.6
Clone2,resnet50_fp32_slow_BS32,resnet50,fp32,32,slow,50000.0,1600,44.58062318902165,2141.0,23.353573096683792,15617.1365,0.31234273,0.30265768410852717,33436289.2465
Clone2,resnet50_fp32_slow_BS4,resnet50,fp32,4,slow,50000.0,200,33.245460451867274,2597.0,19.252984212552946,19285.693,0.38571385999999996,0.3841771513944223,50084944.721
Clone2,resnet50_fp32_slow_BS64,resnet50,fp32,64,slow,50000.0,3200,46.80234496143184,2135.0,23.4192037470726,15388.4735,0.30776947,0.28925702067669173,32854390.9225
Clone2,resnet50_fp32_slow_BS8,resnet50,fp32,8,slow,50000.0,400,39.44261964772329,2269.0,22.036139268400177,16540.9375,0.33081875,0.32819320436507937,37531387.1875
Clone2,resnet50_fp64_fast_BS1,resnet50,fp64,1,fast,50000.0,50,2.021067385673537,25842.0,1.9348347651110596,161291.12249999997,3.2258224499999995,3.2225998501498494,4168085187.644999
Clone2,resnet50_fp64_fast_BS128,resnet50,fp64,128,fast,50000.0,6400,2.420035050720042,24018.0,2.0817720043300856,166451.122,3.32902244,2.9512610283687946,3997823048.196
Clone2,resnet50_fp64_fast_BS16,resnet50,fp64,16,fast,50000.0,800,2.4279053309052183,21621.0,2.3125664862864808,142532.607,2.85065214,2.8057599803149604,3081697495.9469995
Clone2,resnet50_fp64_fast_BS32,resnet50,fp64,32,fast,50000.0,1600,1.1594641778994377,45535.0,1.098056440101021,261319.633,5.22639266,5.0643339728682175,11899189488.655
Clone2,resnet50_fp64_fast_BS4,resnet50,fp64,4,fast,50000.0,200,2.196866836380345,23640.0,2.1150592216582065,147770.82499999998,2.9554164999999997,2.943641932270916,3493302302.9999995
Clone2,resnet50_fp64_fast_BS64,resnet50,fp64,64,fast,50000.0,3200,1.1587888442900554,46944.0,1.065098841172461,272355.156,5.44710312,5.119457819548873,12785440443.264
Clone2,resnet50_fp64_fast_BS8,resnet50,fp64,8,fast,50000.0,400,1.1441059186471323,45118.0,1.1082051509375415,237740.5025,4.75481005,4.717073462301587,10726375991.795
Clone2,resnet50_fp64_medium_BS1,resnet50,fp64,1,medium,50000.0,50,2.021459962835736,26158.0,1.9114611208808012,162477.403,3.24954806,3.246301758241758,4250083907.674
Clone2,resnet50_fp64_medium_BS128,resnet50,fp64,128,medium,50000.0,6400,2.3544603887058897,24997.0,2.0002400288034563,171468.3245,3.4293664899999996,3.040218519503546,4286193707.5264997
Clone2,resnet50_fp64_medium_BS16,resnet50,fp64,16,medium,50000.0,800,2.426781474732075,21727.0,2.3012841165370275,142557.308,2.85114616,2.8062462204724405,3097342630.916
Clone2,resnet50_fp64_medium_BS32,resnet50,fp64,32,medium,50000.0,1600,2.292833426955463,23259.0,2.1497054903478223,172810.13400000002,3.4562026800000005,3.3490336046511633,4019390906.7060003
Clone2,resnet50_fp64_medium_BS4,resnet50,fp64,4,medium,50000.0,200,2.1969639698894685,23613.0,2.1174776606106804,148175.921,2.96351842,2.9517115737051793,3498878022.573
Clone2,resnet50_fp64_medium_BS64,resnet50,fp64,64,medium,50000.0,3200,2.2916153914100312,23907.0,2.091437654243527,181440.545,3.6288109000000004,3.4105365601503763,4337699109.315001
Clone2,resnet50_fp64_medium_BS8,resnet50,fp64,8,medium,50000.0,400,2.268391707505717,22929.0,2.1806445985433296,150013.2515,3.0002650300000004,2.976453402777778,3439653843.6435003
Clone2,resnet50_fp64_slow_BS1,resnet50,fp64,1,slow,50000.0,50,1.019482258385789,50527.0,0.9895699329071586,257272.751,5.14545502,5.140314705294705,12999220289.776999
Clone2,resnet50_fp64_slow_BS128,resnet50,fp64,128,slow,50000.0,6400,1.221212151601632,47255.0,1.0580890911014706,258160.978,5.16321956,4.577322304964539,12199397015.39
Clone2,resnet50_fp64_slow_BS16,resnet50,fp64,16,slow,50000.0,800,1.22497403452312,42504.0,1.1763598720120458,224355.7275,4.48711455,4.416451328740157,9536015841.66
Clone2,resnet50_fp64_slow_BS32,resnet50,fp64,32,slow,50000.0,1600,1.1589815042524223,45548.0,1.0977430403091244,260875.127,5.21750254,5.055719515503876,11882340284.596
Clone2,resnet50_fp64_slow_BS4,resnet50,fp64,4,slow,50000.0,200,1.1077846034781336,46428.0,1.0769363315240803,236068.56100000005,4.721371220000001,4.702560976095619,10960191150.108002
Clone2,resnet50_fp64_slow_BS64,resnet50,fp64,64,slow,50000.0,3200,1.1585425529458315,46951.0,1.0649400438755299,272003.6545,5.44007309,5.112850648496241,12770843582.4295
Clone2,resnet50_fp64_slow_BS8,resnet50,fp64,8,slow,50000.0,400,1.1440279618335358,45073.0,1.1093115612450912,236309.988,4.72619976,4.688690238095238,10651200089.124
Clone3,mobilenet_v2_fp16_fast_BS1,mobilenet_v2,fp16,1,fast,50000.0,50,34.12327679008455,2229.0,22.43158366980709,12782.7985,0.25565597,0.25540056943056944,28492857.856500003
Clone3,mobilenet_v2_fp16_fast_BS128,mobilenet_v2,fp16,128,fast,50000.0,6400,403.20800432532496,803.0,62.266500622665006,5244.9255,0.10489851,0.09299513297872342,4211675.1765
Clone3,mobilenet_v2_fp16_fast_BS16,mobilenet_v2,fp16,16,fast,50000.0,800,222.07332355048575,1206.0,41.459369817578775,6547.051,0.13094102000000002,0.12887895669291338,7895743.506
Clone3,mobilenet_v2_fp16_fast_BS32,mobilenet_v2,fp16,32,fast,50000.0,1600,226.95640698798687,1201.0,41.63197335553705,6495.7985,0.12991597,0.12588756782945737,7801453.9985
Clone3,mobilenet_v2_fp16_fast_BS4,mobilenet_v2,fp16,4,fast,50000.0,200,134.82239869249736,1050.0,47.61904761904762,6493.044,0.12986087999999998,0.12934350597609562,6817696.2
Clone3,mobilenet_v2_fp16_fast_BS64,mobilenet_v2,fp16,64,fast,50000.0,3200,242.42506778547204,1219.0,41.01722723543888,6576.9945,0.13153989,0.12362771616541353,8017356.2955
Clone3,mobilenet_v2_fp16_fast_BS8,mobilenet_v2,fp16,8,fast,50000.0,400,184.39614962629952,1266.0,39.494470774091624,6796.377,0.13592754,0.13484875000000002,8604213.282
Clone3,mobilenet_v2_fp16_medium_BS1,mobilenet_v2,fp16,1,medium,50000.0,50,33.48606088081639,2290.0,21.83406113537118,11700.2975,0.23400595000000002,0.23377217782217782,26793681.275000002
Clone3,mobilenet_v2_fp16_medium_BS128,mobilenet_v2,fp16,128,medium,50000.0,6400,368.9685601672164,852.0,58.68544600938967,4999.7185,0.09999437,0.08864749113475177,4259760.162
Clone3,mobilenet_v2_fp16_medium_BS16,mobilenet_v2,fp16,16,medium,50000.0,800,230.4884470101006,920.0,54.34782608695652,5376.1465,0.10752293,0.10582965551181102,4946054.78
Clone3,mobilenet_v2_fp16_medium_BS32,mobilenet_v2,fp16,32,medium,50000.0,1600,280.4302828054849,897.0,55.74136008918617,5271.282499999999,0.10542564999999998,0.1021566375968992,4728340.4025
Clone3,mobilenet_v2_fp16_medium_BS4,mobilenet_v2,fp16,4,medium,50000.0,200,128.94092664604318,1078.0,46.3821892393321,6007.0705,0.12014140999999999,0.11966275896414343,6475621.999
Clone3,mobilenet_v2_fp16_medium_BS64,mobilenet_v2,fp16,64,medium,50000.0,3200,337.33368906553176,826.0,60.53268765133172,4949.4235,0.09898847,0.09303427631578948,4088223.8109999998
Clone3,mobilenet_v2_fp16_medium_BS8,mobilenet_v2,fp16,8,medium,50000.0,400,172.00421135449685,984.0,50.8130081300813,5692.864,0.11385727999999999,0.11295365079365079,5601778.176
Clone3,mobilenet_v2_fp16_slow_BS1,mobilenet_v2,fp16,1,slow,50000.0,50,22.161941507141204,3385.0,14.771048744460856,16235.431,0.32470862,0.32438423576423575,54956933.935
Clone3,mobilenet_v2_fp16_slow_BS128,mobilenet_v2,fp16,128,slow,50000.0,6400,243.6847401852212,1230.0,40.65040650406504,6590.906,0.13181812,0.11686003546099291,8106814.38
Clone3,mobilenet_v2_fp16_slow_BS16,mobilenet_v2,fp16,16,slow,50000.0,800,194.1431236343569,1251.0,39.96802557953637,6696.519,0.13393038000000002,0.1318212401574803,8377345.269
Clone3,mobilenet_v2_fp16_slow_BS32,mobilenet_v2,fp16,32,slow,50000.0,1600,211.42511753025275,1225.0,40.816326530612244,6558.6405,0.13117281,0.12710543604651164,8034334.612500001
Clone3,mobilenet_v2_fp16_slow_BS4,mobilenet_v2,fp16,4,slow,50000.0,200,87.6182092894694,1587.0,31.5059861373661,8162.038500000001,0.16324077,0.16259040836653388,12953155.0995
Clone3,mobilenet_v2_fp16_slow_BS64,mobilenet_v2,fp16,64,slow,50000.0,3200,233.1835812873809,1221.0,40.95004095004095,6534.9385,0.13069877,0.12283718984962406,7979159.9085
Clone3,mobilenet_v2_fp16_slow_BS8,mobilenet_v2,fp16,8,slow,50000.0,400,167.1924806342399,1303.0,38.37298541826554,6935.179,0.13870358,0.13760275793650795,9036538.237
Clone3,mobilenet_v2_fp32_fast_BS1,mobilenet_v2,fp32,1,fast,50000.0,50,26.705728869108587,3010.0,16.611295681063122,15679.338,0.31358676,0.3132734865134865,47194807.38
Clone3,mobilenet_v2_fp32_fast_BS128,mobilenet_v2,fp32,128,fast,50000.0,6400,207.05916219534492,926.0,53.99568034557235,6645.6025,0.13291205,0.11782983156028369,6153827.915
Clone3,mobilenet_v2_fp32_fast_BS16,mobilenet_v2,fp32,16,fast,50000.0,800,122.1668335045707,1411.0,35.43586109142452,8166.4815,0.16332963,0.16075750984251969,11522905.3965
Clone3,mobilenet_v2_fp32_fast_BS32,mobilenet_v2,fp32,32,fast,50000.0,1600,126.37454061513334,1398.0,35.7653791130186,8125.208500000001,0.16250417,0.15746528100775195,11359041.483000001
Clone3,mobilenet_v2_fp32_fast_BS4,mobilenet_v2,fp32,4,fast,50000.0,200,152.25278109512308,1002.0,49.9001996007984,7021.934,0.14043868,0.13987916334661354,7035977.868
Clone3,mobilenet_v2_fp32_fast_BS64,mobilenet_v2,fp32,64,fast,50000.0,3200,204.63525504234036,918.0,54.46623093681917,6575.627,0.13151254,0.12360201127819549,6036425.586
Clone3,mobilenet_v2_fp32_fast_BS8,mobilenet_v2,fp32,8,fast,50000.0,400,191.516516656091,922.0,54.229934924078094,6580.207,0.13160414,0.1305596626984127,6066950.854
Clone3,mobilenet_v2_fp32_medium_BS1,mobilenet_v2,fp32,1,medium,50000.0,50,39.4560427382519,2050.0,24.390243902439025,11450.715499999998,0.22901430999999997,0.22878552447552444,23473966.775
Clone3,mobilenet_v2_fp32_medium_BS128,mobilenet_v2,fp32,128,medium,50000.0,6400,200.52866440033756,976.0,51.22950819672131,6575.6615,0.13151323,0.11658974290780143,6417845.624
Clone3,mobilenet_v2_fp32_medium_BS16,mobilenet_v2,fp32,16,medium,50000.0,800,148.69521723830766,1091.0,45.8295142071494,6936.217,0.13872434,0.13653970472440943,7567412.7469999995
Clone3,mobilenet_v2_fp32_medium_BS32,mobilenet_v2,fp32,32,medium,50000.0,1600,175.34750032275286,950.0,52.63157894736842,6361.125,0.1272225,0.12327761627906977,6043068.75
Clone3,mobilenet_v2_fp32_medium_BS4,mobilenet_v2,fp32,4,medium,50000.0,200,96.05845373960749,1209.0,41.35649296939619,7520.1025,0.15040205,0.14980283864541832,9091803.9225
Clone3,mobilenet_v2_fp32_medium_BS64,mobilenet_v2,fp32,64,medium,50000.0,3200,190.03978249994677,1009.0,49.554013875123886,6800.0315,0.13600063,0.1278201409774436,6861231.7835
Clone3,mobilenet_v2_fp32_medium_BS8,mobilenet_v2,fp32,8,medium,50000.0,400,124.39657754293836,1070.0,46.728971962616825,6947.6495,0.13895299,0.1378501884920635,7433984.965000001
Clone3,mobilenet_v2_fp32_slow_BS1,mobilenet_v2,fp32,1,slow,50000.0,50,26.66501982178913,3022.0,16.545334215751158,15527.6245,0.31055249,0.31024224775224774,46924481.239
Clone3,mobilenet_v2_fp32_slow_BS128,mobilenet_v2,fp32,128,slow,50000.0,6400,128.7227525249808,1433.0,34.89183531053733,8317.694500000001,0.16635389000000003,0.14747685283687945,11919256.218500001
Clone3,mobilenet_v2_fp32_slow_BS16,mobilenet_v2,fp32,16,slow,50000.0,800,112.93539328399515,1443.0,34.65003465003465,8262.9945,0.16525989000000002,0.16265737204724412,11923501.0635
Clone3,mobilenet_v2_fp32_slow_BS32,mobilenet_v2,fp32,32,slow,50000.0,1600,121.51046730035428,1412.0,35.41076487252125,8139.342,0.16278684,0.15773918604651163,11492750.904
Clone3,mobilenet_v2_fp32_slow_BS4,mobilenet_v2,fp32,4,slow,50000.0,200,85.39168652546066,1612.0,31.017369727047146,9159.776000000002,0.18319552000000003,0.18246565737051795,14765558.912000002
Clone3,mobilenet_v2_fp32_slow_BS64,mobilenet_v2,fp32,64,slow,50000.0,3200,124.60978239349171,1433.0,34.89183531053733,8230.933,0.16461866000000003,0.15471678571428574,11794926.989000002
Clone3,mobilenet_v2_fp32_slow_BS8,mobilenet_v2,fp32,8,slow,50000.0,400,101.16230765123912,1499.0,33.3555703802535,8590.452000000001,0.17180904000000002,0.1704454761904762,12877087.548000002
Clone3,mobilenet_v2_fp64_fast_BS1,mobilenet_v2,fp64,1,fast,50000.0,50,22.59889274781621,3000.0,16.666666666666668,19610.902,0.39221804,0.39182621378621374,58832705.99999999
Clone3,mobilenet_v2_fp64_fast_BS128,mobilenet_v2,fp64,128,fast,50000.0,6400,21.79433379782788,3362.0,14.8720999405116,21226.758,0.42453516,0.37636095744680853,71364360.39600001
Clone3,mobilenet_v2_fp64_fast_BS16,mobilenet_v2,fp64,16,fast,50000.0,800,11.029441674233944,5616.0,8.903133903133902,28528.271500000003,0.57056543,0.5615801476377953,160214772.74400002
Clone3,mobilenet_v2_fp64_fast_BS32,mobilenet_v2,fp64,32,fast,50000.0,1600,23.59949582220883,2858.0,17.49475157452764,18195.4205,0.36390841,0.35262442829457363,52002511.789
Clone3,mobilenet_v2_fp64_fast_BS4,mobilenet_v2,fp64,4,fast,50000.0,200,19.730316801134347,3305.0,15.128593040847202,20734.8385,0.41469677000000005,0.4130445916334662,68528641.2425
Clone3,mobilenet_v2_fp64_fast_BS64,mobilenet_v2,fp64,64,fast,50000.0,3200,11.07903515728805,5836.0,8.567511994516792,29692.126,0.59384252,0.5581226691729323,173283247.336
Clone3,mobilenet_v2_fp64_fast_BS8,mobilenet_v2,fp64,8,fast,50000.0,400,10.241564803268446,5974.0,8.369601606963508,30265.295,0.6053059,0.6005018849206348,180804872.32999998
Clone3,mobilenet_v2_fp64_medium_BS1,mobilenet_v2,fp64,1,medium,50000.0,50,22.577683036246093,3002.0,16.655562958027982,19557.533,0.39115066,0.3907599000999001,58711714.066
Clone3,mobilenet_v2_fp64_medium_BS128,mobilenet_v2,fp64,128,medium,50000.0,6400,21.860381496971392,3329.0,15.019525382997898,20750.1395,0.41500279,0.36791027482269506,69077214.3955
Clone3,mobilenet_v2_fp64_medium_BS16,mobilenet_v2,fp64,16,medium,50000.0,800,21.876927734613613,3001.0,16.661112962345886,18875.983,0.37751966,0.371574468503937,56646824.983
Clone3,mobilenet_v2_fp64_medium_BS32,mobilenet_v2,fp64,32,medium,50000.0,1600,23.3175720579075,2968.0,16.846361185983827,18475.312,0.36950624000000004,0.35804868217054264,54834726.016
Clone3,mobilenet_v2_fp64_medium_BS4,mobilenet_v2,fp64,4,medium,50000.0,200,19.72197194335586,3309.0,15.11030522816561,20761.207,0.41522413999999996,0.4135698605577689,68698833.963
Clone3,mobilenet_v2_fp64_medium_BS64,mobilenet_v2,fp64,64,medium,50000.0,3200,21.74550097998168,3136.0,15.943877551020408,19485.0565,0.38970112999999995,0.3662604605263158,61105137.18399999
Clone3,mobilenet_v2_fp64_medium_BS8,mobilenet_v2,fp64,8,medium,50000.0,400,20.32697083709944,3189.0,15.678896205707119,20019.623,0.40039246,0.39721474206349205,63842577.747
Clone3,mobilenet_v2_fp64_slow_BS1,mobilenet_v2,fp64,1,slow,50000.0,50,11.499524070221042,5634.0,8.874689385871495,29488.8715,0.58977743,0.5891882417582418,166140302.03100002
Clone3,mobilenet_v2_fp64_slow_BS128,mobilenet_v2,fp64,128,slow,50000.0,6400,11.060241162325337,6222.0,8.036001285760205,31722.9935,0.63445987,0.5624644237588653,197380465.557
Clone3,mobilenet_v2_fp64_slow_BS16,mobilenet_v2,fp64,16,slow,50000.0,800,11.02410175071378,5610.0,8.9126559714795,28500.56,0.5700112,0.5610346456692914,159888141.6
Clone3,mobilenet_v2_fp64_slow_BS32,mobilenet_v2,fp64,32,slow,50000.0,1600,11.839151163985772,5371.0,9.309253397877491,27384.665,0.5476933,0.5307105620155039,147083035.715
Clone3,mobilenet_v2_fp64_slow_BS4,mobilenet_v2,fp64,4,slow,50000.0,200,9.956090810563593,6135.0,8.149959250203748,31043.78,0.6208756,0.6184019920318725,190453590.29999998
Clone3,mobilenet_v2_fp64_slow_BS64,mobilenet_v2,fp64,64,slow,50000.0,3200,11.057494937347425,5843.0,8.557247989046722,29647.7415,0.59295483,0.5572883740601504,173231753.5845
Clone3,mobilenet_v2_fp64_slow_BS8,mobilenet_v2,fp64,8,slow,50000.0,400,10.240459787675682,5972.0,8.372404554588078,30219.443,0.60438886,0.5995921230158731,180470513.596
Clone3,resnet50_fp16_fast_BS1,resnet50,fp16,1,fast,50000.0,50,31.944900423386315,2342.0,21.34927412467976,15459.049,0.30918098,0.3088721078921079,36205092.758
Clone3,resnet50_fp16_fast_BS128,resnet50,fp16,128,fast,50000.0,6400,190.7386502438301,968.0,51.65289256198347,7309.834,0.14619668,0.12960698581560284,7075919.312
Clone3,resnet50_fp16_fast_BS16,resnet50,fp16,16,fast,50000.0,800,169.8867062030357,961.0,52.02913631633715,7227.119000000001,0.14454238,0.1422661220472441,6945261.359
Clone3,resnet50_fp16_fast_BS32,resnet50,fp16,32,fast,50000.0,1600,179.87326577544707,944.0,52.96610169491525,7063.948,0.14127896,0.13689821705426358,6668366.9120000005
Clone3,resnet50_fp16_fast_BS4,resnet50,fp16,4,fast,50000.0,200,126.19348309482837,1077.0,46.425255338904364,8187.982,0.16375964,0.1631072111553785,8818456.614
Clone3,resnet50_fp16_fast_BS64,resnet50,fp16,64,fast,50000.0,3200,111.7120212908826,1479.0,33.80662609871535,8883.9095,0.17767818999999999,0.16699078007518797,13139302.1505
Clone3,resnet50_fp16_fast_BS8,resnet50,fp16,8,fast,50000.0,400,151.12483402202955,1002.0,49.9001996007984,7636.058499999999,0.15272117,0.1515090972222222,7651330.617
Clone3,resnet50_fp16_medium_BS1,resnet50,fp16,1,medium,50000.0,50,29.4904737314433,2488.0,20.09646302250804,14585.4045,0.29170809000000003,0.2914166733266733,36288486.396
Clone3,resnet50_fp16_medium_BS128,resnet50,fp16,128,medium,50000.0,6400,181.89343729396003,982.0,50.91649694501018,7027.4465,0.14054893,0.12460011524822695,6900952.463
Clone3,resnet50_fp16_medium_BS16,resnet50,fp16,16,medium,50000.0,800,134.19230700969348,1151.0,43.440486533449175,7762.029,0.15524058000000002,0.15279584645669292,8934095.379
Clone3,resnet50_fp16_medium_BS32,resnet50,fp16,32,medium,50000.0,1600,154.8939213955374,1067.0,46.860356138706656,7237.833500000001,0.14475667,0.14026809108527133,7722768.344500001
Clone3,resnet50_fp16_medium_BS4,resnet50,fp16,4,medium,50000.0,200,85.95833140661423,1304.0,38.34355828220859,8788.569,0.17577137999999998,0.17507109561752987,11460293.976
Clone3,resnet50_fp16_medium_BS64,resnet50,fp16,64,medium,50000.0,3200,168.02515974344803,1034.0,48.355899419729205,7176.997,0.14353994,0.13490595864661656,7421014.898
Clone3,resnet50_fp16_medium_BS8,resnet50,fp16,8,medium,50000.0,400,105.6712017467275,1140.0,43.85964912280702,7873.9175,0.15747835,0.15622852182539682,8976265.95
Clone3,resnet50_fp16_slow_BS1,resnet50,fp16,1,slow,50000.0,50,21.01005149470904,3538.0,14.132278123233466,19082.951,0.38165902,0.3812777422577423,67515480.638
Clone3,resnet50_fp16_slow_BS128,resnet50,fp16,128,slow,50000.0,6400,117.17818206975952,1480.0,33.78378378378378,8898.2425,0.17796485,0.15777025709219858,13169398.9
Clone3,resnet50_fp16_slow_BS16,resnet50,fp16,16,slow,50000.0,800,97.03568234945958,1527.0,32.74394237066143,9108.332,0.18216664000000002,0.17929787401574804,13908422.964
Clone3,resnet50_fp16_slow_BS32,resnet50,fp16,32,slow,50000.0,1600,105.99204275509436,1474.0,33.921302578018995,8786.434,0.17572868,0.17027972868217053,12951203.715999998
Clone3,resnet50_fp16_slow_BS4,resnet50,fp16,4,slow,50000.0,200,65.62034505193346,1788.0,27.96420581655481,10687.6305,0.21375260999999998,0.2129010059760956,19109483.334
Clone3,resnet50_fp16_slow_BS64,resnet50,fp16,64,slow,50000.0,3200,109.5902406118664,1487.0,33.62474781439139,8868.502,0.17737004,0.16670116541353383,13187462.474000001
Clone3,resnet50_fp16_slow_BS8,resnet50,fp16,8,slow,50000.0,400,80.5729961144205,1637.0,30.543677458766034,9738.0115,0.19476023,0.1932145138888889,15941124.8255
Clone3,resnet50_fp32_fast_BS1,resnet50,fp32,1,fast,50000.0,50,24.25526522881372,3202.0,15.61524047470331,22108.313,0.44216626,0.44172453546453544,70790818.226
Clone3,resnet50_fp32_fast_BS128,resnet50,fp32,128,fast,50000.0,6400,81.8362467959826,1346.0,37.147102526002975,12322.135,0.24644270000000001,0.21847757092198583,16585593.71
Clone3,resnet50_fp32_fast_BS16,resnet50,fp32,16,fast,50000.0,800,43.486968853393854,2172.0,23.02025782688766,15135.473,0.30270946,0.2979423818897638,32874247.356
Clone3,resnet50_fp32_fast_BS32,resnet50,fp32,32,fast,50000.0,1600,78.91438194563526,1302.0,38.40245775729647,12013.808,0.24027616000000002,0.23282573643410853,15641978.016
Clone3,resnet50_fp32_fast_BS4,resnet50,fp32,4,fast,50000.0,200,59.40524344135027,1523.0,32.829940906106366,14615.899,0.29231798,0.29115336653386453,22260014.176999997
Clone3,resnet50_fp32_fast_BS64,resnet50,fp32,64,fast,50000.0,3200,47.15093302712714,2135.0,23.4192037470726,14608.125,0.2921625,0.2745888157894737,31188346.875
Clone3,resnet50_fp32_fast_BS8,resnet50,fp32,8,fast,50000.0,400,69.45976548360576,1417.0,35.28581510232886,13078.009,0.26156018,0.25948430555555557,18531538.753
Clone3,resnet50_fp32_medium_BS1,resnet50,fp32,1,medium,50000.0,50,34.25197231065076,2234.0,22.381378692927484,18023.254,0.36046508,0.360104975024975,40263949.436000004
Clone3,resnet50_fp32_medium_BS128,resnet50,fp32,128,medium,50000.0,6400,80.47430078523523,1366.0,36.603221083455345,12165.9475,0.24331895,0.2157082890070922,16618684.285
Clone3,resnet50_fp32_medium_BS16,resnet50,fp32,16,medium,50000.0,800,70.87324169249335,1516.0,32.98153034300792,12908.2145,0.25816429,0.2540987106299213,19568853.182
Clone3,resnet50_fp32_medium_BS32,resnet50,fp32,32,medium,50000.0,1600,75.36166999251827,1405.0,35.587188612099645,12249.2815,0.24498562999999998,0.23738917635658913,17210240.5075
Clone3,resnet50_fp32_medium_BS4,resnet50,fp32,4,medium,50000.0,200,55.38831051040805,1586.0,31.525851197982345,14643.039,0.29286078,0.29169400398406375,23223859.854000002
Clone3,resnet50_fp32_medium_BS64,resnet50,fp32,64,medium,50000.0,3200,78.84619538592713,1387.0,36.04902667627974,12020.339,0.24040678,0.22594622180451127,16672210.193
Clone3,resnet50_fp32_medium_BS8,resnet50,fp32,8,medium,50000.0,400,64.30725822970652,1655.0,30.211480362537763,13790.6475,0.27581295,0.2736239583333333,22823521.612499997
Clone3,resnet50_fp32_slow_BS1,resnet50,fp32,1,slow,50000.0,50,23.271308568168056,3296.0,15.169902912621358,22607.1135,0.45214227,0.4516905794205794,74513046.096
Clone3,resnet50_fp32_slow_BS128,resnet50,fp32,128,slow,50000.0,6400,46.949498886938976,2203.0,22.696323195642307,15089.644,0.30179288,0.2675468794326241,33242485.732
Clone3,resnet50_fp32_slow_BS16,resnet50,fp32,16,slow,50000.0,800,42.27166663379112,2209.0,22.634676324128566,15205.176,0.30410352,0.2993144881889764,33588233.784
Clone3,resnet50_fp32_slow_BS32,resnet50,fp32,32,slow,50000.0,1600,44.56977141336786,2127.0,23.507287259050305,14672.918,0.29345836,0.28435887596899223,31209296.586
Clone3,resnet50_fp32_slow_BS4,resnet50,fp32,4,slow,50000.0,200,33.24191786780735,2593.0,19.282684149633628,18230.9995,0.36461999000000006,0.3631673207171315,47272981.7035
Clone3,resnet50_fp32_slow_BS64,resnet50,fp32,64,slow,50000.0,3200,46.79870573616058,2132.0,23.452157598499063,14658.7135,0.29317427,0.275539727443609,31252377.182
Clone3,resnet50_fp32_slow_BS8,resnet50,fp32,8,slow,50000.0,400,39.425688752988464,2303.0,21.710811984368217,15864.748,0.31729496,0.31477674603174605,36536514.644
Clone3,resnet50_fp64_fast_BS1,resnet50,fp64,1,fast,50000.0,50,1.0194463366992164,50577.0,0.9885916523320877,242271.626,4.84543252,4.840591928071928,12253372028.202
Clone3,resnet50_fp64_fast_BS128,resnet50,fp64,128,fast,50000.0,6400,2.1756614427770407,26927.0,1.8568722843242842,171604.86049999998,3.43209721,3.0426393705673753,4620804078.683499
Clone3,resnet50_fp64_fast_BS16,resnet50,fp64,16,fast,50000.0,800,2.436335534219571,21539.0,2.321370537165142,132472.0105,2.6494402100000003,2.607716742125984,2853314634.1595
Clone3,resnet50_fp64_fast_BS32,resnet50,fp64,32,fast,50000.0,1600,2.30227636706144,23099.0,2.1645958699510803,161434.317,3.2286863400000003,3.128572034883721,3728971288.3830004
Clone3,resnet50_fp64_fast_BS4,resnet50,fp64,4,fast,50000.0,200,2.2036592397092045,23551.0,2.1230520996985267,137691.5675,2.75383135,2.742859910358566,3242774106.1925
Clone3,resnet50_fp64_fast_BS64,resnet50,fp64,64,fast,50000.0,3200,2.300582951479446,23833.0,2.0979314396005537,169032.137,3.38064274,3.1772958082706766,4028542921.121
Clone3,resnet50_fp64_fast_BS8,resnet50,fp64,8,fast,50000.0,400,2.27429152521977,22878.0,2.1855057260250024,140320.321,2.80640642,2.784133353174603,3210248303.838
Clone3,resnet50_fp64_medium_BS1,resnet50,fp64,1,medium,50000.0,50,2.02768490115401,25780.0,1.939487975174554,150292.2375,3.0058447499999996,3.002841908091908,3874533882.7499995
Clone3,resnet50_fp64_medium_BS128,resnet50,fp64,128,medium,50000.0,6400,2.310120337025599,25421.0,1.9668777782148616,161507.18750000003,3.2301437500000008,2.8636026152482277,4105674213.437501
Clone3,resnet50_fp64_medium_BS16,resnet50,fp64,16,medium,50000.0,800,2.435530463060256,21545.0,2.3207240659085633,132777.919,2.65555838,2.613738562992126,2860700264.855
Clone3,resnet50_fp64_medium_BS32,resnet50,fp64,32,medium,50000.0,1600,2.299585587998936,23193.0,2.155822877592377,161349.5485,3.22699097,3.126929234496124,3742180078.3605003
Clone3,resnet50_fp64_medium_BS4,resnet50,fp64,4,medium,50000.0,200,2.2032394561820308,23560.0,2.122241086587436,138096.8785,2.7619375699999997,2.7509338346613545,3253562457.46
Clone3,resnet50_fp64_medium_BS64,resnet50,fp64,64,medium,50000.0,3200,2.2995230851462045,23876.0,2.0941531244764615,168452.2355,3.3690447100000003,3.1663954041353386,4021965574.7980003
Clone3,resnet50_fp64_medium_BS8,resnet50,fp64,8,medium,50000.0,400,2.274271495757456,23095.0,2.164970772894566,140946.0545,2.81892109,2.7965487003968255,3255149128.6775
Clone3,resnet50_fp64_slow_BS1,resnet50,fp64,1,slow,50000.0,50,1.0194931405469514,50588.0,0.9883766901241401,241932.1015,4.83864203,4.833808221778222,12238861150.682
Clone3,resnet50_fp64_slow_BS128,resnet50,fp64,128,slow,50000.0,6400,1.2202930146467192,47436.0,1.054051775023189,243379.548,4.86759096,4.315240212765958,11544952238.928001
Clone3,resnet50_fp64_slow_BS16,resnet50,fp64,16,slow,50000.0,800,1.2247584696835372,42517.0,1.1760001881600302,210468.3625,4.20936725,4.143078001968504,8948483368.4125
Clone3,resnet50_fp64_slow_BS32,resnet50,fp64,32,slow,50000.0,1600,1.1588527184866944,45548.0,1.0977430403091244,247214.659,4.94429318,4.790981763565892,11260133288.132
Clone3,resnet50_fp64_slow_BS4,resnet50,fp64,4,slow,50000.0,200,1.107781068969206,46441.0,1.0766348700501711,222560.3625,4.4512072499999995,4.433473356573705,10335925794.8625
Clone3,resnet50_fp64_slow_BS64,resnet50,fp64,64,slow,50000.0,3200,1.1585282039485345,46967.0,1.0645772563714948,256114.41300000003,5.12228826,4.814180695488722,12028925635.371002
Clone3,resnet50_fp64_slow_BS8,resnet50,fp64,8,slow,50000.0,400,1.144085653010023,45092.0,1.1088441408675596,221882.749,4.4376549800000005,4.402435496031746,10005136917.908
MasterJetson,mobilenet_v2_fp16_fast_BS1,mobilenet_v2,fp16,1,fast,50000.0,50,47.19294830441813,1654.0,30.22974607013301,12843.5325,0.25687065,0.2566140359640359,21243202.755
MasterJetson,mobilenet_v2_fp16_fast_BS16,mobilenet_v2,fp16,16,fast,50000.0,800,232.64539874047463,1216.0,41.11842105263158,7883.261,0.15766522,0.15518230314960632,9586045.376
MasterJetson,mobilenet_v2_fp16_fast_BS4,mobilenet_v2,fp16,4,fast,50000.0,200,88.71930335197622,1600.0,31.25,9955.9635,0.19911927,0.19832596613545816,15929541.6
MasterJetson,mobilenet_v2_fp16_fast_BS8,mobilenet_v2,fp16,8,fast,50000.0,400,269.1068103970533,845.0,59.171597633136095,6372.555,0.1274511,0.12643958333333333,5384808.975000001
MasterJetson,mobilenet_v2_fp16_medium_BS1,mobilenet_v2,fp16,1,medium,50000.0,50,33.729136083820016,2264.0,22.084805653710248,13856.037500000002,0.27712075,0.27684390609390613,31370068.900000006
MasterJetson,mobilenet_v2_fp16_medium_BS16,mobilenet_v2,fp16,16,medium,50000.0,800,236.8868940049605,851.0,58.75440658049354,6109.011,0.12218022,0.1202561220472441,5198768.3610000005
MasterJetson,mobilenet_v2_fp16_medium_BS4,mobilenet_v2,fp16,4,medium,50000.0,200,138.82173544661825,1063.0,47.03668861712136,7130.2665,0.14260533,0.1420371812749004,7579473.2895
MasterJetson,mobilenet_v2_fp16_medium_BS8,mobilenet_v2,fp16,8,medium,50000.0,400,175.22320795524777,978.0,51.124744376278116,6732.929,0.13465858,0.13358986111111112,6584804.562
MasterJetson,mobilenet_v2_fp16_slow_BS1,mobilenet_v2,fp16,1,slow,50000.0,50,22.366072296050127,3395.0,14.727540500736376,19701.367,0.39402733999999995,0.39363370629370625,66886140.964999996
MasterJetson,mobilenet_v2_fp16_slow_BS16,mobilenet_v2,fp16,16,slow,50000.0,800,200.941759897072,1252.0,39.936102236421725,7983.734,0.15967468,0.15716011811023622,9995634.968
MasterJetson,mobilenet_v2_fp16_slow_BS4,mobilenet_v2,fp16,4,slow,50000.0,200,88.01756878658594,1592.0,31.407035175879397,9755.3685,0.19510737,0.19433004980079682,15530546.652
MasterJetson,mobilenet_v2_fp16_slow_BS8,mobilenet_v2,fp16,8,slow,50000.0,400,170.04296749516945,1309.0,38.19709702062643,8352.0375,0.16704075000000002,0.16571502976190478,10932817.0875
MasterJetson,mobilenet_v2_fp32_fast_BS1,mobilenet_v2,fp32,1,fast,50000.0,50,26.488892657865133,3021.0,16.550810989738498,18561.55,0.371231,0.3708601398601398,56074442.55
MasterJetson,mobilenet_v2_fp32_fast_BS16,mobilenet_v2,fp32,16,fast,50000.0,800,124.85818882663216,1398.0,35.7653791130186,9721.819,0.19443638,0.19137438976377952,13591102.962
MasterJetson,mobilenet_v2_fp32_fast_BS4,mobilenet_v2,fp32,4,fast,50000.0,200,104.36049501313845,1512.0,33.06878306878307,10312.563,0.20625126,0.20542954183266932,15592595.256000001
MasterJetson,mobilenet_v2_fp32_fast_BS8,mobilenet_v2,fp32,8,fast,50000.0,400,120.53332920805232,1420.0,35.2112676056338,9842.2995,0.19684598999999997,0.19528372023809523,13976065.29
MasterJetson,mobilenet_v2_fp32_medium_BS1,mobilenet_v2,fp32,1,medium,50000.0,50,42.76408731860678,1924.0,25.987525987525988,13116.462,0.26232923999999996,0.26206717282717285,25236072.888
MasterJetson,mobilenet_v2_fp32_medium_BS16,mobilenet_v2,fp32,16,medium,50000.0,800,155.93546199982094,990.0,50.505050505050505,7729.224,0.15458448,0.15215007874015749,7651931.76
MasterJetson,mobilenet_v2_fp32_medium_BS4,mobilenet_v2,fp32,4,medium,50000.0,200,98.07648984226742,1202.0,41.597337770382694,8919.264,0.17838527999999998,0.17767458167330677,10720955.328
MasterJetson,mobilenet_v2_fp32_medium_BS8,mobilenet_v2,fp32,8,medium,50000.0,400,114.78199000411357,1188.0,42.08754208754209,8797.869499999999,0.17595739,0.17456090277777775,10451868.965999998
MasterJetson,mobilenet_v2_fp32_slow_BS1,mobilenet_v2,fp32,1,slow,50000.0,50,25.996970547923844,3060.0,16.33986928104575,18643.416,0.37286832000000003,0.3724958241758242,57048852.96
MasterJetson,mobilenet_v2_fp32_slow_BS16,mobilenet_v2,fp32,16,slow,50000.0,800,115.1253399835954,1435.0,34.84320557491289,9877.804499999998,0.19755608999999996,0.19444497047244091,14174649.457499998
MasterJetson,mobilenet_v2_fp32_slow_BS4,mobilenet_v2,fp32,4,slow,50000.0,200,86.58541669198482,1608.0,31.09452736318408,10855.4955,0.21710991000000002,0.21624493027888447,17455636.764000002
MasterJetson,mobilenet_v2_fp32_slow_BS8,mobilenet_v2,fp32,8,slow,50000.0,400,103.128381838354,1501.0,33.311125916055964,10195.134,0.20390268,0.20228440476190476,15302896.134
MasterJetson,mobilenet_v2_fp64_fast_BS1,mobilenet_v2,fp64,1,fast,50000.0,50,22.76869830943966,2976.0,16.801075268817204,22737.8055,0.45475611,0.45430180819180815,67667709.168
MasterJetson,mobilenet_v2_fp64_fast_BS16,mobilenet_v2,fp64,16,fast,50000.0,800,11.039425704848552,5593.0,8.939746111210441,34670.426,0.69340852,0.6824887007874015,193911692.618
MasterJetson,mobilenet_v2_fp64_fast_BS4,mobilenet_v2,fp64,4,fast,50000.0,200,19.789797345362786,3198.0,15.634771732332707,24150.077,0.48300154,0.4810772310756972,77231946.246
MasterJetson,mobilenet_v2_fp64_fast_BS8,mobilenet_v2,fp64,8,fast,50000.0,400,10.252265416840975,5935.0,8.424599831508003,36677.502,0.73355004,0.7277282142857143,217680974.37
MasterJetson,mobilenet_v2_fp64_medium_BS1,mobilenet_v2,fp64,1,medium,50000.0,50,22.733745027865115,3089.0,16.186468112657817,23389.435,0.4677887,0.4673213786213786,72249964.715
MasterJetson,mobilenet_v2_fp64_medium_BS16,mobilenet_v2,fp64,16,medium,50000.0,800,21.92165235583129,2981.0,16.772895001677288,22583.9375,0.45167875,0.4445656988188976,67322717.6875
MasterJetson,mobilenet_v2_fp64_medium_BS4,mobilenet_v2,fp64,4,medium,50000.0,200,19.78815362992237,3198.0,15.634771732332707,24154.5845,0.48309169,0.4811670219123506,77246361.231
MasterJetson,mobilenet_v2_fp64_medium_BS8,mobilenet_v2,fp64,8,medium,50000.0,400,20.364865809594168,3147.0,15.888147442008261,23681.14,0.4736228,0.46986388888888886,74524547.58
MasterJetson,mobilenet_v2_fp64_slow_BS1,mobilenet_v2,fp64,1,slow,50000.0,50,11.533634121250754,5509.0,9.076057360682519,34353.2185,0.6870643700000001,0.6863779920079921,189251880.7165
MasterJetson,mobilenet_v2_fp64_slow_BS16,mobilenet_v2,fp64,16,slow,50000.0,800,11.034673655316125,5607.0,8.917424647761726,35003.824,0.70007648,0.6890516535433071,196266441.168
MasterJetson,mobilenet_v2_fp64_slow_BS4,mobilenet_v2,fp64,4,slow,50000.0,200,9.97132649012548,6070.0,8.237232289950576,37342.355,0.7468471000000001,0.7438716135458168,226668094.85000002
MasterJetson,mobilenet_v2_fp64_slow_BS8,mobilenet_v2,fp64,8,slow,50000.0,400,10.25318825960279,5928.0,8.434547908232119,36846.5785,0.7369315700000001,0.7310829067460318,218426517.34800002
MasterJetson,resnet50_fp16_fast_BS1,resnet50,fp16,1,fast,50000.0,50,33.225042998234905,2265.0,22.075055187637968,17422.622000000003,0.3484524400000001,0.34810433566433574,39462238.830000006
MasterJetson,resnet50_fp16_fast_BS16,resnet50,fp16,16,fast,50000.0,800,106.74862859905312,1473.0,33.944331296673454,10553.4085,0.21106817,0.20774426181102362,15545170.7205
MasterJetson,resnet50_fp16_fast_BS4,resnet50,fp16,4,fast,50000.0,200,80.54977929581281,1652.0,30.26634382566586,11830.7365,0.23661473000000002,0.23567204183266935,19544376.698000003
MasterJetson,resnet50_fp16_fast_BS8,resnet50,fp16,8,fast,50000.0,400,172.16826459885525,964.0,51.86721991701245,8631.985,0.1726397,0.17126954365079367,8321233.540000001
MasterJetson,resnet50_fp16_medium_BS1,resnet50,fp16,1,medium,50000.0,50,29.88214369981884,2493.0,20.056157240272764,17319.453500000003,0.3463890700000001,0.346043026973027,43177397.57550001
MasterJetson,resnet50_fp16_medium_BS16,resnet50,fp16,16,medium,50000.0,800,139.27889604232203,1121.0,44.603033006244424,8933.5005,0.17867001,0.17585630905511812,10014454.0605
MasterJetson,resnet50_fp16_medium_BS4,resnet50,fp16,4,medium,50000.0,200,88.6608902582472,1267.0,39.46329913180742,10171.5075,0.20343015,0.20261967131474104,12887300.0025
MasterJetson,resnet50_fp16_medium_BS8,resnet50,fp16,8,medium,50000.0,400,110.02109875845906,1121.0,44.603033006244424,9158.6715,0.18317343,0.18171967261904762,10266870.751500001
MasterJetson,resnet50_fp16_slow_BS1,resnet50,fp16,1,slow,50000.0,50,21.41210664460505,3493.0,14.3143429716576,22230.412,0.44460824,0.4441640759240759,77650829.116
MasterJetson,resnet50_fp16_slow_BS16,resnet50,fp16,16,slow,50000.0,800,99.63246911944888,1511.0,33.090668431502316,10682.932,0.21365864,0.21029393700787402,16141910.252
MasterJetson,resnet50_fp16_slow_BS4,resnet50,fp16,4,slow,50000.0,200,66.72594982702206,1788.0,27.96420581655481,12571.3915,0.25142783,0.25042612549800797,22477648.002
MasterJetson,resnet50_fp16_slow_BS8,resnet50,fp16,8,slow,50000.0,400,82.62002595251077,1628.0,30.71253071253071,11475.121,0.22950241999999998,0.2276809722222222,18681496.987999998
MasterJetson,resnet50_fp32_fast_BS1,resnet50,fp32,1,fast,50000.0,50,23.927055864808604,3245.0,15.408320493066256,25837.093500000003,0.51674187,0.5162256443556444,83841368.40750001
MasterJetson,resnet50_fp32_fast_BS16,resnet50,fp32,16,fast,50000.0,800,43.82601855946856,2151.0,23.245002324500234,17717.19,0.3543438,0.34876358267716534,38109675.69
MasterJetson,resnet50_fp32_fast_BS4,resnet50,fp32,4,fast,50000.0,200,64.74018417228834,1460.0,34.24657534246575,16436.349,0.32872697999999995,0.32741731075697206,23997069.54
MasterJetson,resnet50_fp32_fast_BS8,resnet50,fp32,8,fast,50000.0,400,39.96899119763648,2260.0,22.123893805309734,18350.415,0.3670083,0.3640955357142857,41471937.9
MasterJetson,resnet50_fp32_medium_BS1,resnet50,fp32,1,medium,50000.0,50,36.122375816609086,2176.0,22.977941176470587,20565.491500000004,0.4113098300000001,0.41089893106893116,44750509.50400001
MasterJetson,resnet50_fp32_medium_BS16,resnet50,fp32,16,medium,50000.0,800,77.58154614802848,1436.0,34.81894150417827,14538.72,0.2907744,0.2861952755905512,20877601.919999998
MasterJetson,resnet50_fp32_medium_BS4,resnet50,fp32,4,medium,50000.0,200,58.15903202517007,1516.0,32.98153034300792,16369.6135,0.32739227,0.3260879183266932,24816334.066
MasterJetson,resnet50_fp32_medium_BS8,resnet50,fp32,8,medium,50000.0,400,70.35911121162437,1380.0,36.231884057971016,14507.5235,0.29015047,0.2878476884920635,20020382.43
MasterJetson,resnet50_fp32_slow_BS1,resnet50,fp32,1,slow,50000.0,50,24.233014780887583,3203.0,15.610365282547612,25585.4375,0.51170875,0.5111975524475525,81950156.3125
MasterJetson,resnet50_fp32_slow_BS16,resnet50,fp32,16,slow,50000.0,800,42.6517967203051,2189.0,22.841480127912288,17913.051499999998,0.35826103,0.35261912401574796,39211669.7335
MasterJetson,resnet50_fp32_slow_BS4,resnet50,fp32,4,slow,50000.0,200,33.58788619809934,2515.0,19.880715705765407,20808.049,0.41616097999999996,0.41450296812749005,52332243.235
MasterJetson,resnet50_fp32_slow_BS8,resnet50,fp32,8,slow,50000.0,400,39.771643714847926,2278.0,21.949078138718175,18478.4115,0.36956822999999994,0.3666351488095238,42093821.397
MasterJetson,resnet50_fp64_fast_BS1,resnet50,fp64,1,fast,50000.0,50,2.031559016454786,25473.0,1.9628626388725317,180381.7775,3.60763555,3.6040315184815186,4594865018.2575
MasterJetson,resnet50_fp64_fast_BS16,resnet50,fp64,16,fast,50000.0,800,1.2251164914429276,42482.0,1.17696906925286,257653.531,5.153070619999999,5.071919901574803,10945637303.942
MasterJetson,resnet50_fp64_fast_BS4,resnet50,fp64,4,fast,50000.0,200,2.2086461218359816,23428.0,2.134198395082807,165942.3755,3.31884751,3.3056250099601594,3887697973.2139997
MasterJetson,resnet50_fp64_fast_BS8,resnet50,fp64,8,fast,50000.0,400,1.1434581961424155,45112.0,1.1083525447774427,272804.7605,5.456095209999999,5.412792867063492,12306768355.675999
MasterJetson,resnet50_fp64_medium_BS1,resnet50,fp64,1,medium,50000.0,50,2.031406894520172,25485.0,1.9619383951343927,179853.484,3.5970696799999997,3.593476203796204,4583566039.74
MasterJetson,resnet50_fp64_medium_BS16,resnet50,fp64,16,medium,50000.0,800,2.441164239334485,21472.0,2.328614008941878,159621.3375,3.19242675,3.142152312992126,3427389358.7999997
MasterJetson,resnet50_fp64_medium_BS4,resnet50,fp64,4,medium,50000.0,200,2.2082339628226464,23427.0,2.1342894950271054,165505.572,3.3101114399999996,3.29692374501992,3877299035.2439995
MasterJetson,resnet50_fp64_medium_BS8,resnet50,fp64,8,medium,50000.0,400,2.2804000982164268,23013.0,2.1726850041281014,169445.41499999998,3.3889082999999998,3.362012202380952,3899447335.3949995
MasterJetson,resnet50_fp64_slow_BS1,resnet50,fp64,1,slow,50000.0,50,1.0196712477393808,50304.0,0.9939567430025446,294529.1335,5.89058267,5.884697972027972,14815993531.584
MasterJetson,resnet50_fp64_slow_BS16,resnet50,fp64,16,slow,50000.0,800,1.2250422262292973,42483.0,1.1769413647812066,258280.8895,5.16561779,5.084269478346457,10972547028.6285
MasterJetson,resnet50_fp64_slow_BS4,resnet50,fp64,4,slow,50000.0,200,1.107919259511264,46369.0,1.0783066272725312,272091.5065,5.4418301300000005,5.42014953187251,12616611064.8985
MasterJetson,resnet50_fp64_slow_BS8,resnet50,fp64,8,slow,50000.0,400,1.1441344502759578,45078.0,1.109188517680465,272085.2985,5.441705969999999,5.398517827380952,12265061085.782999
