dataset,model,batch,profile,task_energy_per_eval_image_J_fp16,task_energy_per_eval_image_J_fp32,task_throughput_img_s_fp16,task_throughput_img_s_fp32,throughput_img_s_fp16,throughput_img_s_fp32,forward_throughput_fp16_over_fp32,logged_window_energy_fp16_over_fp32,logged_window_throughput_fp16_over_fp32,fp16_forward_faster,fp16_logged_window_energy_lower,fp16_logged_window_throughput_faster
Clone1,mobilenet_v2,1,fast,0.25563093000000003,0.30784323,22.311468094600624,16.65001665001665,33.9610676082636,26.859746992620263,1.2643852385353602,0.8303932167031902,1.3400267737617135,True,True,True
Clone1,mobilenet_v2,1,medium,0.23639142,0.23459428,21.21340687314383,23.32089552238806,32.61191281454899,37.7430519901977,0.8640507615287357,1.007660630088679,0.9096308867204074,False,False,False
Clone1,mobilenet_v2,1,slow,0.31365940999999997,0.3085037,15.142337976983645,16.469038208168644,23.306329964357555,26.437295079850276,0.8815701414976054,1.0167119875709756,0.9194427619624469,False,False,False
Clone1,mobilenet_v2,4,fast,0.12821766999999998,0.13901542,47.66444232602478,50.76142131979695,133.65190785425568,158.73651462239133,0.8419733050847948,0.9223269620017691,0.9389895138226882,False,True,False
Clone1,mobilenet_v2,4,medium,0.11903503,0.14913722999999998,46.59832246039143,41.459369817578775,131.85636476811422,96.72846103727856,1.3631599567918027,0.7981577101841036,1.1239515377446412,True,True,True
Clone1,mobilenet_v2,4,slow,0.16087375,0.18068298,31.426775612822123,30.998140111593305,88.54980609057809,85.22944617184272,1.0389578962186465,0.8903647150384614,1.0138277812696417,True,True,True
Clone1,mobilenet_v2,8,fast,0.10609525,0.1294078,59.95203836930455,55.12679162072767,266.29745856562613,192.5057558419744,1.3833220591296316,0.8198520491036863,1.0875299760191846,True,True,True
Clone1,mobilenet_v2,8,medium,0.11063376,0.13707499,52.02913631633715,47.34848484848485,173.77446667688275,127.46223556351548,1.363340803718208,0.8071039071387128,1.0988553590010406,True,True,True
Clone1,mobilenet_v2,8,slow,0.13696162,0.16958661,38.255547054322875,33.244680851063826,166.695963025005,101.1457068714114,1.6480774931646776,0.8076204837162557,1.1507268553940322,True,True,True
Clone1,mobilenet_v2,16,fast,0.10206171,0.16009482,63.61323155216285,35.6887937187723,368.073864115029,122.10137785205826,3.014493944212476,0.6375078843900134,1.7824427480916032,True,True,True
Clone1,mobilenet_v2,16,medium,0.10305775000000002,0.137725,57.077625570776256,45.49590536851683,230.29481976039617,148.80802144972822,1.54759681310726,0.7482864403703033,1.2545662100456623,True,True,True
Clone1,mobilenet_v2,16,slow,0.13302586,0.1646405,39.87240829346093,34.41156228492773,194.41037276975493,112.84716155718766,1.722775921760632,0.8079777454514533,1.1586921850079748,True,True,True
Clone1,mobilenet_v2,32,fast,0.12841379,0.12775113000000002,41.42502071251035,55.92841163310962,227.1546486866966,205.35243276792968,1.1061697474186039,1.0051871165444877,0.7406793703396851,True,False,False
Clone1,mobilenet_v2,32,medium,0.10425363,0.12676949,55.432372505543235,52.52100840336134,281.8083666738417,176.59664477030475,1.5957741838208956,0.8223873898995727,1.0554323725055432,True,True,True
Clone1,mobilenet_v2,32,slow,0.13023425,0.15917278,40.55150040551501,35.587188612099645,211.52372650634885,121.45950223290974,1.7415164941210832,0.8181942289378874,1.1394971613949716,True,True,True
Clone1,mobilenet_v2,64,fast,0.10163102,0.12832569,63.13131313131313,55.865921787709496,395.33328060126735,206.29940909909936,1.9163083516703745,0.7919771949015042,1.130050505050505,True,True,True
Clone1,mobilenet_v2,64,medium,0.09690255,0.13004464,60.82725060827251,50.55611729019211,338.06882417810334,191.27399892491889,1.7674583376635842,0.745148358286816,1.2031630170316303,True,True,True
Clone1,mobilenet_v2,64,slow,0.12773791,0.16132779,41.11842105263158,35.06311360448808,233.2529734379178,124.75059966290472,1.869754326377614,0.7917911105086112,1.1726973684210527,True,True,True
Clone1,mobilenet_v2,128,fast,0.13014369,0.16530176,40.74979625101874,34.79471120389701,248.84220690533476,129.50399927422782,1.9215021026370422,0.7873097660908148,1.1711491442542787,True,True,True
Clone1,mobilenet_v2,128,medium,0.10052138000000001,0.13676319,58.75440658049354,51.282051282051285,370.986766991064,201.3596830348719,1.8424083778817615,0.7350031832395837,1.1457109283196238,True,True,True
Clone1,mobilenet_v2,128,slow,0.13081347,0.16399451999999998,40.51863857374392,35.0140056022409,243.68311610502823,128.62314921290252,1.894551001092918,0.7976697635994179,1.1572123176661262,True,True,True
Clone1,resnet50,1,fast,0.38265724,0.37888383999999997,13.950892857142858,23.85496183206107,20.557697932499675,37.73515176521784,0.5447890619443225,1.0099592529467607,0.5848214285714286,False,False,False
Clone1,resnet50,1,medium,0.30185413,0.37399232000000004,19.091256204658265,22.52252252252252,28.261935783112666,35.24350272750005,0.8019048504239689,0.807113178152963,0.847651775486827,False,True,False
Clone1,resnet50,1,slow,0.39051091,0.44381533,13.430029546065,15.332720024532351,19.62955865617025,23.56275660245301,0.8330756450680608,0.8798950455361693,0.8759065269943593,False,True,False
Clone1,resnet50,4,fast,0.19743940999999998,0.29392067,30.432136335970785,32.98153034300792,79.85323333539316,59.79915346144857,1.335357253625222,0.6717438756518893,0.9227023737066341,True,True,False
Clone1,resnet50,4,medium,0.17466135000000002,0.30590905,38.34355828220859,28.555111364934323,86.09222804000458,54.811156275529896,1.570706292113745,0.5709584270226723,1.3427914110429449,True,True,True
Clone1,resnet50,4,slow,0.21067309,0.3627285,27.979854504756574,19.282684149633628,65.28609499665512,33.22802592807602,1.964790058186744,0.5808010398962309,1.451035254616676,True,True,True
Clone1,resnet50,8,fast,0.14975039999999998,0.26002161,51.17707267144319,35.536602700781806,151.89126978171885,69.88472161053303,2.1734546018256697,0.5759152095089326,1.4401228249744114,True,True,True
Clone1,resnet50,8,medium,0.15496145,0.26874598,44.48398576512456,32.278889606197545,108.2782925917064,65.87372877360279,1.6437249660458897,0.5766093691894479,1.378113879003559,True,True,True
Clone1,resnet50,8,slow,0.19558287,0.33653451,30.175015087507543,21.533161068044787,80.5735639993763,39.30862553005115,2.049768032153106,0.5811673519009982,1.4013277006638505,True,True,True
Clone1,resnet50,16,fast,0.14348708000000002,0.29845057,52.41090146750524,23.062730627306273,170.5664301743279,43.51049655507918,3.9201214345694915,0.48077334883294076,2.2725366876310273,True,True,True
Clone1,resnet50,16,medium,0.14114762,0.25675324,49.6031746031746,33.178500331785,142.27376165054187,71.37332516850451,1.9933744338609598,0.5497403654964588,1.4950396825396826,True,True,True
Clone1,resnet50,16,slow,0.17978616000000003,0.30178456,32.829940906106366,22.79981760145919,96.82869038896176,42.39989287733066,2.2837012977627538,0.5957434005238705,1.4399212081418251,True,True,True
Clone1,resnet50,32,fast,0.14005721000000002,0.29109883000000003,53.24813631522897,23.573785950023574,181.0793562509989,45.24439889069264,4.002249133389398,0.48113285099771785,2.258785942492013,True,True,True
Clone1,resnet50,32,medium,0.13931063,0.23991466,50.505050505050505,37.821482602118,155.13437364034942,76.64243971509148,2.024131463155945,0.5806674339950714,1.3353535353535353,True,True,True
Clone1,resnet50,32,slow,0.17128051,0.29189702,34.43526170798898,23.386342376052387,105.87640868166524,44.58831289103223,2.3745327377694863,0.5867840308887018,1.4724517906336085,True,True,True
Clone1,resnet50,64,fast,0.14317875,0.23812552000000003,52.576235541535226,38.52080123266564,182.87150407680627,82.40173544008486,2.2192676295000364,0.6012742775322862,1.3648790746582544,True,True,True
Clone1,resnet50,64,medium,0.13897497,0.23897056,50.607287449392715,36.63003663003663,168.90120559943566,79.3302284429997,2.1290901200517083,0.581556866251642,1.3815789473684212,True,True,True
Clone1,resnet50,64,slow,0.17492624000000004,0.28681227,33.557046979865774,23.529411764705884,109.55426458576171,46.79369521182712,2.3412184930005666,0.6098980353943716,1.4261744966442953,True,True,True
Clone1,resnet50,128,fast,0.18582149,0.30409057,33.7609723160027,22.045855379188712,118.30483967548292,47.100697164214985,2.511742857287592,0.6110728458301091,1.5313977042538824,True,True,True
Clone1,resnet50,128,medium,0.13891713,0.24510132,51.3347022587269,35.842293906810035,182.82463955867652,80.93881697345263,2.258800491470511,0.5667743037858792,1.4322381930184804,True,True,True
Clone1,resnet50,128,slow,0.17501656999999998,0.29851317,33.852403520649965,22.716946842344388,117.2099386809672,46.93030920796893,2.4975317797621615,0.586294299846134,1.4901828029790114,True,True,True
Clone2,mobilenet_v2,1,fast,0.27183922,0.25788512999999996,22.53267237494367,25.65418163160595,34.40820452950533,41.13036748660164,0.8365644809936095,1.054109711560337,0.8783235691753042,False,False,False
Clone2,mobilenet_v2,1,medium,0.25398603,0.24343554,21.34927412467976,24.248302618816684,32.784594960414466,38.28840504842893,0.856253868996293,1.0433399741056708,0.8804440649017933,False,False,False
Clone2,mobilenet_v2,1,slow,0.3520549,0.33147023000000003,14.581510644502771,16.39881928501148,22.02625674414256,26.17782322410997,0.8414090260895418,1.0621011123683717,0.8891805191017789,False,False,False
Clone2,mobilenet_v2,4,fast,0.17369661999999997,0.14740098,31.665611146295124,51.124744376278116,86.22507399204038,154.2875962302007,0.558859403470066,1.178395286110038,0.6193793540215327,False,False,False
Clone2,mobilenet_v2,4,medium,0.12803095,0.16400109000000002,46.21072088724584,40.0320256204964,126.15499449387384,95.39274109044658,1.3224800236556788,0.7806713357819756,1.1543438077634012,True,True,True
Clone2,mobilenet_v2,4,slow,0.17391808,0.19050232,31.308703819661865,31.46633102580239,85.47003955224696,85.36471580596398,1.0012338089020572,0.9129446822484891,0.9949906073888541,True,True,False
Clone2,mobilenet_v2,8,fast,0.11310536,0.17319964,60.679611650485434,35.486160397445,263.06786781150737,117.64637295086082,2.236089912617935,0.6530346136978115,1.7099514563106795,True,True,True
Clone2,mobilenet_v2,8,medium,0.11680510000000001,0.16287377,53.304904051172706,40.45307443365696,172.78756305096414,109.5190636239134,1.5776939405208366,0.7171510796367028,1.3176972281449892,True,True,True
Clone2,mobilenet_v2,8,slow,0.14595658,0.18191348999999998,38.69969040247678,33.311125916055964,166.19712890169953,101.2632380328097,1.6412385395759417,0.8023406070654794,1.161764705882353,True,True,True
Clone2,mobilenet_v2,16,fast,0.11001344,0.13716796,63.13131313131313,55.74136008918617,365.3306848437753,198.90561528693289,1.8367037266231254,0.8020345275966778,1.1325757575757576,True,True,True
Clone2,mobilenet_v2,16,medium,0.11442598,0.14914907,54.525627044711015,45.248868778280546,228.7002182924289,147.58680588045317,1.5495979937236288,0.7671920448447985,1.2050163576881134,True,True,True
Clone2,mobilenet_v2,16,slow,0.14258111999999998,0.17603803,39.7456279809221,34.43526170798898,194.40413835372107,112.8539089961794,1.722617675213204,0.8099449874552673,1.154213036565978,True,True,True
Clone2,mobilenet_v2,32,fast,0.13416093,0.1350698,42.62574595055413,56.56108597285068,227.0367984541657,204.48987867977948,1.1102593434939316,0.993271108715642,0.7536231884057971,True,True,False
Clone2,mobilenet_v2,32,medium,0.10722594999999999,0.14167936,59.31198102016607,48.97159647404506,278.43363562339954,174.67218308601076,1.5940353564270469,0.7568212476397408,1.2111506524317912,True,True,True
Clone2,mobilenet_v2,32,slow,0.13797504000000002,0.17058301,41.11842105263158,35.86800573888092,211.0065888795324,121.3921946882803,1.7382220448470385,0.8088439757277118,1.1463815789473686,True,True,True
Clone2,mobilenet_v2,64,fast,0.13846725,0.13928916000000002,41.49377593360996,54.6448087431694,242.55506067786447,204.69510401467923,1.1849578027057754,0.9940992536676936,0.7593360995850623,True,True,False
Clone2,mobilenet_v2,64,medium,0.10239955999999999,0.13636102,61.881188118811885,52.854122621564485,334.8573468969373,189.39941802796343,1.7679956484739467,0.750944514788757,1.1707920792079207,True,True,True
Clone2,mobilenet_v2,64,slow,0.13993949,0.17414078000000002,40.74979625101874,35.137034434293746,233.44095590702528,124.70466281843278,1.8719504999336722,0.8035997656608634,1.1597392013039933,True,True,True
Clone2,mobilenet_v2,128,fast,0.11065115,0.17762178,62.03473945409429,34.91620111731844,402.33487382749536,129.62652975790238,3.1038003916244463,0.6229593577994771,1.7766749379652604,True,True,True
Clone2,mobilenet_v2,128,medium,0.10958155,0.14055307,58.5480093676815,51.22950819672131,368.7037964816725,200.3696587920104,1.8401179036013526,0.7796453681161144,1.1428571428571428,True,True,True
Clone2,mobilenet_v2,128,slow,0.13956833,0.17622220000000002,40.74979625101874,34.91620111731844,243.4389403833952,128.7552960904231,1.8907101127120343,0.7920019725097064,1.1670741646291767,True,True,True
Clone2,resnet50,1,fast,0.44611674,0.47246412,12.690355329949238,15.360983102918587,19.510601152818328,23.552570401541967,0.8283852174173306,0.9442341145397454,0.8261421319796954,False,True,False
Clone2,resnet50,1,medium,0.32387921,0.38666728,19.252984212552946,22.172949002217294,28.51130325248686,34.35378512213413,0.8299319318416836,0.8376173179173577,0.8683095879861379,False,True,False
Clone2,resnet50,1,slow,0.40614994,0.46887125,13.993842709207948,15.532774153463809,20.621778544784394,24.073020449575463,0.8566344463495883,0.8662291407289314,0.9009235936188077,False,True,False
Clone2,resnet50,4,fast,0.17305977,0.38645476,47.080979284369114,19.23076923076923,126.5049900716883,33.31062117389975,3.797737346633758,0.4478137880873818,2.448210922787194,True,True,True
Clone2,resnet50,4,medium,0.19347456,0.31104438,37.70739064856712,31.625553447185325,85.75047587560262,55.26553919270605,1.5516084187037114,0.6220159322602131,1.1923076923076923,True,True,True
Clone2,resnet50,4,slow,0.22637609,0.38571385999999996,27.855153203342617,19.252984212552946,65.67764598170771,33.245460451867274,1.9755372640061855,0.5869016218395678,1.4467966573816156,True,True,True
Clone2,resnet50,8,fast,0.20327351999999999,0.33579528999999997,31.446540880503143,21.691973969631235,90.54933373857529,39.616664233478616,2.285637508623336,0.6053495270883639,1.449685534591195,True,True,True
Clone2,resnet50,8,medium,0.17389691999999998,0.2963436,41.32231404958678,29.7441998810232,104.32955275448202,64.27023599958483,1.6232950001172544,0.5868084210355816,1.3892561983471077,True,True,True
Clone2,resnet50,8,slow,0.20857942,0.33081875,30.13863773357444,22.036139268400177,80.66971692005158,39.44261964772329,2.0452423708299,0.630494553286354,1.367691380349608,True,True,True
Clone2,resnet50,16,fast,0.18732259999999998,0.31636864000000003,34.059945504087196,23.11604253351826,103.52074016500563,43.47655017608666,2.3810707092842196,0.5921023019222131,1.4734332425068122,True,True,True
Clone2,resnet50,16,medium,0.15532909,0.27443037000000003,48.216007714561236,32.91639236339697,141.24071373511472,70.63933844989415,1.9994625775735355,0.5660054679808214,1.4648023143683704,True,True,True
Clone2,resnet50,16,slow,0.19271027999999998,0.320036,32.72251308900523,22.81021897810219,96.96635207084788,42.37218939804988,2.2884432796222374,0.6021518829131722,1.4345549738219894,True,True,True
Clone2,resnet50,32,fast,0.19894875,0.2561828,30.921459492888065,38.431975403535745,109.83229544660448,78.67349478855921,1.3960520724519334,0.7765890215892715,0.8045763760049474,True,True,False
Clone2,resnet50,32,medium,0.14831585,0.2554838,50.25125628140704,37.56574004507889,154.212357728773,75.87146327353378,2.032547562352957,0.5805293721167448,1.3376884422110553,True,True,True
Clone2,resnet50,32,slow,0.18786367999999998,0.31234273,33.715441672285905,23.353573096683792,105.9380281585009,44.58062318902165,2.3763245235340054,0.6014664724227773,1.4436952124072824,True,True,True
Clone2,resnet50,64,fast,0.1883742,0.30786705999999997,33.7609723160027,23.452157598499063,111.78903953056847,47.127018381394784,2.3720796131397424,0.6118686422639694,1.439567859554355,True,True,True
Clone2,resnet50,64,medium,0.15258558,0.25681063,48.54368932038835,36.1794500723589,167.0038694257048,79.00471226092009,2.1138469421185877,0.5941560129345114,1.3417475728155341,True,True,True
Clone2,resnet50,64,slow,0.18808957999999998,0.30776947,33.64737550471063,23.4192037470726,109.60262073512293,46.80234496143184,2.341819001279585,0.611137875371459,1.436742934051144,True,True,True
Clone2,resnet50,128,fast,0.15428276,0.31795924,52.19206680584551,22.779043280182233,190.7385532683088,47.10246646592525,4.049438757231374,0.4852281065963046,2.291231732776618,True,True,True
Clone2,resnet50,128,medium,0.14978467,0.26119361,50.70993914807302,36.101083032490976,181.46280974294567,80.29956071577622,2.2598231936192175,0.5734622297995728,1.4046653144016226,True,True,True
Clone2,resnet50,128,slow,0.18813502000000001,0.31795159999999995,33.78378378378378,22.79981760145919,117.24710764884809,46.95158863692256,2.497191491336363,0.5917096186966823,1.4817567567567567,True,True,True
Clone3,mobilenet_v2,1,fast,0.25565597,0.31358676,22.43158366980709,16.611295681063122,34.12327679008455,26.705728869108587,1.277751188044004,0.8152639161168667,1.350381336922387,True,True,True
Clone3,mobilenet_v2,1,medium,0.23400595000000002,0.22901430999999997,21.83406113537118,24.390243902439025,33.48606088081639,39.4560427382519,0.8486928378236035,1.0217961925610677,0.8951965065502183,False,False,False
Clone3,mobilenet_v2,1,slow,0.32470862,0.31055249,14.771048744460856,16.545334215751158,22.161941507141204,26.66501982178913,0.8311241339873947,1.045583695046206,0.8927621861152142,False,False,False
Clone3,mobilenet_v2,4,fast,0.12986087999999998,0.14043868,47.61904761904762,49.9001996007984,134.82239869249736,152.25278109512308,0.8855168209260117,0.92468029463108,0.9542857142857143,False,True,False
Clone3,mobilenet_v2,4,medium,0.12014140999999999,0.15040205,46.3821892393321,41.35649296939619,128.94092664604318,96.05845373960749,1.3423173247778124,0.798801678567546,1.1215213358070502,True,True,True
Clone3,mobilenet_v2,4,slow,0.16324077,0.18319552000000003,31.5059861373661,31.017369727047146,87.6182092894694,85.39168652546066,1.0260742333897444,0.8910740284478571,1.015752993068683,True,True,True
Clone3,mobilenet_v2,8,fast,0.13592754,0.13160414,39.494470774091624,54.229934924078094,184.39614962629952,191.516516656091,0.9628211333721277,1.0328515501108095,0.7282780410742495,False,False,False
Clone3,mobilenet_v2,8,medium,0.11385727999999999,0.13895299,50.8130081300813,46.728971962616825,172.00421135449685,124.39657754293836,1.3827085499609153,0.8193942426139948,1.0873983739837398,True,True,True
Clone3,mobilenet_v2,8,slow,0.13870358,0.17180904000000002,38.37298541826554,33.3555703802535,167.1924806342399,101.16230765123912,1.6527151714514294,0.8073124673765709,1.150422102839601,True,True,True
Clone3,mobilenet_v2,16,fast,0.13094102000000002,0.16332963,41.459369817578775,35.43586109142452,222.07332355048575,122.1668335045707,1.817787341948068,0.8016978915583168,1.169983416252073,True,True,True
Clone3,mobilenet_v2,16,medium,0.10752293,0.13872434,54.34782608695652,45.8295142071494,230.4884470101006,148.69521723830766,1.5500730372565132,0.7750833775817567,1.1858695652173914,True,True,True
Clone3,mobilenet_v2,16,slow,0.13393038000000002,0.16525989000000002,39.96802557953637,34.65003465003465,194.1431236343569,112.93539328399515,1.7190635990096672,0.8104227831689831,1.1534772182254198,True,True,True
Clone3,mobilenet_v2,32,fast,0.12991597,0.16250417,41.63197335553705,35.7653791130186,226.95640698798687,126.37454061513334,1.7959029238268016,0.7994623768731596,1.1640299750208158,True,True,True
Clone3,mobilenet_v2,32,medium,0.10542564999999998,0.1272225,55.74136008918617,52.63157894736842,280.4302828054849,175.34750032275286,1.5992830367659177,0.8286714221147988,1.0590858416945375,True,True,True
Clone3,mobilenet_v2,32,slow,0.13117281,0.16278684,40.816326530612244,35.41076487252125,211.42511753025275,121.51046730035428,1.739974524232912,0.8057949278946628,1.1526530612244896,True,True,True
Clone3,mobilenet_v2,64,fast,0.13153989,0.13151254,41.01722723543888,54.46623093681917,242.42506778547204,204.63525504234036,1.1846691213364613,1.000207964959083,0.7530762920426578,True,False,False
Clone3,mobilenet_v2,64,medium,0.09898847,0.13600063,60.53268765133172,49.554013875123886,337.33368906553176,190.03978249994677,1.7750688020579388,0.7278530253867206,1.221549636803874,True,True,True
Clone3,mobilenet_v2,64,slow,0.13069877,0.16461866000000003,40.95004095004095,34.89183531053733,233.1835812873809,124.60978239349171,1.8713103964104179,0.7939486933012331,1.1736281736281737,True,True,True
Clone3,mobilenet_v2,128,fast,0.10489851,0.13291205,62.266500622665006,53.99568034557235,403.20800432532496,207.05916219534492,1.9473081995035226,0.78923250374966,1.1531755915317559,True,True,True
Clone3,mobilenet_v2,128,medium,0.09999437,0.13151323,58.68544600938967,51.22950819672131,368.9685601672164,200.52866440033756,1.8399791434834656,0.7603369638172524,1.1455399061032865,True,True,True
Clone3,mobilenet_v2,128,slow,0.13181812,0.16635389000000003,40.65040650406504,34.89183531053733,243.6847401852212,128.7227525249808,1.8930976490572644,0.7923957774597274,1.165040650406504,True,True,True
Clone3,resnet50,1,fast,0.30918098,0.44216626,21.34927412467976,15.61524047470331,31.944900423386315,24.25526522881372,1.317029524189156,0.6992414572744651,1.3672075149444918,True,True,True
Clone3,resnet50,1,medium,0.29170809000000003,0.36046508,20.09646302250804,22.381378692927484,29.4904737314433,34.25197231065076,0.8609861488844291,0.8092547827379009,0.8979099678456592,False,True,False
Clone3,resnet50,1,slow,0.38165902,0.45214227,14.132278123233466,15.169902912621358,21.01005149470904,23.271308568168056,0.9028306866872066,0.8441126727655877,0.9315997738835501,False,True,False
Clone3,resnet50,4,fast,0.16375964,0.29231798,46.425255338904364,32.829940906106366,126.19348309482837,59.40524344135027,2.124281894735722,0.5602106309026904,1.414113277623027,True,True,True
Clone3,resnet50,4,medium,0.17577137999999998,0.29286078,38.34355828220859,31.525851197982345,85.95833140661423,55.38831051040805,1.551921887750336,0.6001875020615597,1.2162576687116566,True,True,True
Clone3,resnet50,4,slow,0.21375260999999998,0.36461999000000006,27.96420581655481,19.282684149633628,65.62034505193346,33.24191786780735,1.974024041359013,0.5862339308385147,1.4502237136465326,True,True,True
Clone3,resnet50,8,fast,0.15272117,0.26156018,49.9001996007984,35.28581510232886,151.12483402202955,69.45976548360576,2.1757175966523925,0.5838853987636803,1.4141716566866267,True,True,True
Clone3,resnet50,8,medium,0.15747835,0.27581295,43.85964912280702,30.211480362537763,105.6712017467275,64.30725822970652,1.6432235591395972,0.5709606818679108,1.4517543859649125,True,True,True
Clone3,resnet50,8,slow,0.19476023,0.31729496,30.543677458766034,21.710811984368217,80.5729961144205,39.425688752988464,2.0436674326536166,0.6138144457132253,1.4068417837507634,True,True,True
Clone3,resnet50,16,fast,0.14454238,0.30270946,52.02913631633715,23.02025782688766,169.8867062030357,43.486968853393854,3.90661181228264,0.4774954175531878,2.260145681581686,True,True,True
Clone3,resnet50,16,medium,0.15524058000000002,0.25816429,43.440486533449175,32.98153034300792,134.19230700969348,70.87324169249335,1.8934128566029267,0.6013247610659088,1.3171155516941788,True,True,True
Clone3,resnet50,16,slow,0.18216664000000002,0.30410352,32.74394237066143,22.634676324128566,97.03568234945958,42.27166663379112,2.295525350114566,0.5990283834925686,1.4466273739358217,True,True,True
Clone3,resnet50,32,fast,0.14127896,0.24027616000000002,52.96610169491525,38.40245775729647,179.87326577544707,78.91438194563526,2.279347076422181,0.5879857577214486,1.3792372881355932,True,True,True
Clone3,resnet50,32,medium,0.14475667,0.24498562999999998,46.860356138706656,35.587188612099645,154.8939213955374,75.36166999251827,2.055340883647017,0.5908782078361087,1.316776007497657,True,True,True
Clone3,resnet50,32,slow,0.17572868,0.29345836,33.921302578018995,23.507287259050305,105.99204275509436,44.56977141336786,2.378115018182571,0.5988198121191709,1.4430122116689281,True,True,True
Clone3,resnet50,64,fast,0.17767818999999999,0.2921625,33.80662609871535,23.4192037470726,111.7120212908826,47.15093302712714,2.369243069413108,0.6081485132417747,1.4435429344151454,True,True,True
Clone3,resnet50,64,medium,0.14353994,0.24040678,48.355899419729205,36.04902667627974,168.02515974344803,78.84619538592713,2.1310496837674684,0.597071097578862,1.3413926499032882,True,True,True
Clone3,resnet50,64,slow,0.17737004,0.29317427,33.62474781439139,23.452157598499063,109.5902406118664,46.79870573616058,2.34173656916302,0.6049986583065424,1.4337592468056488,True,True,True
Clone3,resnet50,128,fast,0.14619668,0.24644270000000001,51.65289256198347,37.147102526002975,190.7386502438301,81.8362467959826,2.3307355568167822,0.5932278781233933,1.390495867768595,True,True,True
Clone3,resnet50,128,medium,0.14054893,0.24331895,50.91649694501018,36.603221083455345,181.89343729396003,80.47430078523523,2.2602673837376464,0.5776324860846226,1.3910386965376782,True,True,True
Clone3,resnet50,128,slow,0.17796485,0.30179288,33.78378378378378,22.696323195642307,117.17818206975952,46.949498886938976,2.4958345636859964,0.5896920099639197,1.4885135135135135,True,True,True
