progress_percent,slow_cpu_MHz,slow_gpu_MHz,slow_temperature_C,slow_power_W,medium_cpu_MHz,medium_gpu_MHz,medium_temperature_C,medium_power_W,fast_cpu_MHz,fast_gpu_MHz,fast_temperature_C,fast_power_W
0.0,729.0,305.0,44.281,4.26,1190.0,305.0,38.062,4.226,729.0,407.0,38.375,4.146
1.0,729.0,305.0,43.22921,4.4676,813.68,305.0,37.87562,4.6612,729.0,407.0,38.27442,4.541
2.0,729.0,372.32000000000005,43.343959999999996,5.447380000000001,1142.0,812.04,39.351760000000006,11.309759999999999,729.0,407.0,39.027,5.5552600000000005
3.0,729.0,305.0,42.53069,4.89741,1166.9599999999994,335.60000000000076,38.35428,5.84632,729.0,407.0,38.64949,5.198670000000001
4.0,729.0,375.0400000000001,42.15476,5.64228,1190.0,345.79999999999984,38.547039999999996,5.54516,729.0,407.0,38.88696,5.407120000000001
5.0,729.0,305.0,41.7528,5.165200000000001,1190.0,305.0,38.3712,5.678,729.0,407.0,38.74655,5.164899999999998
6.0,729.0,305.0,41.80638,5.107060000000001,1190.0,305.0,38.47372,5.5066,729.0,407.0,38.81696,5.171519999999999
7.0,729.0,305.0,41.36253,4.922599999999999,1190.0,305.0,38.302839999999996,5.32974,729.0,407.0,38.67243,5.392149999999999
8.0,729.0,305.0,41.33832,5.036159999999999,1108.5199999999998,644.3600000000008,38.647,6.1158800000000015,729.0,407.44,38.66964,5.334520000000002
9.0,729.0,308.0600000000002,40.94918,5.233790000000001,811.9799999999981,636.2800000000017,38.6025,5.840220000000001,729.0,407.0,38.91256,5.468340000000001
10.0,729.0,335.5999999999991,40.9029,5.164299999999997,1190.0,305.0,38.306,5.601800000000001,729.0,407.0,38.7779,5.657399999999995
11.0,729.0,342.73999999999944,40.935500000000005,5.405809999999997,1190.0,417.1999999999974,38.422959999999996,6.060799999999999,729.0,407.0,38.67987,4.8981900000000005
12.0,729.0,402.91999999999985,40.96052,5.7740399999999985,1190.0,305.0,38.436,5.625240000000001,729.0,407.0,38.60696,4.993079999999999
13.0,729.0,305.0,40.73051,5.094510000000002,1190.0,437.6000000000015,38.61544,5.793460000000001,729.0,407.0,38.96058,5.946730000000004
14.0,729.0,305.0,40.67956,5.227579999999999,1157.24,418.12000000000023,38.39564,5.7428,729.0,407.0,38.90162,5.661199999999999
15.0,729.0,305.0,40.794799999999995,5.172,1190.0,305.0,38.312,5.665299999999999,729.0,407.95,38.7763,5.5529500000000045
16.0,729.0,379.16000000000037,40.531,5.654160000000002,1190.0,305.0,38.31324,5.54692,729.0,407.88,38.647439999999996,5.178440000000001
17.0,729.0,305.0,40.539590000000004,5.147379999999997,1171.9799999999998,778.6199999999995,38.582499999999996,6.196719999999998,729.0,407.0,38.812,5.3446
18.0,729.0,305.0,40.29972,4.963920000000001,1190.0,305.0,38.40316,5.846799999999999,729.0,407.0,38.919380000000004,5.202140000000002
19.0,729.0,305.0,40.38899,5.097539999999993,1190.0,621.2000000000003,38.420500000000004,6.059060000000001,729.0,407.0,38.80146,5.05911
20.0,729.0,305.0,40.5118,5.294600000000005,913.399999999997,773.6000000000007,38.45,6.205600000000002,729.0,407.0,38.8494,5.5931999999999995
21.0,729.0,305.0,40.69175000000001,5.388199999999997,1190.0,305.0,38.62148,5.471820000000003,729.0,407.53,38.67057,5.3518500000000016
22.0,729.0,305.0,40.35862,5.081120000000006,1120.5599999999988,586.5199999999958,38.61464,6.257439999999998,729.0,408.0,38.77852,5.027459999999999
23.0,729.0,346.8199999999996,40.3835,5.594119999999998,1190.0,305.0,38.58874,5.579860000000002,729.0,407.0,38.89175,5.0689899999999986
24.0,729.0,398.83999999999963,40.55704,5.230319999999999,1190.0,305.0,38.396119999999996,5.7956,729.0,407.0,38.85324,5.144319999999997
25.0,729.0,305.0,40.319750000000006,5.2260000000000035,1190.0,611.0,38.4525,6.234500000000001,729.0,407.0,38.851,5.116
26.0,729.0,364.15999999999815,40.511,5.429539999999987,1042.6399999999992,564.0399999999993,38.685,6.179,729.0,407.0,38.73866,5.666260000000004
27.0,729.0,305.0,40.508500000000005,5.081289999999995,1084.1999999999991,305.0,38.338499999999996,5.546260000000001,729.0,407.0,38.76023,5.394599999999998
28.0,729.0,329.48000000000104,40.334559999999996,5.135160000000009,1190.0,305.0,38.522,5.667160000000002,729.0,407.0,38.90224,5.346599999999996
29.0,729.0,363.1400000000003,40.321419999999996,5.3875800000000025,1143.6000000000006,600.7999999999961,38.35644,6.084779999999997,729.0,407.96999999999997,38.85239000000001,5.132399999999998
30.0,729.0,305.0,40.2274,5.195300000000003,1190.0,611.0000000000032,38.543000000000006,5.946600000000004,729.0,407.0,38.743700000000004,5.272000000000005
31.0,729.0,305.0,40.31425000000001,5.062170000000004,1190.0,305.0,38.5155,5.40942,729.0,407.0,38.76054,4.995430000000002
32.0,729.0,305.0,40.19072,5.0912000000000015,1163.0000000000002,450.07999999999896,38.59832,5.885519999999999,729.0,407.76,38.854879999999994,5.2484799999999945
33.0,729.0,316.33000000000226,40.301570000000005,5.354889999999996,1190.0,305.0,38.43858,5.400659999999994,729.0,407.31,38.87383,5.548579999999993
34.0,729.0,327.4399999999975,40.437,5.067439999999985,1091.7599999999961,468.2000000000065,38.518240000000006,5.681960000000012,729.0,407.38,38.8585,5.239819999999999
35.0,729.0,305.0,40.39925000000001,5.272450000000008,902.5999999999958,693.3000000000052,38.5621,6.248700000000004,729.0,407.0,38.718,5.354350000000011
36.0,729.0,305.0,40.179559999999995,5.0656,1190.0,305.0,38.56696,5.756919999999998,729.0,407.0,38.86212,5.170079999999995
37.0,729.0,326.4199999999996,40.44847,5.117009999999999,1190.0,305.0,38.54362,5.6353399999999985,729.0,407.0,38.94971,4.935800000000001
38.0,729.0,305.0,40.444520000000004,5.427179999999998,1190.0,692.6000000000117,38.56099999999999,6.176720000000011,729.0,407.0,38.78162,5.760720000000015
39.0,729.0,305.0,40.22619,5.390870000000002,830.4199999999976,702.8000000000027,38.47132,6.263380000000001,729.0,407.0,38.855239999999995,5.100180000000005
40.0,729.0,305.0,40.143,5.3284,1190.0,386.59999999999866,38.3248,5.866599999999993,729.0,407.0,38.7374,4.861599999999994
41.0,729.0,305.0,40.125,5.216459999999985,1190.0,305.0,38.41716,5.4792199999999935,729.0,407.0,39.04172,5.358660000000002
42.0,729.0,392.7200000000032,40.31634,5.464060000000017,1190.0,305.0,38.441959999999995,5.8116,729.0,407.47,38.77675000000001,5.536540000000001
43.0,729.0,305.0,40.50860999999999,5.1721900000000085,1190.0,305.0,38.66034,5.5314,729.0,407.0,39.09082,5.695189999999998
44.0,729.0,358.04,40.281,5.32692,1162.3999999999953,766.9199999999917,38.437,6.262279999999995,729.0,407.0,38.77743999999999,4.978279999999998
45.0,729.0,320.3000000000022,40.34780000000001,5.391150000000008,1190.0,305.0,38.3649,5.810000000000001,729.0,407.0,38.843,5.761699999999989
46.0,729.0,388.64000000000283,40.32041999999999,5.672840000000009,836.7199999999971,781.4400000000031,38.583000000000006,6.2026,729.0,407.21999999999997,38.93368,5.381580000000003
47.0,729.0,305.0,40.13906,5.290890000000012,1190.0,311.120000000001,38.578,5.344180000000009,729.0,407.0,38.82624,5.2096
48.0,729.0,305.0,40.22204,5.17936,895.2800000000079,402.9199999999974,38.76347999999999,5.953319999999984,729.0,407.0,38.86348,4.938559999999998
49.0,729.0,389.6600000000007,40.31279,5.677430000000001,1133.199999999999,805.8600000000073,38.679500000000004,6.3237800000000055,729.0,407.21500000000003,38.823005,5.387984999999997
50.0,729.0,356.0,40.233999999999995,5.4725,1190.0,305.0,38.375,5.858,729.0,407.5,38.9215,5.537
51.0,729.0,305.0,40.29154,5.122400000000001,1190.0,305.0,38.68076000000001,5.822019999999996,729.0,407.0,38.7945,5.5782300000000005
52.0,729.0,321.32,40.437,4.99132,1191.9199999999998,305.0,38.55575999999999,5.425000000000005,729.0,407.0,38.95348,5.375040000000006
53.0,729.0,305.0,40.218,5.118309999999994,1190.0,305.0,38.4295,5.501800000000001,729.0,407.0,38.96224,5.688619999999998
54.0,729.0,305.0,40.289500000000004,5.405799999999996,1182.8800000000008,707.08,38.54952,6.360320000000001,729.0,407.0,38.76949999999999,5.443980000000005
55.0,729.0,320.3000000000022,40.19055000000001,5.254300000000011,1190.0,305.0,38.418499999999995,5.621099999999999,729.0,407.0,38.8261,5.011150000000004
56.0,729.0,353.96,40.20312,5.61904,1117.6200000000006,305.0,38.670139999999996,6.105279999999995,729.0,407.0,39.09748000000001,5.3073599999999805
57.0,729.0,305.0,40.31653000000001,5.363609999999993,1190.0,800.1599999999997,38.44134,6.2048,729.0,407.0,38.81169,5.808049999999993
58.0,729.0,392.7200000000032,40.14284,5.359399999999995,1140.8800000000047,472.2799999999937,38.57208,6.055799999999996,729.0,407.0,38.911640000000006,5.749079999999982
59.0,729.0,359.0599999999978,40.363679999999995,5.547129999999993,1134.739999999994,323.36000000000195,38.431419999999996,6.070600000000002,729.0,407.13,39.00922,5.219469999999999
60.0,729.0,387.4,40.431,5.6342,1190.0,305.0,38.3182,5.401200000000004,729.0,407.0,38.89320000000001,5.368800000000008
61.0,729.0,305.0,40.14378,5.259600000000003,1190.0,305.0,38.305,5.4209999999999985,729.0,407.0,38.80049,5.29094000000001
62.0,729.0,305.0,40.254259999999995,5.5194800000000015,1190.0,427.39999999998827,38.52356,6.032079999999991,729.0,407.0,38.75,5.586920000000013
63.0,729.0,326.4199999999996,40.107989999999994,5.325619999999998,1190.0,305.0,38.41256,5.488200000000001,729.0,407.0,38.91646000000001,5.479220000000016
64.0,729.0,305.0,40.34116,5.44408,1190.0,305.0,38.38696,5.818,729.0,407.0,38.88612,5.443720000000005
65.0,729.0,305.0,40.1106,5.306099999999984,1119.9999999999986,587.1000000000051,38.615100000000005,5.95940000000001,729.0,407.0,38.90144999999999,5.457099999999959
66.0,729.0,305.0,40.24550000000001,5.511179999999988,1116.4000000000071,579.7200000000124,38.722080000000005,6.113360000000017,729.0,407.0,38.83122,5.51323999999998
67.0,729.0,395.7800000000057,40.40609000000001,5.743770000000033,1138.9600000000075,509.6799999999853,38.53004000000001,5.96266000000002,729.0,407.0,38.951330000000006,5.4702199999999745
68.0,729.0,305.0,40.20864,5.262960000000022,1134.5599999999977,305.0,38.594519999999996,5.784400000000004,729.0,407.0,38.83556,5.2708799999999965
69.0,729.0,383.5399999999957,40.42087999999998,5.500199999999993,1190.0,305.0,38.375,5.552200000000002,729.0,407.17,39.08153999999998,5.775259999999977
70.0,729.0,396.8000000000036,40.46250000000001,5.801800000000017,1190.0,305.0,38.3622,5.6254000000000035,729.0,407.0,38.85870000000001,4.99510000000001
71.0,729.0,305.0,40.342830000000006,5.066770000000004,1151.7200000000005,578.3600000000031,38.509499999999996,6.102640000000003,729.0,407.0,38.840210000000006,5.763540000000031
72.0,729.0,305.0,40.25843999999999,4.7638000000000025,1190.0,305.0,38.41728,5.352439999999996,729.0,407.04,38.838,5.604159999999991
73.0,729.0,397.8200000000014,40.095749999999995,5.722830000000007,1155.500000000002,351.9199999999971,38.521240000000006,6.081059999999991,729.0,407.0,39.06550000000001,5.765090000000004
74.0,729.0,305.0,40.207,5.0328,1155.4400000000032,550.9999999999861,38.51688000000001,6.130999999999993,729.0,407.0,38.78365999999999,5.504820000000019
75.0,729.0,330.5,40.15625,5.27425,1075.0,356.0,38.609,6.039,729.0,407.0,38.75725000000001,5.115500000000024
76.0,729.0,305.0,40.253479999999996,5.653039999999996,1042.6400000000142,305.0,38.593,5.696399999999997,729.0,407.0,38.82691999999998,5.328679999999981
77.0,729.0,305.0,40.28813,5.340410000000006,977.940000000013,489.91999999998865,38.46101999999999,5.7937799999999715,729.0,407.0,38.728930000000005,5.347990000000005
78.0,729.0,305.0,40.33294000000001,4.988859999999992,1109.0400000000002,708.5600000000001,38.51972,6.017239999999997,729.0,407.54,38.842759999999984,5.3995799999999745
79.0,729.0,305.0,40.236839999999994,5.514529999999991,996.3799999999965,708.0,38.57048,6.380400000000001,729.0,407.5299999999999,38.89425000000003,5.340870000000034
80.0,729.0,366.1999999999964,40.230999999999995,5.369000000000002,1190.0,305.0,38.52499999999999,5.697599999999994,729.0,407.0,38.9748,5.537000000000013
81.0,729.0,305.0,40.260389999999994,5.263600000000006,1190.0,305.0,38.55193999999998,5.334360000000023,729.0,407.0,38.88648000000001,4.7683299999999935
82.0,729.0,305.0,40.39663999999999,4.940780000000029,1107.1999999999964,488.6000000000078,38.388000000000005,5.833680000000011,729.0,407.0,38.79056,5.550499999999993
83.0,729.0,305.0,40.11757000000001,5.160980000000038,1190.0,305.0,38.364419999999996,5.496200000000005,729.0,407.0,38.797500000000014,5.2083800000000355
84.0,729.0,333.8399999999935,40.27931999999999,5.31323999999996,1190.0,305.0,38.285959999999996,5.632240000000003,729.0,407.0,38.949279999999995,5.17452000000002
85.0,729.0,310.1000000000063,40.27474999999999,4.957100000000027,1179.5000000000005,426.4999999999948,38.62440000000001,5.553299999999996,729.0,407.0,38.81824999999999,4.9626999999999795
86.0,729.0,368.23999999999893,40.28372,5.553259999999993,1190.0,305.0,38.360640000000004,5.583399999999999,729.0,407.0,38.8405,5.606579999999993
87.0,729.0,305.0,40.20849999999999,5.063180000000018,848.8600000000106,305.0,38.693059999999996,6.006739999999995,729.0,407.0,38.965210000000006,5.176
88.0,729.0,305.0,39.985519999999966,5.04931999999993,1190.0,305.0,38.573439999999984,5.528999999999992,729.0,407.0,38.921960000000006,5.466759999999965
89.0,729.0,369.2599999999966,40.218,5.549259999999987,1190.0,305.0,38.40932,5.532420000000005,729.0,407.0,38.72536,5.122660000000021
90.0,729.0,335.6000000000018,40.12460000000001,4.979200000000019,1190.0,305.0,38.618200000000016,5.224399999999967,729.0,407.0,39.04999999999999,5.404699999999985
91.0,729.0,308.0599999999936,40.185140000000004,4.996689999999954,1190.0,305.0,38.57424000000001,5.541000000000007,729.0,407.0,38.87778,5.355569999999999
92.0,729.0,305.0,40.41184000000001,4.9980400000000085,867.4399999999941,390.68000000000154,38.50092,6.047640000000005,729.0,407.0,38.83364,5.131199999999997
93.0,729.0,375.379999999995,40.102920000000005,5.451869999999955,1190.0,305.0,38.49118,5.97406,729.0,407.0,38.998870000000004,5.465820000000004
94.0,729.0,305.0,40.21364000000001,4.949459999999969,1190.0,305.0,38.58556,5.923599999999997,729.0,407.0,38.76905999999998,5.410599999999995
95.0,729.0,305.0,40.2171,5.467000000000007,1182.299999999997,305.0,38.652599999999985,5.445100000000011,729.0,407.0,38.78255,5.434999999999995
96.0,729.0,305.0,40.273239999999994,5.413800000000006,1190.0,305.0,38.35804000000001,5.463400000000004,729.0,407.0,38.89564000000001,5.4133600000000115
97.0,729.0,306.0199999999979,40.00374999999999,4.8646299999999805,1192.8200000000002,329.23999999997824,38.531,5.433859999999985,729.0,407.0,39.020969999999984,5.35922000000004
98.0,729.0,305.0,40.207789999999996,5.2015300000000035,1174.6400000000137,713.2399999999961,38.67324000000001,5.953679999999986,729.0,407.0,38.798840000000006,4.996879999999966
99.0,729.0,373.3399999999993,40.27046,5.487009999999993,1190.0,305.0,38.40788,5.68676000000001,729.0,407.0,38.714125,4.868134999999997
100.0,729.0,305.0,40.343,4.622,1190.0,305.0,38.312,4.501,729.0,407.0,38.593,4.501
