dataset,prefix,model,precision,batch,profile,samples,gpu_active_mean_percent,gpu_active_p95_percent,emc_bandwidth_mean_percent,emc_bandwidth_p95_percent,cpu_mean_across_cores_percent,cpu_p95_across_cores_percent,fan_fields,throttle_fields,forward_time_fraction_of_meta_duration
Clone1,mobilenet_v2_fp16_fast_BS1,mobilenet_v2,fp16,1,fast,2218,9.971145175834085,15.0,2.988728584310189,3.0,20.50849113315299,22.666666666666668,0,0,0.6618032288497626
Clone1,mobilenet_v2_fp16_fast_BS128,mobilenet_v2,fp16,128,fast,1214,17.562602965403624,99.0,7.720757825370676,14.0,22.489428885227895,30.833333333333332,0,0,0.1701702531369999
Clone1,mobilenet_v2_fp16_fast_BS16,mobilenet_v2,fp16,16,fast,779,16.666238767650835,99.0,10.681643132220795,12.0,22.65618314077878,26.18333333333332,0,0,0.1761452519257929
Clone1,mobilenet_v2_fp16_fast_BS32,mobilenet_v2,fp16,32,fast,1194,19.738693467336685,99.0,7.30569514237856,9.0,22.485203796761585,28.333333333333332,0,0,0.1863683183579824
Clone1,mobilenet_v2_fp16_fast_BS4,mobilenet_v2,fp16,4,fast,1039,14.964388835418672,46.0,6.816169393647738,7.0,22.534007058068653,25.666666666666668,0,0,0.3623117065620026
Clone1,mobilenet_v2_fp16_fast_BS64,mobilenet_v2,fp16,64,fast,784,14.190051020408163,99.0,11.237244897959183,14.0,21.49957482993197,25.166666666666668,0,0,0.1647484576473043
Clone1,mobilenet_v2_fp16_fast_BS8,mobilenet_v2,fp16,8,fast,826,16.433414043583536,83.75,9.353510895883778,10.0,23.626715092816784,27.166666666666668,0,0,0.2287616819205356
Clone1,mobilenet_v2_fp16_medium_BS1,mobilenet_v2,fp16,1,medium,2331,22.96053196053196,35.0,2.987129987129987,3.0,22.18053768053768,26.666666666666668,0,0,0.6547975488245316
Clone1,mobilenet_v2_fp16_medium_BS128,mobilenet_v2,fp16,128,medium,842,19.288598574821854,99.0,10.969121140142517,17.0,22.897664291369754,29.666666666666668,0,0,0.164823850497418
Clone1,mobilenet_v2_fp16_medium_BS16,mobilenet_v2,fp16,16,medium,868,28.1889400921659,99.0,9.758064516129032,11.0,21.1718509984639,24.774999999999995,0,0,0.2528763191863261
Clone1,mobilenet_v2_fp16_medium_BS32,mobilenet_v2,fp16,32,medium,892,20.109865470852018,99.0,9.737668161434977,11.0,22.185164424514202,26.241666666666656,0,0,0.2017161230859727
Clone1,mobilenet_v2_fp16_medium_BS4,mobilenet_v2,fp16,4,medium,1062,33.282485875706215,98.0,6.826741996233522,7.0,22.594161958568737,25.666666666666668,0,0,0.3586349656412912
Clone1,mobilenet_v2_fp16_medium_BS64,mobilenet_v2,fp16,64,medium,814,21.093366093366093,99.0,10.7997542997543,14.0,21.104832104832102,24.89166666666665,0,0,0.1849639836766834
Clone1,mobilenet_v2_fp16_medium_BS8,mobilenet_v2,fp16,8,medium,951,30.66982124079916,99.0,8.343848580441641,9.0,21.346827900455665,25.0,0,0,0.3051604383590325
Clone1,mobilenet_v2_fp16_slow_BS1,mobilenet_v2,fp16,1,slow,3266,16.721984078383343,28.0,1.9960195958358848,2.0,21.417891406409474,24.833333333333332,0,0,0.6534152547773321
Clone1,mobilenet_v2_fp16_slow_BS128,mobilenet_v2,fp16,128,slow,1220,18.455737704918032,99.0,7.7639344262295085,14.0,22.345628415300546,30.174999999999994,0,0,0.1730639908115916
Clone1,mobilenet_v2_fp16_slow_BS16,mobilenet_v2,fp16,16,slow,1241,20.174858984689767,99.0,6.873489121676068,8.0,22.830513027128656,28.333333333333332,0,0,0.2087691088952635
Clone1,mobilenet_v2_fp16_slow_BS32,mobilenet_v2,fp16,32,slow,1220,20.981967213114753,99.0,7.178688524590164,9.0,22.192213114754097,28.166666666666668,0,0,0.1958348494412776
Clone1,mobilenet_v2_fp16_slow_BS4,mobilenet_v2,fp16,4,slow,1574,21.949174078780178,80.0,4.710292249047014,5.0,23.546484540448965,28.0,0,0,0.3595582610396796
Clone1,mobilenet_v2_fp16_slow_BS64,mobilenet_v2,fp16,64,slow,1203,18.822111388196177,99.0,7.457190357439734,10.0,22.39761706844001,29.0,0,0,0.1810051358578467
Clone1,mobilenet_v2_fp16_slow_BS8,mobilenet_v2,fp16,8,slow,1293,22.82366589327146,99.0,6.128383604021655,7.0,24.55155968032998,29.833333333333332,0,0,0.2332384564661823
Clone1,mobilenet_v2_fp32_fast_BS1,mobilenet_v2,fp32,1,fast,2970,20.221885521885522,38.0,4.024579124579125,4.0,20.804882154882154,23.833333333333332,0,0,0.6241489154967458
Clone1,mobilenet_v2_fp32_fast_BS128,mobilenet_v2,fp32,128,fast,1422,30.454289732770746,99.0,12.936708860759493,23.0,18.774496015002345,29.0,0,0,0.2841570633515584
Clone1,mobilenet_v2_fp32_fast_BS16,mobilenet_v2,fp32,16,fast,1386,29.762626262626263,99.0,11.733766233766234,13.0,19.645141895141897,24.5,0,0,0.2978227001824266
Clone1,mobilenet_v2_fp32_fast_BS32,mobilenet_v2,fp32,32,fast,885,29.51186440677966,99.0,18.87683615819209,22.0,18.660640301318267,23.166666666666668,0,0,0.2787533181914854
Clone1,mobilenet_v2_fp32_fast_BS4,mobilenet_v2,fp32,4,fast,975,28.34974358974359,92.0,15.21025641025641,17.0,22.472820512820512,25.666666666666668,0,0,0.3248349734609084
Clone1,mobilenet_v2_fp32_fast_BS64,mobilenet_v2,fp32,64,fast,887,29.826381059751974,99.0,19.352874859075534,25.0,18.95997745208568,23.616666666666656,0,0,0.2798239198289614
Clone1,mobilenet_v2_fp32_fast_BS8,mobilenet_v2,fp32,8,fast,899,29.530589543937708,99.0,17.46718576195773,19.0,20.70337411939192,23.666666666666668,0,0,0.2915622726560469
Clone1,mobilenet_v2_fp32_medium_BS1,mobilenet_v2,fp32,1,medium,2121,37.62046204620462,61.0,5.9372937293729375,6.0,21.31188118811881,25.333333333333332,0,0,0.6219977359338719
Clone1,mobilenet_v2_fp32_medium_BS128,mobilenet_v2,fp32,128,medium,965,29.23937823834197,99.0,18.847668393782385,29.0,19.830397236614857,28.633333333333326,0,0,0.267858249538127
Clone1,mobilenet_v2_fp32_medium_BS16,mobilenet_v2,fp32,16,medium,1087,34.24747010119595,99.0,15.025758969641215,17.0,19.18690585709905,22.666666666666668,0,0,0.3117153852262057
Clone1,mobilenet_v2_fp32_medium_BS32,mobilenet_v2,fp32,32,medium,943,31.94591728525981,99.0,17.7932131495228,21.0,18.039413220219156,22.816666666666663,0,0,0.3043443712439956
Clone1,mobilenet_v2_fp32_medium_BS4,mobilenet_v2,fp32,4,medium,1194,41.54271356783919,99.0,12.642378559463987,14.0,18.947934115019542,21.833333333333332,0,0,0.4337242549972759
Clone1,mobilenet_v2_fp32_medium_BS64,mobilenet_v2,fp32,64,medium,978,28.585889570552148,99.0,17.558282208588956,23.0,19.82430129516019,25.5,0,0,0.2726509356224414
Clone1,mobilenet_v2_fp32_medium_BS8,mobilenet_v2,fp32,8,medium,1045,35.67177033492823,99.0,15.222966507177034,17.0,18.372886762360444,21.666666666666668,0,0,0.3776586897277184
Clone1,mobilenet_v2_fp32_slow_BS1,mobilenet_v2,fp32,1,slow,3003,26.824841824841826,49.0,3.997002997002997,4.0,20.893439893439893,24.166666666666668,0,0,0.6264463208212772
Clone1,mobilenet_v2_fp32_slow_BS128,mobilenet_v2,fp32,128,slow,1413,31.05237084217976,99.0,13.003538570417552,23.0,18.859164897381458,28.833333333333332,0,0,0.2859403089417348
Clone1,mobilenet_v2_fp32_slow_BS16,mobilenet_v2,fp32,16,slow,1437,31.497564370215727,99.0,11.433542101600557,13.0,19.345047552771977,24.666666666666668,0,0,0.3109407195445854
Clone1,mobilenet_v2_fp32_slow_BS32,mobilenet_v2,fp32,32,slow,1390,30.107194244604315,99.0,12.185611510791366,15.0,19.067505995203838,24.833333333333332,0,0,0.2996556408657247
Clone1,mobilenet_v2_fp32_slow_BS4,mobilenet_v2,fp32,4,slow,1596,36.271929824561404,99.0,9.461152882205514,10.0,22.169590643274855,26.833333333333332,0,0,0.3682257690404649
Clone1,mobilenet_v2_fp32_slow_BS64,mobilenet_v2,fp32,64,slow,1410,30.758156028368795,99.0,12.256737588652483,17.0,18.97352245862884,27.333333333333332,0,0,0.2904737688586361
Clone1,mobilenet_v2_fp32_slow_BS8,mobilenet_v2,fp32,8,slow,1488,34.70161290322581,99.0,10.747983870967742,12.0,20.623655913978496,25.333333333333332,0,0,0.3330501921703528
Clone1,mobilenet_v2_fp64_fast_BS1,mobilenet_v2,fp64,1,fast,2960,74.64662162162162,99.0,9.788175675675676,10.0,14.552139639639641,16.666666666666668,0,0,0.741646699493804
Clone1,mobilenet_v2_fp64_fast_BS128,mobilenet_v2,fp64,128,fast,3241,77.39802530083307,99.0,11.991360691144708,21.0,6.1377661215674175,25.0,0,0,0.767032365702755
Clone1,mobilenet_v2_fp64_fast_BS16,mobilenet_v2,fp64,16,fast,5551,81.36732120338678,99.0,6.602954422626554,8.0,5.638233351348106,11.833333333333334,0,0,0.8207567954810049
Clone1,mobilenet_v2_fp64_fast_BS32,mobilenet_v2,fp64,32,fast,5293,80.6066502928396,99.0,6.984507840544115,9.0,5.824359216575351,18.166666666666668,0,0,0.8090956133927047
Clone1,mobilenet_v2_fp64_fast_BS4,mobilenet_v2,fp64,4,fast,3257,78.30211851396992,99.0,10.51151366287995,11.0,7.210725616620612,9.5,0,0,0.7742267314801127
Clone1,mobilenet_v2_fp64_fast_BS64,mobilenet_v2,fp64,64,fast,3068,76.87972620599739,99.0,11.854302477183833,17.0,6.149228596262494,21.166666666666668,0,0,0.7716428152771899
Clone1,mobilenet_v2_fp64_fast_BS8,mobilenet_v2,fp64,8,fast,5904,81.48306233062331,99.0,6.273712737127371,7.0,5.720387308039746,8.666666666666666,0,0,0.8256295367568652
Clone1,mobilenet_v2_fp64_medium_BS1,mobilenet_v2,fp64,1,medium,2970,73.04511784511784,99.0,9.803030303030303,10.0,14.685746352413018,16.833333333333332,0,0,0.7402325076829795
Clone1,mobilenet_v2_fp64_medium_BS128,mobilenet_v2,fp64,128,medium,3277,76.87824229478181,99.0,11.893194995422643,20.0,6.321432204251857,25.666666666666668,0,0,0.762611605955815
Clone1,mobilenet_v2_fp64_medium_BS16,mobilenet_v2,fp64,16,medium,2952,76.14972899728997,99.0,11.765921409214092,13.0,6.212116079494128,9.0,0,0,0.7780582301495195
Clone1,mobilenet_v2_fp64_medium_BS32,mobilenet_v2,fp64,32,medium,2930,73.80580204778157,99.0,12.091467576791809,15.0,7.57901023890785,15.333333333333334,0,0,0.7420521251024477
Clone1,mobilenet_v2_fp64_medium_BS4,mobilenet_v2,fp64,4,medium,3526,70.53346568349404,99.0,9.71979580260919,10.0,9.593495934959348,12.166666666666666,0,0,0.7146251955238637
Clone1,mobilenet_v2_fp64_medium_BS64,mobilenet_v2,fp64,64,medium,3136,76.76211734693878,99.0,11.610969387755102,17.0,6.946641156462584,23.333333333333332,0,0,0.7630649902070321
Clone1,mobilenet_v2_fp64_medium_BS8,mobilenet_v2,fp64,8,medium,3148,73.3777001270648,99.0,11.038754764930115,12.0,6.496982210927573,8.833333333333334,0,0,0.78074229055012
Clone1,mobilenet_v2_fp64_slow_BS1,mobilenet_v2,fp64,1,slow,5640,76.2445035460993,99.0,5.210815602836879,6.0,12.577955082742317,15.666666666666666,0,0,0.7662100942816732
Clone1,mobilenet_v2_fp64_slow_BS128,mobilenet_v2,fp64,128,slow,6417,77.85631915225183,99.0,6.42122487143525,13.0,6.240117396498883,27.5,0,0,0.7914404489571896
Clone1,mobilenet_v2_fp64_slow_BS16,mobilenet_v2,fp64,16,slow,5566,81.32159540064679,99.0,6.578871721164211,8.0,5.647772188286022,11.833333333333334,0,0,0.8192669970425018
Clone1,mobilenet_v2_fp64_slow_BS32,mobilenet_v2,fp64,32,slow,5322,80.22547914317926,99.0,6.937241638481773,9.0,5.7980709006639115,18.166666666666668,0,0,0.8084057115165643
Clone1,mobilenet_v2_fp64_slow_BS4,mobilenet_v2,fp64,4,slow,6069,80.51771296753996,99.0,5.953204811336299,6.0,6.4700115340253745,9.333333333333334,0,0,0.8236205537890765
Clone1,mobilenet_v2_fp64_slow_BS64,mobilenet_v2,fp64,64,slow,5777,81.82447637181929,99.0,6.667993768391899,11.0,5.466966707056719,24.5,0,0,0.8177507191680938
Clone1,mobilenet_v2_fp64_slow_BS8,mobilenet_v2,fp64,8,slow,5882,81.69381162869772,99.0,6.293097585855151,7.0,5.732800634704749,8.833333333333334,0,0,0.8288505342990307
Clone1,resnet50_fp16_fast_BS1,resnet50,fp16,1,fast,3545,28.01241184767278,44.0,5.530042313117066,6.0,21.09666196520921,24.0,0,0,0.6829895251205251
Clone1,resnet50_fp16_fast_BS128,resnet50,fp16,128,fast,1465,31.789078498293517,99.0,13.69419795221843,24.0,18.727531285551766,30.333333333333332,0,0,0.3016342273322711
Clone1,resnet50_fp16_fast_BS16,resnet50,fp16,16,fast,945,33.57248677248677,99.0,19.210582010582012,21.0,18.755555555555556,22.133333333333326,0,0,0.3139710649263104
Clone1,resnet50_fp16_fast_BS32,resnet50,fp16,32,fast,930,29.350537634408603,99.0,19.36989247311828,23.0,18.05035842293907,22.166666666666668,0,0,0.3025336457338283
Clone1,resnet50_fp16_fast_BS4,resnet50,fp16,4,fast,1625,39.96123076923077,99.0,11.339076923076924,12.0,23.456512820512817,27.833333333333332,0,0,0.3861664675762671
Clone1,resnet50_fp16_fast_BS64,resnet50,fp16,64,fast,942,30.00424628450106,99.0,19.674097664543524,25.0,18.27140835102618,22.833333333333332,0,0,0.2986576986109813
Clone1,resnet50_fp16_fast_BS8,resnet50,fp16,8,fast,968,33.053719008264466,99.0,18.39876033057851,20.0,20.609676308539942,23.666666666666668,0,0,0.342214799692017
Clone1,resnet50_fp16_medium_BS1,resnet50,fp16,1,medium,2589,48.92352259559676,73.0,7.607570490536887,8.0,21.507789365263296,25.666666666666668,0,0,0.6804246505606264
Clone1,resnet50_fp16_medium_BS128,resnet50,fp16,128,medium,965,31.82383419689119,99.0,20.5139896373057,31.799999999999955,17.962867012089806,27.333333333333332,0,0,0.2955464714560724
Clone1,resnet50_fp16_medium_BS16,resnet50,fp16,16,medium,998,34.1813627254509,99.0,18.196392785571142,20.0,18.13877755511022,21.5,0,0,0.3556818053095358
Clone1,resnet50_fp16_medium_BS32,resnet50,fp16,32,medium,980,34.0969387755102,99.0,18.479591836734695,22.0,17.391666666666666,21.508333333333326,0,0,0.3343675058814562
Clone1,resnet50_fp16_medium_BS4,resnet50,fp16,4,medium,1290,40.58914728682171,99.0,14.404651162790698,16.0,21.217829457364342,24.0,0,0,0.4515233601760748
Clone1,resnet50_fp16_medium_BS64,resnet50,fp16,64,medium,978,31.75357873210634,99.0,18.916155419222903,25.0,18.02402862985685,23.166666666666668,0,0,0.3117222093048513
Clone1,resnet50_fp16_medium_BS8,resnet50,fp16,8,medium,1113,41.090745732255165,99.0,16.20934411500449,19.0,18.201108116202455,21.5,0,0,0.4176550061362621
Clone1,resnet50_fp16_slow_BS1,resnet50,fp16,1,slow,3683,34.77898452348629,56.0,5.035297311973935,6.0,20.992488007964525,24.0,0,0,0.6892390165199871
Clone1,resnet50_fp16_slow_BS128,resnet50,fp16,128,slow,1461,32.87268993839836,99.0,13.735112936344969,24.0,18.55258955053616,30.5,0,0,0.3047357562223303
Clone1,resnet50_fp16_slow_BS16,resnet50,fp16,16,slow,1506,34.52988047808765,99.0,12.261620185922975,14.0,19.274236387782203,24.0,0,0,0.3458292386014724
Clone1,resnet50_fp16_slow_BS32,resnet50,fp16,32,slow,1436,35.126740947075206,99.0,12.772980501392757,16.0,18.873607242339833,24.5,0,0,0.3333019446220421
Clone1,resnet50_fp16_slow_BS4,resnet50,fp16,4,slow,1767,44.264855687606115,99.0,10.554046406338427,11.0,21.964534993397475,26.333333333333332,0,0,0.4338894282432969
Clone1,resnet50_fp16_slow_BS64,resnet50,fp16,64,slow,1474,32.377883310719135,99.0,12.691316146540027,18.0,18.781433740388966,28.724999999999984,0,0,0.3171839805497191
Clone1,resnet50_fp16_slow_BS8,resnet50,fp16,8,slow,1639,39.22208663819402,99.0,11.08541793776693,12.0,19.315436241610737,23.833333333333332,0,0,0.3804295788336582
Clone1,resnet50_fp32_fast_BS1,resnet50,fp32,1,fast,2075,51.48144578313253,80.0,20.258795180722892,21.0,19.919196787148593,22.166666666666668,0,0,0.638521127515953
Clone1,resnet50_fp32_fast_BS128,resnet50,fp32,128,fast,2244,51.93716577540107,99.0,17.999108734402853,30.0,12.047162804515745,27.0,0,0,0.5042062898876903
Clone1,resnet50_fp32_fast_BS16,resnet50,fp32,16,fast,2144,52.380130597014926,99.0,19.87919776119403,22.0,13.220226990049753,18.833333333333332,0,0,0.540502230900161
Clone1,resnet50_fp32_fast_BS32,resnet50,fp32,32,fast,2098,53.455195424213535,99.0,19.456148713060056,23.0,12.666984429615509,19.333333333333332,0,0,0.5354578529478563
Clone1,resnet50_fp32_fast_BS4,resnet50,fp32,4,fast,1501,55.21585609593604,99.0,29.557628247834778,32.0,14.84865645125472,17.666666666666668,0,0,0.5583537219440254
Clone1,resnet50_fp32_fast_BS64,resnet50,fp32,64,fast,1285,49.28560311284047,99.0,30.58988326848249,38.799999999999955,12.770298313878083,21.5,0,0,0.4885854936560085
Clone1,resnet50_fp32_fast_BS8,resnet50,fp32,8,fast,1393,52.315147164393395,99.0,29.553481694185212,32.0,13.574539363484089,16.333333333333332,0,0,0.516265726419753
Clone1,resnet50_fp32_medium_BS1,resnet50,fp32,1,medium,2195,60.85558086560364,97.0,19.420956719817767,21.0,20.326955201214883,23.716666666666622,0,0,0.6449067092239791
Clone1,resnet50_fp32_medium_BS128,resnet50,fp32,128,medium,1380,49.6463768115942,99.0,28.894202898550724,54.0,14.129227053140099,28.666666666666668,0,0,0.475559136132945
Clone1,resnet50_fp32_medium_BS16,resnet50,fp32,16,medium,1490,45.48859060402685,99.0,28.34026845637584,32.0,14.876845637583893,18.166666666666668,0,0,0.4735127080653749
Clone1,resnet50_fp32_medium_BS32,resnet50,fp32,32,medium,1309,50.56378915202445,99.0,30.51948051948052,35.0,12.720651897122485,17.166666666666668,0,0,0.5072595543465823
Clone1,resnet50_fp32_medium_BS4,resnet50,fp32,4,medium,1730,52.19248554913295,99.0,25.846820809248555,29.549999999999955,16.452697495183045,19.0,0,0,0.5264772413126095
Clone1,resnet50_fp32_medium_BS64,resnet50,fp32,64,medium,1350,48.36148148148148,99.0,29.176296296296297,38.0,14.360493827160491,24.833333333333332,0,0,0.4811359018702614
Clone1,resnet50_fp32_medium_BS8,resnet50,fp32,8,medium,1533,51.142857142857146,99.0,26.94259621656882,31.0,12.688627962600567,15.833333333333334,0,0,0.4988101738523811
Clone1,resnet50_fp32_slow_BS1,resnet50,fp32,1,slow,3226,58.86825790452573,94.0,13.148791072535648,14.0,20.220551766893987,23.333333333333332,0,0,0.6552161623932639
Clone1,resnet50_fp32_slow_BS128,resnet50,fp32,128,slow,2177,54.496095544327055,99.0,18.55305466237942,31.0,13.15472362578472,29.19999999999997,0,0,0.5215805264567116
Clone1,resnet50_fp32_slow_BS16,resnet50,fp32,16,slow,2169,54.5154449054864,99.0,19.665283540802214,22.0,13.295912094667283,19.333333333333332,0,0,0.5467418685281363
Clone1,resnet50_fp32_slow_BS32,resnet50,fp32,32,slow,2115,54.42600472813239,99.0,19.340898345153665,23.0,12.671788810086682,19.833333333333332,0,0,0.5381568460184654
Clone1,resnet50_fp32_slow_BS4,resnet50,fp32,4,slow,2565,58.42066276803119,99.0,17.72748538011696,19.0,14.035412605588043,17.63333333333329,0,0,0.5860414627567448
Clone1,resnet50_fp32_slow_BS64,resnet50,fp32,64,slow,2102,53.80209324452902,99.0,18.923406279733587,26.0,13.023549000951474,26.833333333333332,0,0,0.5243057187961503
Clone1,resnet50_fp32_slow_BS8,resnet50,fp32,8,slow,2295,54.870152505446626,99.0,18.322004357298475,20.0,13.449237472766885,17.166666666666668,0,0,0.5570958464486082
Clone1,resnet50_fp64_fast_BS1,resnet50,fp64,1,fast,50031,95.7477164158222,99.0,2.931862245407847,3.0,1.9175444557707555,3.1666666666666665,0,0,0.9709388887454256
Clone1,resnet50_fp64_fast_BS128,resnet50,fp64,128,fast,47475,95.25259610321221,99.0,6.867446024223275,28.0,1.776120765315078,8.166666666666666,0,0,0.9625356146468927
Clone1,resnet50_fp64_fast_BS16,resnet50,fp64,16,fast,21280,95.81207706766918,99.0,8.868703007518796,16.0,1.1956140350877191,6.0,0,0,0.9683352742121156
Clone1,resnet50_fp64_fast_BS32,resnet50,fp64,32,fast,22787,96.08500460789047,99.0,19.305042348707598,36.0,1.153881599157414,8.833333333333334,0,0,0.9701382443074272
Clone1,resnet50_fp64_fast_BS4,resnet50,fp64,4,fast,45936,96.55222483455242,99.0,2.884360849878091,3.0,1.4471873911529083,4.166666666666667,0,0,0.9760297832102554
Clone1,resnet50_fp64_fast_BS64,resnet50,fp64,64,fast,46432,96.82206237077877,99.0,10.797424190213645,25.0,1.2807187571789571,2.0,0,0,0.9770407968678928
Clone1,resnet50_fp64_fast_BS8,resnet50,fp64,8,fast,44626,96.72845426433021,99.0,4.457177430197643,8.0,1.3500575150510168,5.5,0,0,0.9767311682914536
Clone1,resnet50_fp64_medium_BS1,resnet50,fp64,1,medium,25779,93.41297179875092,99.0,4.000232747585244,4.0,2.9932179939744232,4.333333333333333,0,0,0.945507261550951
Clone1,resnet50_fp64_medium_BS128,resnet50,fp64,128,medium,23699,95.81627916789738,99.0,12.947592725431452,47.0,1.5441861119315867,3.6666666666666665,0,0,0.9648975558970668
Clone1,resnet50_fp64_medium_BS16,resnet50,fp64,16,medium,21275,95.81527614571092,99.0,8.639435957696827,16.0,1.1936858597728162,5.833333333333333,0,0,0.9685055683975218
Clone1,resnet50_fp64_medium_BS32,resnet50,fp64,32,medium,22871,95.77416816055266,99.0,19.511346246338157,37.0,1.5075568769766663,10.666666666666666,0,0,0.9665619419843244
Clone1,resnet50_fp64_medium_BS4,resnet50,fp64,4,medium,23531,94.52819684671285,99.0,4.792741489949428,5.0,1.8907327922031931,4.166666666666667,0,0,0.9557416422063066
Clone1,resnet50_fp64_medium_BS64,resnet50,fp64,64,medium,23721,95.41562328738249,99.0,20.433286960920704,41.0,1.1471480966232452,7.333333333333333,0,0,0.9617759889370696
Clone1,resnet50_fp64_medium_BS8,resnet50,fp64,8,medium,22582,95.89217075546895,99.0,7.990302010450802,11.0,1.2074070793847609,4.0,0,0,0.9692355043553096
Clone1,resnet50_fp64_slow_BS1,resnet50,fp64,1,slow,49970,96.2555933560136,99.0,2.96129677806684,3.0,1.9475485291174706,3.1666666666666665,0,0,0.972087990069546
Clone1,resnet50_fp64_slow_BS128,resnet50,fp64,128,slow,48927,92.4705990557361,99.0,6.623255053446972,27.0,1.9567621149876344,10.5,0,0,0.9597215028101148
Clone1,resnet50_fp64_slow_BS16,resnet50,fp64,16,slow,42035,96.65067205899845,99.0,4.795408588081361,11.0,1.3539590024186194,7.833333333333333,0,0,0.9758830804228256
Clone1,resnet50_fp64_slow_BS32,resnet50,fp64,32,slow,45047,96.68055586387551,99.0,10.02242102692743,21.0,1.2906741847403822,4.833333333333333,0,0,0.9773263505328263
Clone1,resnet50_fp64_slow_BS4,resnet50,fp64,4,slow,45917,96.67430363481935,99.0,2.8599647189494086,3.0,1.4271475343191704,4.166666666666667,0,0,0.9764673127508758
Clone1,resnet50_fp64_slow_BS64,resnet50,fp64,64,slow,46443,96.8160110242663,99.0,10.778761061946902,25.0,1.2843234358963316,2.0,0,0,0.9770166965530536
Clone1,resnet50_fp64_slow_BS8,resnet50,fp64,8,slow,44618,96.75377650275674,99.0,4.439038056389798,8.0,1.3722115140376827,5.5,0,0,0.9769032057118792
Clone2,mobilenet_v2_fp16_fast_BS1,mobilenet_v2,fp16,1,fast,2197,10.250796540737369,15.0,3.8607191624943105,4.0,20.57062661204673,22.833333333333332,0,0,0.6594164378494899
Clone2,mobilenet_v2_fp16_fast_BS128,mobilenet_v2,fp16,128,fast,799,15.033792240300375,99.0,12.06883604505632,18.0,21.207551105548607,27.166666666666668,0,0,0.1613277278134586
Clone2,mobilenet_v2_fp16_fast_BS16,mobilenet_v2,fp16,16,fast,785,17.77452229299363,99.0,11.299363057324841,13.0,22.654352441613586,26.333333333333332,0,0,0.1762579209301986
Clone2,mobilenet_v2_fp16_fast_BS32,mobilenet_v2,fp16,32,fast,1161,19.22566752799311,99.0,8.142118863049095,10.0,22.866637955785244,28.666666666666668,0,0,0.1915994148797331
Clone2,mobilenet_v2_fp16_fast_BS4,mobilenet_v2,fp16,4,fast,1562,16.397567221510883,64.0,5.108834827144686,6.0,23.747865983781477,28.0,0,0,0.3719929412640246
Clone2,mobilenet_v2_fp16_fast_BS64,mobilenet_v2,fp16,64,fast,1193,18.887678122380553,99.0,8.188600167644594,11.0,22.51620564403465,28.666666666666668,0,0,0.1756392102604772
Clone2,mobilenet_v2_fp16_fast_BS8,mobilenet_v2,fp16,8,fast,816,17.15686274509804,84.25,10.172794117647058,11.0,23.97222222222222,27.541666666666668,0,0,0.2339823515903807
Clone2,mobilenet_v2_fp16_medium_BS1,mobilenet_v2,fp16,1,medium,2316,23.41839378238342,35.0,3.2361830742659756,4.0,22.83347725964306,27.666666666666668,0,0,0.6549115416864747
Clone2,mobilenet_v2_fp16_medium_BS128,mobilenet_v2,fp16,128,medium,845,19.41656804733728,99.0,11.681656804733727,18.0,22.77889546351085,29.166666666666668,0,0,0.1656142121496127
Clone2,mobilenet_v2_fp16_medium_BS16,mobilenet_v2,fp16,16,medium,907,23.52039691289967,99.0,10.092613009922822,11.0,22.75652333700845,26.666666666666668,0,0,0.2427312420461284
Clone2,mobilenet_v2_fp16_medium_BS32,mobilenet_v2,fp16,32,medium,835,23.561676646706587,99.0,10.930538922155689,13.0,20.300798403193614,23.666666666666668,0,0,0.2179229785861529
Clone2,mobilenet_v2_fp16_medium_BS4,mobilenet_v2,fp16,4,medium,1071,32.31279178338002,96.0,7.1344537815126055,8.0,24.397603485838783,28.25,0,0,0.3711851728074992
Clone2,mobilenet_v2_fp16_medium_BS64,mobilenet_v2,fp16,64,medium,800,15.3075,99.0,11.50625,15.0,21.97416666666667,26.341666666666658,0,0,0.1900891812435098
Clone2,mobilenet_v2_fp16_medium_BS8,mobilenet_v2,fp16,8,medium,928,33.397629310344826,99.0,9.210129310344827,10.0,22.091056034482758,25.941666666666663,0,0,0.3129755534859066
Clone2,mobilenet_v2_fp16_slow_BS1,mobilenet_v2,fp16,1,slow,3391,16.129755234444115,27.0,2.967856089649071,3.0,21.087437334119727,23.833333333333332,0,0,0.6668824189561784
Clone2,mobilenet_v2_fp16_slow_BS128,mobilenet_v2,fp16,128,slow,1214,18.674629324546952,99.0,8.319604612850082,14.0,22.07976386600769,29.666666666666668,0,0,0.1740055679190107
Clone2,mobilenet_v2_fp16_slow_BS16,mobilenet_v2,fp16,16,slow,1245,21.989558232931728,99.0,7.472289156626506,8.0,23.036546184738956,28.166666666666668,0,0,0.2080401299884891
Clone2,mobilenet_v2_fp16_slow_BS32,mobilenet_v2,fp16,32,slow,1203,20.68079800498753,99.0,7.9243557772236075,10.0,22.29537267941258,27.833333333333332,0,0,0.1989409101756882
Clone2,mobilenet_v2_fp16_slow_BS4,mobilenet_v2,fp16,4,slow,1580,21.7,80.0,5.137341772151899,6.0,23.721624472573843,28.0,0,0,0.3704616150642797
Clone2,mobilenet_v2_fp16_slow_BS64,mobilenet_v2,fp16,64,slow,1214,19.538714991762767,99.0,8.07166392092257,11.0,22.54228445908841,29.0,0,0,0.1795950527322861
Clone2,mobilenet_v2_fp16_slow_BS8,mobilenet_v2,fp16,8,slow,1278,23.013302034428794,99.0,6.841940532081377,8.0,24.5320813771518,29.333333333333332,0,0,0.2364359904418993
Clone2,mobilenet_v2_fp32_fast_BS1,mobilenet_v2,fp32,1,fast,1929,18.2265422498704,29.0,6.988076723691032,7.0,20.39303611543114,22.666666666666668,0,0,0.6276143919542994
Clone2,mobilenet_v2_fp32_fast_BS128,mobilenet_v2,fp32,128,fast,1416,30.283898305084747,99.0,13.627824858757062,24.0,18.974223163841806,29.5,0,0,0.2834904677970623
Clone2,mobilenet_v2_fp32_fast_BS16,mobilenet_v2,fp32,16,fast,889,29.09111361079865,99.0,18.76040494938133,21.0,18.948631421072363,22.0,0,0,0.2856351193048833
Clone2,mobilenet_v2_fp32_fast_BS32,mobilenet_v2,fp32,32,fast,876,30.759132420091323,99.0,19.692922374429223,23.0,18.78177321156773,23.0,0,0,0.2832541646389378
Clone2,mobilenet_v2_fp32_fast_BS4,mobilenet_v2,fp32,4,fast,969,28.108359133126935,92.59999999999991,15.91950464396285,17.0,22.545751633986928,26.0,0,0,0.3358727618455273
Clone2,mobilenet_v2_fp32_fast_BS64,mobilenet_v2,fp32,64,fast,906,26.663355408388522,99.0,19.47792494481236,25.0,18.159676232523918,22.166666666666668,0,0,0.276269737770747
Clone2,mobilenet_v2_fp32_fast_BS8,mobilenet_v2,fp32,8,fast,1394,29.461979913916785,99.0,12.062410329985653,13.0,21.599234815877573,26.333333333333332,0,0,0.3061030994471308
Clone2,mobilenet_v2_fp32_medium_BS1,mobilenet_v2,fp32,1,medium,2041,39.338069573738366,62.0,6.923566878980892,7.0,20.170749632533074,22.166666666666668,0,0,0.6368735103517676
Clone2,mobilenet_v2_fp32_medium_BS128,mobilenet_v2,fp32,128,medium,965,29.552331606217617,99.0,19.55544041450777,30.0,19.903454231433503,29.466666666666658,0,0,0.2692016584134772
Clone2,mobilenet_v2_fp32_medium_BS16,mobilenet_v2,fp32,16,medium,1093,29.684354986276304,99.0,15.650503202195791,18.0,19.144251296126864,22.399999999999977,0,0,0.3121346145727627
Clone2,mobilenet_v2_fp32_medium_BS32,mobilenet_v2,fp32,32,medium,1010,29.61188118811881,99.0,17.2990099009901,20.0,19.36930693069307,23.833333333333332,0,0,0.2866806145052423
Clone2,mobilenet_v2_fp32_medium_BS4,mobilenet_v2,fp32,4,medium,1235,43.071255060728745,99.0,12.960323886639676,14.0,20.464237516869094,23.666666666666668,0,0,0.4247849993334739
Clone2,mobilenet_v2_fp32_medium_BS64,mobilenet_v2,fp32,64,medium,937,30.502668089647813,99.0,19.04162219850587,24.0,18.429740305940943,23.333333333333332,0,0,0.28838035421122
Clone2,mobilenet_v2_fp32_medium_BS8,mobilenet_v2,fp32,8,medium,1221,39.5020475020475,99.0,13.871416871416871,16.0,19.33892983892984,22.666666666666668,0,0,0.3743261794048476
Clone2,mobilenet_v2_fp32_slow_BS1,mobilenet_v2,fp32,1,slow,3016,26.17738726790451,49.0,4.9559018567639255,5.0,20.784261715296196,23.666666666666668,0,0,0.6300211695701832
Clone2,mobilenet_v2_fp32_slow_BS128,mobilenet_v2,fp32,128,slow,1416,30.944209039548024,99.0,13.638418079096045,24.0,18.78213276836158,28.833333333333332,0,0,0.2848578346140766
Clone2,mobilenet_v2_fp32_slow_BS16,mobilenet_v2,fp32,16,slow,1436,30.155292479108635,99.0,12.069637883008356,14.0,19.238393686165274,24.166666666666668,0,0,0.310471861620886
Clone2,mobilenet_v2_fp32_slow_BS32,mobilenet_v2,fp32,32,slow,1379,30.055112400290064,99.0,12.967367657722988,16.0,19.423978728547254,25.18333333333332,0,0,0.301914362911469
Clone2,mobilenet_v2_fp32_slow_BS4,mobilenet_v2,fp32,4,slow,1571,37.82749840865691,99.0,10.20560152768937,11.0,22.106089539571396,26.166666666666668,0,0,0.3729223376258158
Clone2,mobilenet_v2_fp32_slow_BS64,mobilenet_v2,fp32,64,slow,1408,31.052556818181817,99.0,13.044744318181818,18.0,19.21863162878788,28.0,0,0,0.2905868831329283
Clone2,mobilenet_v2_fp32_slow_BS8,mobilenet_v2,fp32,8,slow,1485,32.45185185185185,99.0,11.413468013468014,13.0,20.40359147025814,24.966666666666658,0,0,0.3340141520632732
Clone2,mobilenet_v2_fp64_fast_BS1,mobilenet_v2,fp64,1,fast,5711,75.22605498161442,99.0,5.971633689371388,6.0,12.120235802252964,14.833333333333334,0,0,0.7564264431531019
Clone2,mobilenet_v2_fp64_fast_BS128,mobilenet_v2,fp64,128,fast,7597,65.54008161116231,99.0,6.168487560879295,13.0,7.444100741520776,27.69999999999997,0,0,0.7613365145316954
Clone2,mobilenet_v2_fp64_fast_BS16,mobilenet_v2,fp64,16,fast,2973,77.08812647157752,99.0,12.372351160443996,14.0,6.153660724296446,8.666666666666666,0,0,0.7759402031975294
Clone2,mobilenet_v2_fp64_fast_BS32,mobilenet_v2,fp64,32,fast,2830,75.96996466431095,99.0,13.189752650176679,16.0,6.334334511189634,12.833333333333334,0,0,0.7648919336911476
Clone2,mobilenet_v2_fp64_fast_BS4,mobilenet_v2,fp64,4,fast,6082,80.9125287734298,99.0,6.646333442946399,7.0,6.5086046256713805,9.166666666666666,0,0,0.8216571671927551
Clone2,mobilenet_v2_fp64_fast_BS64,mobilenet_v2,fp64,64,fast,3078,77.29727095516569,99.0,12.516244314489928,17.0,6.126110028156811,21.333333333333332,0,0,0.7725135543158548
Clone2,mobilenet_v2_fp64_fast_BS8,mobilenet_v2,fp64,8,fast,5904,81.33773712737127,99.0,6.746443089430894,8.0,5.660060975609756,8.5,0,0,0.8255950755768425
Clone2,mobilenet_v2_fp64_medium_BS1,mobilenet_v2,fp64,1,medium,3081,70.56962025316456,99.0,9.951314508276534,10.0,16.252677702044792,18.833333333333332,0,0,0.7181786269949266
Clone2,mobilenet_v2_fp64_medium_BS128,mobilenet_v2,fp64,128,medium,3420,74.07251461988304,99.0,12.061695906432748,21.0,7.579922027290449,28.5,0,0,0.7389407072253827
Clone2,mobilenet_v2_fp64_medium_BS16,mobilenet_v2,fp64,16,medium,3086,75.32825664290344,99.0,12.06902138690862,14.0,7.497299632750054,10.166666666666666,0,0,0.7501646346895261
Clone2,mobilenet_v2_fp64_medium_BS32,mobilenet_v2,fp64,32,medium,2855,76.39334500875657,99.0,13.001401050788091,16.0,6.247869235259778,12.833333333333334,0,0,0.7655021379971783
Clone2,mobilenet_v2_fp64_medium_BS4,mobilenet_v2,fp64,4,medium,3278,77.04453935326418,99.0,11.035387431360586,12.0,7.219188529591214,9.333333333333334,0,0,0.773037970973998
Clone2,mobilenet_v2_fp64_medium_BS64,mobilenet_v2,fp64,64,medium,3111,77.71809707489554,99.0,12.474445515911283,17.0,6.121397192756884,21.333333333333332,0,0,0.7743670762979845
Clone2,mobilenet_v2_fp64_medium_BS8,mobilenet_v2,fp64,8,medium,3153,76.38693307960672,99.0,11.643196955280684,12.0,6.4462416745956235,8.666666666666666,0,0,0.7825843546135838
Clone2,mobilenet_v2_fp64_slow_BS1,mobilenet_v2,fp64,1,slow,5658,75.54772004241782,99.0,5.991339696005656,6.0,12.477318251443382,15.666666666666666,0,0,0.763634058112338
Clone2,mobilenet_v2_fp64_slow_BS128,mobilenet_v2,fp64,128,slow,6880,72.55276162790697,99.0,6.708866279069768,14.0,6.900968992248063,28.166666666666668,0,0,0.7733830269914752
Clone2,mobilenet_v2_fp64_slow_BS16,mobilenet_v2,fp64,16,slow,5564,81.52372393961178,99.0,7.191229331416247,8.0,5.629193625688953,11.666666666666666,0,0,0.8195727428501253
Clone2,mobilenet_v2_fp64_slow_BS32,mobilenet_v2,fp64,32,slow,5330,80.49287054409005,99.0,7.575984990619137,10.0,5.938961851156973,18.333333333333332,0,0,0.8076348689395456
Clone2,mobilenet_v2_fp64_slow_BS4,mobilenet_v2,fp64,4,slow,6075,81.12098765432098,99.0,6.658930041152264,7.0,6.509519890260631,9.333333333333334,0,0,0.8227691158208765
Clone2,mobilenet_v2_fp64_slow_BS64,mobilenet_v2,fp64,64,slow,5777,81.38428249956725,99.0,7.297732387052103,11.0,5.456407593329871,24.5,0,0,0.8173913553815879
Clone2,mobilenet_v2_fp64_slow_BS8,mobilenet_v2,fp64,8,slow,5893,81.95044968606821,99.0,6.78279314440862,8.0,5.686831834379773,8.5,0,0,0.8271914651710603
Clone2,resnet50_fp16_fast_BS1,resnet50,fp16,1,fast,3896,25.352669404517453,43.0,5.858829568788501,6.0,20.025325119780973,23.208333333333336,0,0,0.6570574596076731
Clone2,resnet50_fp16_fast_BS128,resnet50,fp16,128,fast,949,30.859852476290833,99.0,21.481559536354055,32.0,17.898138391289077,26.599999999999987,0,0,0.288522991396766
Clone2,resnet50_fp16_fast_BS16,resnet50,fp16,16,fast,1453,33.39366827253957,99.0,13.311080523055747,15.0,19.805459967882545,24.833333333333332,0,0,0.334654159162382
Clone2,resnet50_fp16_fast_BS32,resnet50,fp16,32,fast,1599,28.450906816760476,99.0,11.9906191369606,15.0,17.09255784865541,22.5,0,0,0.2899722453246907
Clone2,resnet50_fp16_fast_BS4,resnet50,fp16,4,fast,1052,36.204372623574145,98.0,17.947718631178706,20.0,22.58444233206591,25.741666666666656,0,0,0.3777397256276976
Clone2,resnet50_fp16_fast_BS64,resnet50,fp16,64,fast,1455,31.3573883161512,99.0,13.410309278350516,19.0,18.807445589919816,27.833333333333332,0,0,0.3135001275934472
Clone2,resnet50_fp16_fast_BS8,resnet50,fp16,8,fast,1572,36.24236641221374,99.0,12.226463104325699,13.0,20.19486853265479,24.333333333333332,0,0,0.3538723036316333
Clone2,resnet50_fp16_medium_BS1,resnet50,fp16,1,medium,2568,50.2161214953271,74.0,7.9766355140186915,8.0,21.509994807892006,25.666666666666668,0,0,0.680240334682261
Clone2,resnet50_fp16_medium_BS128,resnet50,fp16,128,medium,977,30.66530194472876,99.0,20.930399181166838,32.0,17.998294097577617,27.666666666666668,0,0,0.2949475922877358
Clone2,resnet50_fp16_medium_BS16,resnet50,fp16,16,medium,1027,35.32424537487829,99.0,18.42161635832522,21.0,18.047549496916588,21.666666666666668,0,0,0.3482533411503558
Clone2,resnet50_fp16_medium_BS32,resnet50,fp16,32,medium,985,33.89340101522843,99.0,19.100507614213196,22.0,17.606937394247037,22.0,0,0,0.3342467784617675
Clone2,resnet50_fp16_medium_BS4,resnet50,fp16,4,medium,1310,43.27709923664122,99.0,15.084732824427482,16.0,20.99770992366412,23.833333333333332,0,0,0.449321985976724
Clone2,resnet50_fp16_medium_BS64,resnet50,fp16,64,medium,1019,30.59764474975466,99.0,18.87046123650638,24.0,19.720477592410862,26.0,0,0,0.3010564831633355
Clone2,resnet50_fp16_medium_BS8,resnet50,fp16,8,medium,1196,38.52675585284281,99.0,15.794314381270903,19.0,19.820234113712374,23.041666666666668,0,0,0.4016453810055014
Clone2,resnet50_fp16_slow_BS1,resnet50,fp16,1,slow,3533,36.94593829606567,58.0,5.975375035380696,6.0,21.17643173884329,24.333333333333332,0,0,0.6830920255522005
Clone2,resnet50_fp16_slow_BS128,resnet50,fp16,128,slow,1465,32.63139931740614,99.0,14.311945392491468,25.0,18.390671217292375,29.0,0,0,0.3038219019279441
Clone2,resnet50_fp16_slow_BS16,resnet50,fp16,16,slow,1512,33.31547619047619,99.0,12.849867724867725,15.0,18.98555996472663,23.741666666666674,0,0,0.3434999272036204
Clone2,resnet50_fp16_slow_BS32,resnet50,fp16,32,slow,1467,34.2719836400818,99.0,13.203817314246763,16.0,18.694274028629856,24.5,0,0,0.3266946638884858
Clone2,resnet50_fp16_slow_BS4,resnet50,fp16,4,slow,1775,42.374084507042255,99.0,11.04281690140845,12.0,21.89276995305164,26.549999999999994,0,0,0.4297346270048563
Clone2,resnet50_fp16_slow_BS64,resnet50,fp16,64,slow,1470,33.29931972789116,99.0,13.429251700680272,19.0,18.81394557823129,28.5,0,0,0.3180542371835781
Clone2,resnet50_fp16_slow_BS8,resnet50,fp16,8,slow,1640,36.93109756097561,99.0,11.772560975609757,13.0,19.64288617886179,24.0,0,0,0.3797564659917601
Clone2,resnet50_fp32_fast_BS1,resnet50,fp32,1,fast,3220,60.25962732919255,94.0,13.838198757763974,15.0,20.138146997929606,22.84166666666662,0,0,0.6566023909885985
Clone2,resnet50_fp32_fast_BS128,resnet50,fp32,128,fast,2171,53.53109166282819,99.0,19.209580838323355,31.0,12.618916014125594,28.333333333333332,0,0,0.5215344307707306
Clone2,resnet50_fp32_fast_BS16,resnet50,fp32,16,fast,2140,54.00934579439252,99.0,20.580373831775702,23.0,13.137772585669783,18.333333333333332,0,0,0.5412063310537096
Clone2,resnet50_fp32_fast_BS32,resnet50,fp32,32,fast,1288,50.724378881987576,99.0,31.675465838509318,36.0,12.73511904761905,17.0,0,0,0.502974701608819
Clone2,resnet50_fp32_fast_BS4,resnet50,fp32,4,fast,2572,56.81376360808709,99.0,18.36547433903577,20.0,14.184357179885954,17.5,0,0,0.5832387803901502
Clone2,resnet50_fp32_fast_BS64,resnet50,fp32,64,fast,2109,52.81602655286866,99.0,19.550023707918445,26.0,13.055160423581478,27.0,0,0,0.5199300102665646
Clone2,resnet50_fp32_fast_BS8,resnet50,fp32,8,fast,2279,55.34664326458973,99.0,18.990785432207108,21.0,13.592584466871434,17.666666666666668,0,0,0.5548626503373897
Clone2,resnet50_fp32_medium_BS1,resnet50,fp32,1,medium,2230,60.37264573991031,95.0,19.558744394618834,20.0,20.39693572496263,23.758333333333287,0,0,0.6502141603948799
Clone2,resnet50_fp32_medium_BS128,resnet50,fp32,128,medium,1370,51.47007299270073,99.0,29.792700729927006,54.549999999999955,14.354257907542578,28.666666666666668,0,0,0.4822182972722558
Clone2,resnet50_fp32_medium_BS16,resnet50,fp32,16,medium,1502,47.32756324900133,99.0,28.821571238348866,32.0,14.95727918331114,18.166666666666668,0,0,0.4740205934908189
Clone2,resnet50_fp32_medium_BS32,resnet50,fp32,32,medium,1317,51.03872437357631,99.0,31.050113895216402,36.0,12.806631232599342,17.333333333333332,0,0,0.5089022915323015
Clone2,resnet50_fp32_medium_BS4,resnet50,fp32,4,medium,1565,56.43386581469649,99.0,29.177635782747604,32.0,14.476251331203407,17.0,0,0,0.5788396505068512
Clone2,resnet50_fp32_medium_BS64,resnet50,fp32,64,medium,1366,48.31112737920937,99.0,29.568814055636896,38.0,14.360419716935093,24.291666666666664,0,0,0.4775443369643567
Clone2,resnet50_fp32_medium_BS8,resnet50,fp32,8,medium,1661,45.99819385912101,99.0,25.597832630945213,28.0,15.567629941802128,18.166666666666668,0,0,0.4689511448961633
Clone2,resnet50_fp32_slow_BS1,resnet50,fp32,1,slow,3183,59.8535972353126,96.0,14.077285579641847,15.0,20.183108178866895,23.316666666666606,0,0,0.6497438246541385
Clone2,resnet50_fp32_slow_BS128,resnet50,fp32,128,slow,2170,54.71059907834101,99.0,19.27373271889401,31.0,12.364746543778802,27.5,0,0,0.5234304763954439
Clone2,resnet50_fp32_slow_BS16,resnet50,fp32,16,slow,2168,54.71632841328413,99.0,20.354243542435423,23.0,13.114314268142682,18.60833333333335,0,0,0.5484582628119121
Clone2,resnet50_fp32_slow_BS32,resnet50,fp32,32,slow,2118,54.155807365439095,99.0,19.986307837582626,24.0,12.633931381806736,19.333333333333332,0,0,0.538079358402445
Clone2,resnet50_fp32_slow_BS4,resnet50,fp32,4,slow,2569,58.18411833398209,99.0,18.416893732970028,20.0,13.858440378876344,17.333333333333332,0,0,0.5851394804178648
Clone2,resnet50_fp32_slow_BS64,resnet50,fp32,64,slow,2112,52.92518939393939,99.0,19.52462121212121,26.0,12.939867424242424,26.333333333333332,0,0,0.5223551383437023
Clone2,resnet50_fp32_slow_BS8,resnet50,fp32,8,slow,2244,54.21167557932264,99.0,19.250891265597147,21.0,13.538175876411172,17.333333333333332,0,0,0.5655475340444208
Clone2,resnet50_fp64_fast_BS1,resnet50,fp64,1,fast,25578,94.8219172726562,99.0,4.998279771678787,5.0,1.924844267208799,2.8333333333333335,0,0,0.958834869350976
Clone2,resnet50_fp64_fast_BS128,resnet50,fp64,128,fast,23773,96.04509317292727,99.0,13.491944643082489,47.0,1.1685245166084774,2.0,0,0,0.9679026575520124
Clone2,resnet50_fp64_fast_BS16,resnet50,fp64,16,fast,21400,95.84056074766355,99.0,9.37285046728972,17.0,1.1818068535825543,6.0,0,0,0.9680135039689212
Clone2,resnet50_fp64_fast_BS32,resnet50,fp64,32,fast,45036,96.75468514077627,99.0,10.681565858424372,21.0,1.3152515025017022,4.833333333333333,0,0,0.9771066375337508
Clone2,resnet50_fp64_fast_BS4,resnet50,fp64,4,fast,23399,95.6669943159964,99.0,5.409376469079875,6.0,1.2532943003262247,2.8333333333333335,0,0,0.9671015039732864
Clone2,resnet50_fp64_fast_BS64,resnet50,fp64,64,fast,46429,96.78086971504878,99.0,11.39399944000517,25.0,1.2794122926044786,2.0,0,0,0.9770969426091748
Clone2,resnet50_fp64_fast_BS8,resnet50,fp64,8,fast,44624,96.69485030476874,99.0,5.13456884187881,9.0,1.3472197322815822,5.5,0,0,0.9767531413622086
Clone2,resnet50_fp64_medium_BS1,resnet50,fp64,1,medium,25855,93.61392380584026,99.0,4.998684973892864,5.0,2.926970927609102,4.166666666666667,0,0,0.9469863415994776
Clone2,resnet50_fp64_medium_BS128,resnet50,fp64,128,medium,24705,92.3878971868043,99.0,12.987209066990488,46.0,1.6410713081022734,8.333333333333334,0,0,0.95118930512886
Clone2,resnet50_fp64_medium_BS16,resnet50,fp64,16,medium,21477,95.42682870047027,99.0,9.263258369418448,16.0,1.5802796790364888,7.333333333333333,0,0,0.963519289399325
Clone2,resnet50_fp64_medium_BS32,resnet50,fp64,32,medium,22987,95.8324705268195,99.0,19.709705485709314,36.0,1.4849697655196414,10.450000000000122,0,0,0.9672715889514129
Clone2,resnet50_fp64_medium_BS4,resnet50,fp64,4,medium,23373,95.741325461002,99.0,5.418559876780901,6.0,1.2671957671957672,3.0,0,0,0.9681832394249305
Clone2,resnet50_fp64_medium_BS64,resnet50,fp64,64,medium,23661,96.13452516799798,99.0,21.205612611470354,42.0,1.1423228096868263,6.0,0,0,0.9698565254309692
Clone2,resnet50_fp64_medium_BS8,resnet50,fp64,8,medium,22695,96.05084820445032,99.0,8.65952853051333,12.0,1.1942351472424177,4.0,0,0,0.9694367303694076
Clone2,resnet50_fp64_slow_BS1,resnet50,fp64,1,slow,49972,95.89340030417034,99.0,3.0010005603137757,3.0,1.9595773633234608,3.1666666666666665,0,0,0.9719274682078016
Clone2,resnet50_fp64_slow_BS128,resnet50,fp64,128,slow,46738,96.77686251016304,99.0,7.502567503958235,28.0,1.3815738799263981,2.0,0,0,0.975134333111489
Clone2,resnet50_fp64_slow_BS16,resnet50,fp64,16,slow,42039,96.63476771569258,99.0,5.393277670734318,12.0,1.36132718031669,7.833333333333333,0,0,0.9758186785508032
Clone2,resnet50_fp64_slow_BS32,resnet50,fp64,32,slow,45049,96.858287642345,99.0,10.634797664765033,21.0,1.2571089258363115,4.5,0,0,0.9772186750291396
Clone2,resnet50_fp64_slow_BS4,resnet50,fp64,4,slow,45921,96.64889701879315,99.0,3.466649245443261,4.0,1.3859998693408246,4.166666666666667,0,0,0.9763660079771675
Clone2,resnet50_fp64_slow_BS64,resnet50,fp64,64,slow,46436,96.8413300025842,99.0,11.313119131708158,25.0,1.2466764292072245,1.8333333333333333,0,0,0.9771580013854912
Clone2,resnet50_fp64_slow_BS8,resnet50,fp64,8,slow,44580,96.82736653207716,99.0,5.086630776132795,9.0,1.33083221175415,5.5,0,0,0.9776167497863196
Clone3,mobilenet_v2_fp16_fast_BS1,mobilenet_v2,fp16,1,fast,2207,10.228817399184413,15.0,3.7752605346624377,4.0,20.62256456728591,22.833333333333332,0,0,0.661962445523853
Clone3,mobilenet_v2_fp16_fast_BS128,mobilenet_v2,fp16,128,fast,795,16.950943396226414,99.0,12.355974842767296,18.0,21.338784067085957,26.833333333333332,0,0,0.1607655500497435
Clone3,mobilenet_v2_fp16_fast_BS16,mobilenet_v2,fp16,16,fast,1193,20.19446772841576,99.0,7.777870913663034,9.0,23.181195864766693,27.73333333333331,0,0,0.1900943832823091
Clone3,mobilenet_v2_fp16_fast_BS32,mobilenet_v2,fp16,32,fast,1188,18.596801346801346,99.0,7.981481481481482,10.0,22.163299663299664,27.549999999999955,0,0,0.1874774313174538
Clone3,mobilenet_v2_fp16_fast_BS4,mobilenet_v2,fp16,4,fast,1040,14.921153846153846,47.0,7.697115384615385,8.0,22.46955128205128,25.666666666666668,0,0,0.3583742793796658
Clone3,mobilenet_v2_fp16_fast_BS64,mobilenet_v2,fp16,64,fast,1206,18.557213930348258,99.0,8.138474295190713,11.0,22.554864566058594,28.958333333333332,0,0,0.1740543952722437
Clone3,mobilenet_v2_fp16_fast_BS8,mobilenet_v2,fp16,8,fast,1252,19.307507987220447,98.0,6.89297124600639,8.0,24.46339190628328,28.90833333333334,0,0,0.2174230789417187
Clone3,mobilenet_v2_fp16_medium_BS1,mobilenet_v2,fp16,1,medium,2267,24.29069254521394,36.0,3.569033965593295,4.0,20.411777679752976,22.5,0,0,0.6578397709472233
Clone3,mobilenet_v2_fp16_medium_BS128,mobilenet_v2,fp16,128,medium,843,17.801897983392646,99.0,11.316725978647687,17.0,22.826018189007513,30.0,0,0,0.1656085172490509
Clone3,mobilenet_v2_fp16_medium_BS16,mobilenet_v2,fp16,16,medium,910,23.232967032967032,99.0,10.035164835164835,11.0,22.726739926739928,26.166666666666668,0,0,0.2403980677962718
Clone3,mobilenet_v2_fp16_medium_BS32,mobilenet_v2,fp16,32,medium,886,20.572234762979683,99.0,10.5,12.0,22.34556057185854,26.5,0,0,0.2036114869640837
Clone3,mobilenet_v2_fp16_medium_BS4,mobilenet_v2,fp16,4,medium,1068,30.838014981273407,97.0,7.154494382022472,8.0,22.613451935081148,25.666666666666668,0,0,0.3642421196781385
Clone3,mobilenet_v2_fp16_medium_BS64,mobilenet_v2,fp16,64,medium,818,16.595354523227385,99.0,11.553789731051344,15.0,21.15770171149144,25.0,0,0,0.1851944183643246
Clone3,mobilenet_v2_fp16_medium_BS8,mobilenet_v2,fp16,8,medium,973,28.236382322713258,99.0,8.87153134635149,10.0,22.88711887632751,26.166666666666668,0,0,0.3005869515144498
Clone3,mobilenet_v2_fp16_slow_BS1,mobilenet_v2,fp16,1,slow,3348,16.224014336917563,27.0,2.9817801672640383,3.0,21.318697729988052,24.441666666666606,0,0,0.6700843846277232
Clone3,mobilenet_v2_fp16_slow_BS128,mobilenet_v2,fp16,128,slow,1217,19.811832374691864,99.0,8.288414133114216,14.0,21.980005477951245,29.366666666666674,0,0,0.1734471337380692
Clone3,mobilenet_v2_fp16_slow_BS16,mobilenet_v2,fp16,16,slow,1238,21.966074313408726,99.0,7.558966074313409,9.0,22.84410339256866,28.0,0,0,0.2094968543412096
Clone3,mobilenet_v2_fp16_slow_BS32,mobilenet_v2,fp16,32,slow,1212,20.363036303630363,99.0,7.867986798679868,10.0,22.05431793179318,27.5,0,0,0.1974921745403196
Clone3,mobilenet_v2_fp16_slow_BS4,mobilenet_v2,fp16,4,slow,1570,21.472611464968153,80.0,5.088535031847134,6.0,23.541825902335454,27.666666666666668,0,0,0.3640691117191146
Clone3,mobilenet_v2_fp16_slow_BS64,mobilenet_v2,fp16,64,slow,1208,18.544701986754966,99.0,8.141556291390728,11.0,22.42618653421634,29.166666666666668,0,0,0.1803683385196944
Clone3,mobilenet_v2_fp16_slow_BS8,mobilenet_v2,fp16,8,slow,1289,22.61210240496509,99.0,6.809154383242824,7.0,24.345875355572797,29.599999999999987,0,0,0.2333542419840393
Clone3,mobilenet_v2_fp32_fast_BS1,mobilenet_v2,fp32,1,fast,2978,20.41605104096709,38.0,4.961383478844862,5.0,20.86596149541079,24.0,0,0,0.625778682234509
Clone3,mobilenet_v2_fp32_fast_BS128,mobilenet_v2,fp32,128,fast,917,29.262813522355508,99.0,20.332606324972737,31.0,17.984005816066887,26.53333333333332,0,0,0.2745327663582561
Clone3,mobilenet_v2_fp32_fast_BS16,mobilenet_v2,fp32,16,fast,1396,29.345272206303726,99.0,12.349570200573066,14.0,19.6218958930277,24.0,0,0,0.2953890414566961
Clone3,mobilenet_v2_fp32_fast_BS32,mobilenet_v2,fp32,32,fast,1383,30.304410701373826,99.0,12.985538684020247,16.0,19.352615087973007,25.5,0,0,0.289604942819178
Clone3,mobilenet_v2_fp32_fast_BS4,mobilenet_v2,fp32,4,fast,993,25.84390735146022,91.0,15.658610271903322,17.0,22.01896609600537,25.166666666666668,0,0,0.3329219833157459
Clone3,mobilenet_v2_fp32_fast_BS64,mobilenet_v2,fp32,64,fast,909,30.3993399339934,99.0,19.652365236523654,25.0,18.18738540520719,22.5,0,0,0.275637793820587
Clone3,mobilenet_v2_fp32_fast_BS8,mobilenet_v2,fp32,8,fast,913,27.916757940854325,99.0,17.940854326396494,20.0,20.62449799196787,23.666666666666668,0,0,0.2884652194670334
Clone3,mobilenet_v2_fp32_medium_BS1,mobilenet_v2,fp32,1,medium,2029,38.451453918186296,63.0,6.93790044356826,7.0,19.934368325940525,22.166666666666668,0,0,0.6229084867010386
Clone3,mobilenet_v2_fp32_medium_BS128,mobilenet_v2,fp32,128,medium,966,30.564182194616976,99.0,19.49585921325052,30.0,20.446342305037955,30.333333333333332,0,0,0.2683991327615455
Clone3,mobilenet_v2_fp32_medium_BS16,mobilenet_v2,fp32,16,medium,1079,33.855421686746986,99.0,15.768303985171455,18.0,19.375965400061784,22.833333333333332,0,0,0.3136736215013127
Clone3,mobilenet_v2_fp32_medium_BS32,mobilenet_v2,fp32,32,medium,941,31.75664187035069,99.0,18.503719447396385,21.0,17.506199078993976,21.833333333333332,0,0,0.3071637171715391
Clone3,mobilenet_v2_fp32_medium_BS4,mobilenet_v2,fp32,4,medium,1197,43.82873851294904,99.0,13.242272347535506,14.0,18.981620718462825,22.0,0,0,0.4358141404029125
Clone3,mobilenet_v2_fp32_medium_BS64,mobilenet_v2,fp32,64,medium,998,28.879759519038075,99.0,18.227454909819638,23.0,20.195557782231127,25.666666666666668,0,0,0.2717556899279291
Clone3,mobilenet_v2_fp32_medium_BS8,mobilenet_v2,fp32,8,medium,1059,37.698772426817754,99.0,15.715769593956562,17.0,18.200188857412652,21.333333333333332,0,0,0.3817668914154923
Clone3,mobilenet_v2_fp32_slow_BS1,mobilenet_v2,fp32,1,slow,2989,27.429909668785548,50.0,4.9585145533623285,5.0,20.804449648711945,23.833333333333332,0,0,0.6246079950092325
Clone3,mobilenet_v2_fp32_slow_BS128,mobilenet_v2,fp32,128,slow,1418,30.87729196050776,99.0,13.633286318758815,24.0,18.781029619181947,28.833333333333332,0,0,0.2852144501357218
Clone3,mobilenet_v2_fp32_slow_BS16,mobilenet_v2,fp32,16,slow,1428,32.61274509803921,99.0,12.123249299719888,14.0,19.14519140989729,24.0,0,0,0.3117839692126931
Clone3,mobilenet_v2_fp32_slow_BS32,mobilenet_v2,fp32,32,slow,1397,29.362920544022906,99.0,12.856836077308518,16.0,19.00954426151277,24.833333333333332,0,0,0.2981024485804306
Clone3,mobilenet_v2_fp32_slow_BS4,mobilenet_v2,fp32,4,slow,1595,36.052664576802506,99.0,10.062068965517241,11.0,21.908150470219436,26.5,0,0,0.3681578994033521
Clone3,mobilenet_v2_fp32_slow_BS64,mobilenet_v2,fp32,64,slow,1418,29.306064880112835,99.0,12.894922425952045,18.0,19.246003761165962,28.166666666666668,0,0,0.2894127295446321
Clone3,mobilenet_v2_fp32_slow_BS8,mobilenet_v2,fp32,8,slow,1483,32.97235333782873,99.0,11.476736345246122,13.0,20.302202742189255,25.0,0,0,0.3345070127665439
Clone3,mobilenet_v2_fp64_fast_BS1,mobilenet_v2,fp64,1,fast,2969,73.80633209834961,99.0,10.337487369484675,11.0,14.658751543729649,16.666666666666668,0,0,0.7416459823420246
Clone3,mobilenet_v2_fp64_fast_BS128,mobilenet_v2,fp64,128,fast,3328,75.63100961538461,99.0,12.325721153846153,21.0,6.564052483974359,26.0,0,0,0.7530529730163013
Clone3,mobilenet_v2_fp64_fast_BS16,mobilenet_v2,fp64,16,fast,5555,81.14383438343835,99.0,7.2250225022502255,8.0,5.553555355535553,11.5,0,0,0.8204161438484828
Clone3,mobilenet_v2_fp64_fast_BS32,mobilenet_v2,fp64,32,fast,2830,76.19081272084806,99.0,13.125088339222614,16.0,6.402767962308598,13.0,0,0,0.7631711729102171
Clone3,mobilenet_v2_fp64_fast_BS4,mobilenet_v2,fp64,4,fast,3271,76.37603179455824,99.0,11.125955365331702,12.0,7.1716090899826765,9.333333333333334,0,0,0.7724396029484557
Clone3,mobilenet_v2_fp64_fast_BS64,mobilenet_v2,fp64,64,fast,5773,82.15711068768405,99.0,7.27403429759224,11.0,5.490732721288758,24.833333333333332,0,0,0.8165984080535043
Clone3,mobilenet_v2_fp64_fast_BS8,mobilenet_v2,fp64,8,fast,5909,81.69487222880352,99.0,6.768319512607886,8.0,5.736503638517515,8.666666666666666,0,0,0.8253572849321967
Clone3,mobilenet_v2_fp64_medium_BS1,mobilenet_v2,fp64,1,medium,2971,73.77179400875126,99.0,10.257489060922248,11.0,14.358352967575453,16.5,0,0,0.7416370154123935
Clone3,mobilenet_v2_fp64_medium_BS128,mobilenet_v2,fp64,128,medium,3295,77.08315629742033,99.0,12.428831562974203,21.0,6.507637835103692,26.333333333333332,0,0,0.7612605957487909
Clone3,mobilenet_v2_fp64_medium_BS16,mobilenet_v2,fp64,16,medium,2971,74.99730730393807,99.0,12.329182093571188,14.0,6.121732301133177,8.833333333333334,0,0,0.7749668050944164
Clone3,mobilenet_v2_fp64_medium_BS32,mobilenet_v2,fp64,32,medium,2935,73.47393526405452,99.0,12.64258943781942,15.0,7.511073253833049,15.166666666666666,0,0,0.7430786262106294
Clone3,mobilenet_v2_fp64_medium_BS4,mobilenet_v2,fp64,4,medium,3276,76.61416361416362,99.0,11.02930402930403,12.0,7.257580382580383,9.5,0,0,0.7717162885277262
Clone3,mobilenet_v2_fp64_medium_BS64,mobilenet_v2,fp64,64,medium,3104,77.22551546391753,99.0,12.421069587628866,17.0,6.1325171821305835,21.5,0,0,0.7731252636667627
Clone3,mobilenet_v2_fp64_medium_BS8,mobilenet_v2,fp64,8,medium,3157,79.93506493506493,99.0,11.623376623376624,12.0,6.449160595502059,8.833333333333334,0,0,0.7796747695965689
Clone3,mobilenet_v2_fp64_slow_BS1,mobilenet_v2,fp64,1,slow,5572,76.05617372577171,99.0,5.97954055994257,6.0,12.478104809763101,15.166666666666666,0,0,0.7747201815334239
Clone3,mobilenet_v2_fp64_slow_BS128,mobilenet_v2,fp64,128,slow,6155,81.39756295694558,99.0,7.305442729488221,14.0,5.894340644462497,27.666666666666668,0,0,0.8073296332701062
Clone3,mobilenet_v2_fp64_slow_BS16,mobilenet_v2,fp64,16,slow,5549,81.77707695080194,99.0,7.2477923950261305,8.0,5.5834384573797085,11.666666666666666,0,0,0.821522241824118
Clone3,mobilenet_v2_fp64_slow_BS32,mobilenet_v2,fp64,32,slow,5312,80.75414156626506,99.0,7.610128012048193,10.0,5.7327120983935735,17.908333333333303,0,0,0.809411137041197
Clone3,mobilenet_v2_fp64_slow_BS4,mobilenet_v2,fp64,4,slow,6068,81.29152933421226,99.0,6.658042188529993,7.0,6.324653922214898,9.166666666666666,0,0,0.8235473466965233
Clone3,mobilenet_v2_fp64_slow_BS64,mobilenet_v2,fp64,64,slow,5779,81.75999307838727,99.0,7.2903616542654435,11.0,5.470006344811675,24.5,0,0,0.8171806621877917
Clone3,mobilenet_v2_fp64_slow_BS8,mobilenet_v2,fp64,8,slow,5907,81.63941086846114,99.0,6.780429998307094,8.0,5.73562440042887,8.833333333333334,0,0,0.8255072299499838
Clone3,resnet50_fp16_fast_BS1,resnet50,fp16,1,fast,2318,23.73986194995686,35.0,8.898188093183778,9.0,20.475194132873167,22.833333333333332,0,0,0.6738879835229497
Clone3,resnet50_fp16_fast_BS128,resnet50,fp16,128,fast,959,31.3555787278415,99.0,21.42648592283629,33.0,17.854362182829338,26.5,0,0,0.2880912157963407
Clone3,resnet50_fp16_fast_BS16,resnet50,fp16,16,fast,952,32.581932773109244,99.0,19.727941176470587,22.0,18.904586834733895,22.166666666666668,0,0,0.3130043005936187
Clone3,resnet50_fp16_fast_BS32,resnet50,fp16,32,fast,935,30.758288770053476,99.0,19.990374331550804,23.0,18.176292335115868,22.166666666666668,0,0,0.3024867350335576
Clone3,resnet50_fp16_fast_BS4,resnet50,fp16,4,fast,1067,33.05342080599812,98.0,17.77132146204311,19.0,22.264136207435175,25.333333333333332,0,0,0.3740860887953276
Clone3,resnet50_fp16_fast_BS64,resnet50,fp16,64,fast,1463,32.36637047163363,99.0,13.449077238550922,19.0,18.949532923217134,28.5,0,0,0.3136450335771254
Clone3,resnet50_fp16_fast_BS8,resnet50,fp16,8,fast,993,33.89224572004028,99.0,18.59214501510574,20.0,20.273749580396103,23.666666666666668,0,0,0.3377323730132303
Clone3,resnet50_fp16_medium_BS1,resnet50,fp16,1,medium,2463,53.25416159155501,75.0,8.425091352009744,9.0,19.82128840167817,22.0,0,0,0.6862983774738424
Clone3,resnet50_fp16_medium_BS128,resnet50,fp16,128,medium,972,32.32921810699588,99.0,21.054526748971192,32.0,17.872770919067218,27.07499999999999,0,0,0.2957556040721521
Clone3,resnet50_fp16_medium_BS16,resnet50,fp16,16,medium,1138,33.017574692442885,99.0,16.85500878734622,19.0,19.430287053309897,22.833333333333332,0,0,0.3306206852534912
Clone3,resnet50_fp16_medium_BS32,resnet50,fp16,32,medium,1055,30.83696682464455,99.0,17.891943127962087,21.0,19.341232227488153,24.5,0,0,0.3101720998457132
Clone3,resnet50_fp16_medium_BS4,resnet50,fp16,4,medium,1289,43.86966640806827,99.0,15.075252133436774,16.0,21.279286268425135,24.166666666666668,0,0,0.4524651277284099
Clone3,resnet50_fp16_medium_BS64,resnet50,fp16,64,medium,1022,31.173189823874754,99.0,18.79060665362035,24.0,19.773157208088712,26.166666666666668,0,0,0.2983162831168805
Clone3,resnet50_fp16_medium_BS8,resnet50,fp16,8,medium,1128,42.244680851063826,99.0,16.699468085106382,19.0,18.059988179669027,21.0,0,0,0.4223671424610361
Clone3,resnet50_fp16_slow_BS1,resnet50,fp16,1,slow,3499,36.831666190340094,59.0,5.982852243498142,6.0,21.030770696389443,23.833333333333332,0,0,0.6768685475058703
Clone3,resnet50_fp16_slow_BS128,resnet50,fp16,128,slow,1464,32.01707650273224,99.0,14.336065573770492,25.0,18.333674863387976,29.0,0,0,0.304120134964826
Clone3,resnet50_fp16_slow_BS16,resnet50,fp16,16,slow,1510,33.711920529801326,99.0,12.882119205298013,15.0,18.949889624724065,24.0,0,0,0.3440354384766473
Clone3,resnet50_fp16_slow_BS32,resnet50,fp16,32,slow,1458,33.9636488340192,99.0,13.2599451303155,16.0,18.600251486053953,24.333333333333332,0,0,0.327772429990415
Clone3,resnet50_fp16_slow_BS4,resnet50,fp16,4,slow,1769,42.540983606557376,99.0,11.175805539853025,12.0,21.417561710947805,25.166666666666668,0,0,0.4311423898036234
Clone3,resnet50_fp16_slow_BS64,resnet50,fp16,64,slow,1471,32.405846363018355,99.0,13.377294357579878,19.0,18.736687060956267,28.5,0,0,0.3179295023988976
Clone3,resnet50_fp16_slow_BS8,resnet50,fp16,8,slow,1619,38.344657195799876,99.0,11.917850525015442,13.0,19.63145974881614,24.0,0,0,0.3847798179157842
Clone3,resnet50_fp32_fast_BS1,resnet50,fp32,1,fast,3167,60.99494790022103,97.0,13.906851910325228,15.0,20.172192400799915,23.166666666666668,0,0,0.6480547700707603
Clone3,resnet50_fp32_fast_BS128,resnet50,fp32,128,fast,1333,49.52888222055514,99.0,30.56339084771193,55.0,12.505501375343838,25.333333333333332,0,0,0.4888753013741295
Clone3,resnet50_fp32_fast_BS16,resnet50,fp32,16,fast,2149,53.857142857142854,99.0,20.515123313168917,23.0,13.207460834496667,18.76666666666665,0,0,0.5388713177548337
Clone3,resnet50_fp32_fast_BS32,resnet50,fp32,32,fast,1290,50.49922480620155,99.0,31.56201550387597,36.0,12.61795865633075,16.666666666666668,0,0,0.5007582044956708
Clone3,resnet50_fp32_fast_BS4,resnet50,fp32,4,fast,1508,55.94496021220159,99.0,30.13395225464191,32.0,14.794319186560566,17.0,0,0,0.5594350622283724
Clone3,resnet50_fp32_fast_BS64,resnet50,fp32,64,fast,2112,52.56392045454545,99.0,19.534564393939394,26.0,13.183001893939394,27.333333333333332,0,0,0.5186742533931847
Clone3,resnet50_fp32_fast_BS8,resnet50,fp32,8,fast,1403,50.75908766928011,99.0,30.019957234497504,32.0,13.432525540508436,16.149999999999977,0,0,0.5162501486372043
Clone3,resnet50_fp32_medium_BS1,resnet50,fp32,1,medium,2212,60.857594936708864,94.0,19.63517179023508,21.0,19.36332127787824,21.5,0,0,0.6590185413624526
Clone3,resnet50_fp32_medium_BS128,resnet50,fp32,128,medium,1352,51.49630177514793,99.0,30.225591715976332,55.0,12.542406311637082,25.833333333333332,0,0,0.4900888450417761
Clone3,resnet50_fp32_medium_BS16,resnet50,fp32,16,medium,1498,46.83911882510014,99.0,28.928571428571427,32.0,14.823765020026702,18.0,0,0,0.4746814383150314
Clone3,resnet50_fp32_medium_BS32,resnet50,fp32,32,medium,1389,48.323254139668826,99.0,29.442764578833692,34.0,14.228341732661386,18.333333333333332,0,0,0.4852479555559745
Clone3,resnet50_fp32_medium_BS4,resnet50,fp32,4,medium,1570,56.2687898089172,99.0,29.07261146496815,31.0,14.29670912951168,16.833333333333332,0,0,0.5761098385923384
Clone3,resnet50_fp32_medium_BS64,resnet50,fp32,64,medium,1372,47.22376093294461,99.0,29.413265306122447,38.0,14.387147716229347,24.5,0,0,0.4767918011819316
Clone3,resnet50_fp32_medium_BS8,resnet50,fp32,8,medium,1636,45.27750611246944,99.0,25.96271393643032,29.0,15.573247758761207,18.166666666666668,0,0,0.4760494576008801
Clone3,resnet50_fp32_slow_BS1,resnet50,fp32,1,slow,3260,58.629141104294476,93.0,13.759815950920245,14.0,20.234560327198363,23.166666666666668,0,0,0.6561649595682266
Clone3,resnet50_fp32_slow_BS128,resnet50,fp32,128,slow,2179,55.31574116567233,99.0,19.16613125286829,31.09999999999991,12.687471317117945,28.166666666666668,0,0,0.5212381598961556
Clone3,resnet50_fp32_slow_BS16,resnet50,fp32,16,slow,2184,53.32692307692308,99.0,20.217032967032967,23.0,12.99641330891331,18.5,0,0,0.5455220454509734
Clone3,resnet50_fp32_slow_BS32,resnet50,fp32,32,slow,2104,54.79657794676806,99.0,20.11787072243346,24.0,12.614543726235741,19.0,0,0,0.5415196880186717
Clone3,resnet50_fp32_slow_BS4,resnet50,fp32,4,slow,2564,56.85101404056162,99.0,18.457878315132604,20.0,14.00208008320333,17.0,0,0,0.5860486862986036
Clone3,resnet50_fp32_slow_BS64,resnet50,fp32,64,slow,2109,52.746799431009954,99.0,19.57752489331437,26.0,12.835467045993362,26.43333333333332,0,0,0.5230861996927083
Clone3,resnet50_fp32_slow_BS8,resnet50,fp32,8,slow,2278,56.266900790166815,99.0,18.976294995610186,21.0,13.567822651448639,17.5,0,0,0.5579369363054398
Clone3,resnet50_fp64_fast_BS1,resnet50,fp64,1,fast,50023,96.26109989404874,99.0,3.000719668952282,3.0,1.9200301194783733,3.0,0,0,0.9710990560269982
Clone3,resnet50_fp64_fast_BS128,resnet50,fp64,128,fast,26648,85.41106274392074,99.0,12.33552236565596,46.0,2.0392712398679076,8.166666666666666,0,0,0.9471517135759278
Clone3,resnet50_fp64_fast_BS16,resnet50,fp64,16,fast,21320,95.93635084427767,99.0,9.282692307692308,16.0,1.1901422764227643,5.833333333333333,0,0,0.968313567704737
Clone3,resnet50_fp64_fast_BS32,resnet50,fp64,32,fast,22861,96.08577927474738,99.0,20.042517825117013,37.0,1.1452911071256726,9.0,0,0,0.9700246066390849
Clone3,resnet50_fp64_fast_BS4,resnet50,fp64,4,fast,23311,95.63253399682553,99.0,5.425893355068423,6.0,1.254565083722992,2.8333333333333335,0,0,0.96778600643528
Clone3,resnet50_fp64_fast_BS64,resnet50,fp64,64,fast,23587,96.0927205664137,99.0,21.23691016237758,42.0,1.1208010062039824,6.0,0,0,0.9691529501717768
Clone3,resnet50_fp64_fast_BS8,resnet50,fp64,8,fast,22644,95.94894894894895,99.0,8.722531354884296,12.0,1.198816463522346,4.0,0,0,0.9690182753670692
Clone3,resnet50_fp64_medium_BS1,resnet50,fp64,1,medium,25516,94.7819015519674,99.0,4.998353973977112,5.0,1.932382296075665,2.8333333333333335,0,0,0.9580522602367028
Clone3,resnet50_fp64_medium_BS128,resnet50,fp64,128,medium,25132,90.53274709533662,99.0,12.89781951297151,46.0,1.947457424797071,8.5,0,0,0.9510648354903865
Clone3,resnet50_fp64_medium_BS16,resnet50,fp64,16,medium,21325,95.85528722157093,99.0,9.286143024618992,16.0,1.2076279796795624,6.0,0,0,0.9683657138615092
Clone3,resnet50_fp64_medium_BS32,resnet50,fp64,32,medium,22927,95.83059275090504,99.0,19.750338029397653,36.0,1.4806414562161063,10.5,0,0,0.9671036750204034
Clone3,resnet50_fp64_medium_BS4,resnet50,fp64,4,medium,23320,95.71921097770155,99.0,5.479588336192109,6.0,1.275285877644368,3.0,0,0,0.9676298906423224
Clone3,resnet50_fp64_medium_BS64,resnet50,fp64,64,medium,23602,96.0133463265825,99.0,21.289043301415134,42.0,1.4575318475835384,7.5,0,0,0.9677865502580976
Clone3,resnet50_fp64_medium_BS8,resnet50,fp64,8,medium,22833,94.98905093505014,99.0,8.618578373406912,12.0,1.6889735616578345,5.333333333333333,0,0,0.9599685136670262
Clone3,resnet50_fp64_slow_BS1,resnet50,fp64,1,slow,50034,96.13810608786025,99.0,3.0008794020066354,3.0,1.9527154868023078,3.0,0,0,0.9707749539492456
Clone3,resnet50_fp64_slow_BS128,resnet50,fp64,128,slow,46918,96.40251076345966,99.0,7.633125879193487,29.0,1.4640045753584265,2.5,0,0,0.9718493545449268
Clone3,resnet50_fp64_slow_BS16,resnet50,fp64,16,slow,42052,96.63164653286407,99.0,5.366831541900504,11.0,1.3720354164684991,7.833333333333333,0,0,0.9756298661279912
Clone3,resnet50_fp64_slow_BS32,resnet50,fp64,32,slow,45048,96.76571656899307,99.0,10.865987391227135,22.0,1.305389066477239,4.833333333333333,0,0,0.9773167943037
Clone3,resnet50_fp64_slow_BS4,resnet50,fp64,4,slow,45934,96.68550529019898,99.0,3.467213828536596,4.0,1.4306468701470225,4.166666666666667,0,0,0.9762232375064382
Clone3,resnet50_fp64_slow_BS64,resnet50,fp64,64,slow,46452,96.80332386119005,99.0,11.516748471540515,26.0,1.302114727747639,1.8333333333333333,0,0,0.9768294936691208
Clone3,resnet50_fp64_slow_BS8,resnet50,fp64,8,slow,44599,96.73929908742349,99.0,5.089845063790668,9.0,1.3620559504323715,5.5,0,0,0.9772097207808484
