model,precision,profile,batch,throughput_img_s_mean,throughput_img_s_std,throughput_img_s_min,throughput_img_s_max,latency_avg_ms_mean,latency_avg_ms_std,latency_avg_ms_min,latency_avg_ms_max,avg_power_W_mean,avg_power_W_std,avg_power_W_min,avg_power_W_max,energy_per_img_J_avg_power_times_meta_duration_mean,energy_per_img_J_avg_power_times_meta_duration_std,energy_per_img_J_avg_power_times_meta_duration_min,energy_per_img_J_avg_power_times_meta_duration_max,energy_per_img_J_integrated_log_timestamps_mean,energy_per_img_J_integrated_log_timestamps_std,energy_per_img_J_integrated_log_timestamps_min,energy_per_img_J_integrated_log_timestamps_max,energy_per_img_J_power_over_throughput_proxy_mean,energy_per_img_J_power_over_throughput_proxy_std,energy_per_img_J_power_over_throughput_proxy_min,energy_per_img_J_power_over_throughput_proxy_max
mobilenet_v2,fp16,fast,1,34.16418297595116,0.22635777790038442,33.9610676082636,34.40820452950533,29.2712756147321,0.19360641191286193,29.062835846098604,29.445481853953098,5.854087273132184,0.23495663015987708,5.7030969341749325,6.1247901684114705,0.2591842161740987,0.00931614739690165,0.2537467784472018,0.2699413618454111,0.26104204000000003,0.009350640551037112,0.25563093000000003,0.27183922,0.17132765974745204,0.0057819848978089596,0.1679304372865835,0.1780037712563412
mobilenet_v2,fp16,fast,4,118.23312684626448,27.725964326596547,86.22507399204038,134.82239869249736,35.32912350464613,9.580069964997039,29.668660688371165,46.39021823709016,5.930742436854245,0.3752888692565383,5.499439820742639,6.182798076923078,0.1418654413483412,0.025640868230256082,0.1261777934839367,0.17145500973694663,0.14392505666666663,0.025796017565876968,0.12821766999999998,0.17369661999999997,0.05178485987204264,0.010388388840322461,0.045715691687393034,0.06378005336649875
mobilenet_v2,fp16,fast,8,237.92049200114434,46.38155866402591,184.39614962629952,266.29745856562613,34.61228360241124,7.599506340198049,30.04159349882975,43.38485383893829,6.195959027334422,0.759384970925857,5.36855750798722,6.861096813725491,0.11658147569215037,0.015417042937892278,0.1043723439258105,0.13390602549166025,0.11837605000000001,0.015598926612690377,0.10609525,0.13592754,0.02635724786241975,0.002629830983189035,0.02387639294245702,0.029114260351245043
mobilenet_v2,fp16,fast,16,318.49262416976336,83.51282779945561,222.07332355048578,368.073864115029,53.10458307259871,16.406530624956194,43.46953576415777,72.04827551636379,6.286924200533043,0.7775485528278593,5.427746018440905,6.942215286624204,0.11216628361530877,0.014721669917644413,0.10011359613313296,0.12857420279111892,0.11433872333333334,0.014917596772075365,0.10206171,0.13094102,0.020359440087557377,0.0036005065818682396,0.017634534612067796,0.024441233785592306
mobilenet_v2,fp16,fast,32,227.0492847096164,0.09970893996131558,226.95640698798692,227.1546486866966,140.89349556519147,0.06186851342136625,140.8281250711875,140.95113550790842,5.4816047817323765,0.2100004627837143,5.318228643216081,5.718474590869939,0.1280618484027473,0.0030333111001574617,0.1256241942532806,0.13145883018181856,0.13083023,0.002980655641901619,0.12841379,0.13416092999999998,0.02414288629339773,0.0009282651566035076,0.023412369828060425,0.02518743494361064
mobilenet_v2,fp16,fast,64,293.43780302153465,88.24409605146047,242.42506778547204,395.33328060126735,229.69463982978914,58.85615151118109,161.73345899081949,263.7459051157699,5.852268112740531,0.5189810850378425,5.3955456053068,6.416627551020409,0.12041143579363485,0.01927684806688465,0.09851947703247642,0.13484359898944212,0.12387938666666665,0.019576502334258623,0.10163101999999999,0.13846725,0.0207237683238037,0.003955813664910794,0.01623093188931951,0.02368382323518611
mobilenet_v2,fp16,fast,128,351.461695019385,88.87215590278456,248.84220690533473,403.20800432532496,382.95874257413897,113.389329418697,317.1495517943283,513.88885929753,6.232154327414464,0.8221100346617127,5.302115321252058,6.8619023779724655,0.11056787921228362,0.012919618942380116,0.10077519448150973,0.125210710583413,0.11523111666666667,0.013231094032956362,0.10489851,0.13014369,0.01818783982435095,0.0027349324867658874,0.01620117957218979,0.021307138315443026
mobilenet_v2,fp16,medium,1,32.96085621859328,0.46296299397559254,32.61191281454899,33.48606088081639,30.34298140612916,0.4233014703120205,29.863172128821024,30.66364140265563,5.18181175385028,0.2134391038815134,5.014335478335478,5.42213860103627,0.23975858264109964,0.011157064779919191,0.23192545346292143,0.2525330058857439,0.24146113333333333,0.010912258893704495,0.23400595000000002,0.25398603,0.1572381174581747,0.0070819039241175165,0.15256978718287914,0.16538678021135214
mobilenet_v2,fp16,medium,4,128.98409530267708,2.85093026934799,126.15499449387384,131.85636476811422,31.021675568004913,0.6854941031075,30.336040334757417,31.707028453750535,5.677606369495046,0.20607311944488949,5.546189265536723,5.915109243697479,0.12074427701249023,0.0048742163853622905,0.1172845911459486,0.12631871558769445,0.12240246333333332,0.00490570237516845,0.11903503,0.12803095,0.044053286326318435,0.0025207822901475874,0.042062355315880165,0.0468876342742397
mobilenet_v2,fp16,medium,8,172.85541369411456,0.8870759600738035,172.00421135449685,173.77446667688275,46.28226684405856,0.23737982478233446,46.03668279342353,46.510489115363455,5.921422866563318,0.26274874467020476,5.755787592008413,6.224378232758621,0.11183766053345072,0.0032797552583575117,0.10854018669019715,0.11509940528038948,0.11376537999999999,0.0030866962202976845,0.11063376,0.11680510000000001,0.034257717389293285,0.0015497892761037752,0.0331221709499518,0.03602330007352858
mobilenet_v2,fp16,medium,16,229.82782835430854,0.9813262539523749,228.7002182924289,230.4884470101006,69.61817916306667,0.29796066034785235,69.41779602210968,69.96058035913855,5.9868503745208566,0.21821314493682695,5.842375824175824,6.2378676957001105,0.10626095184046136,0.00574146209189631,0.10097357073425248,0.11236832363336853,0.10833555333333333,0.005727515241763501,0.10305775000000002,0.11442598,0.026052310330831063,0.0010632186378495632,0.025347803327946394,0.027275302762168874
mobilenet_v2,fp16,medium,32,280.22409503424205,1.696787394891356,278.43363562339954,281.8083666738417,114.16058306214131,0.6920186923753608,113.51601676459788,114.89187793036648,6.004932250118799,0.31064704154028416,5.7784674887892375,6.3590730538922156,0.10312856869907695,0.0015839192374866042,0.10165252686683011,0.10480188397152526,0.10563507666666666,0.001497186091350473,0.10425363,0.10722594999999999,0.021433895473594537,0.001237537804588276,0.02050495362146965,0.02283873871651518
mobilenet_v2,fp16,medium,64,336.7532867135241,1.6825714693656768,334.8573468969373,338.06882417810334,189.8710065515742,0.9508514492781739,189.12900082187613,190.94285825990937,6.072864254856935,0.23239912246610833,5.89322972972973,6.335331249999999,0.09655271335053757,0.0027048986845143006,0.0942455986603802,0.09952956256702145,0.09943019333333332,0.0027749989842220306,0.09690255,0.10239955999999999,0.018036175641498748,0.0007820393542046524,0.01743204137221782,0.018919493057889793
mobilenet_v2,fp16,medium,128,369.5530412133176,1.2486801658657323,368.70379648167244,370.986766991064,346.0347909707209,1.167053090345796,344.69487655537483,346.8291866585619,6.059128122265883,0.29931485254532975,5.868933570581258,6.404143195266273,0.09916152827833052,0.00495748976753211,0.09604774291526257,0.10487834407570971,0.10336576666666668,0.0053894718405640965,0.09999437,0.10958155,0.016396937342622417,0.0008421406947313612,0.015906324289314676,0.017369344325654675
mobilenet_v2,fp16,slow,1,22.49817607188044,0.7031622317587415,22.02625674414256,23.306329964357555,44.47651982502445,1.366504519858889,42.906798347457666,45.40036065210807,4.892922229523646,0.20946619229401198,4.749339559093691,5.133278383957535,0.32809943611418646,0.019317968758918374,0.31186745833639806,0.34946593782472585,0.3301409766666667,0.01976578577493021,0.31365940999999997,0.3520549,0.21774846304680764,0.014682438444249778,0.20377895474563654,0.23305268995934258
mobilenet_v2,fp16,slow,4,87.21268497743148,1.5794232993078168,85.47003955224696,88.54980609057809,45.87498462000707,0.8363284329541758,45.17231800494716,46.80002514278516,5.214282151962593,0.2042960205127519,5.055563532401525,5.444781012658228,0.16398537437479377,0.007010495080118918,0.15878617481872664,0.1719583608177264,0.16601086666666667,0.006949367808961711,0.16087375,0.17391808,0.05982967080762113,0.003449214504195456,0.057092880894963914,0.06370397207234109
mobilenet_v2,fp16,slow,8,166.69519085364814,0.49767631554478536,166.19712890169953,167.1924806342399,47.992071627271365,0.14328421633123398,47.84904183281586,48.13560891735833,5.402375230409252,0.2163052701700895,5.237690641918021,5.647343505477308,0.1382807983272292,0.004783409104896492,0.13471458038682438,0.14371665555948823,0.14054059333333332,0.004770564939347679,0.13696162,0.14595658,0.032410844402660476,0.0013742363998687761,0.03142062079291235,0.0339797898002049
mobilenet_v2,fp16,slow,16,194.31921158594432,0.15252849571966737,194.1431236343569,194.41037276975493,82.3387787775447,0.06466006833198151,82.30013538911939,82.41342624183744,5.4405325610361,0.19683489182160643,5.303004029008864,5.666008032128515,0.13411873187441667,0.005197632793382511,0.13065808438625068,0.14009562198167275,0.1365124533333333,0.005275042695650262,0.13302586,0.14258111999999998,0.027997730259209628,0.0010047407632770467,0.027277371847279696,0.02914551140788543
mobilenet_v2,fp16,slow,32,211.31847763871133,0.27456671524113746,211.00658887953242,211.52372650634885,151.3819314788227,0.19681753902189497,151.23486997942803,151.6055183187446,5.435502266012546,0.2086651611642047,5.280263114754098,5.672704904405652,0.13027299009231905,0.0042276297754876135,0.12746956285261635,0.1351356934986851,0.13312736666666666,0.004224355131666052,0.13023425,0.13797504,0.025722735226835682,0.0010215252626133526,0.024962982649587597,0.026884017861851246
mobilenet_v2,fp16,slow,64,233.29250354410797,0.13316304172265286,233.1835812873809,233.44095590702528,274.07067024966983,0.15640292704469488,273.89632070945015,274.19863170825806,5.434901127206604,0.2361314567506652,5.251556109725685,5.701349258649094,0.12920684091724408,0.006045697935035006,0.12438554791369423,0.1359897652981259,0.13279205666666669,0.0063644344152275845,0.12773791,0.13993949,0.02329617303264779,0.001000053108563054,0.022514422998870923,0.02442308906976813
mobilenet_v2,fp16,slow,128,243.60226555788157,0.14144608115767912,243.43894038339522,243.68474018522122,524.9428461214342,0.3049068712501212,524.7650622458541,525.2949164594081,5.447853096599203,0.20849289372352064,5.2985,5.686051894563427,0.1288871844985684,0.004664936634889108,0.12563793361320916,0.13423248331048168,0.13406664,0.004791009815028556,0.13081347,0.13956833,0.022364053633950418,0.0008689933827472119,0.02174340218842379,0.023357199491619494
mobilenet_v2,fp32,fast,1,31.56528111611016,8.283965738208597,26.705728869108587,41.13036748660164,32.99617263621942,7.520669666810917,24.31293618579395,37.44514912516519,5.649605949587524,0.8369464177531981,5.125273063973064,6.614826853291861,0.29121641448218805,0.030428305404079575,0.256249482526003,0.31167763497376566,0.29310504,0.030636229851620154,0.25788512999999996,0.31358676,0.1822277387376882,0.01865457175063462,0.16082586316416123,0.1950412196958514
mobilenet_v2,fp32,fast,4,155.09229731590503,3.3159249073457318,152.25278109512308,158.73651462239133,25.798899587892617,0.5476598466898039,25.198990978952498,26.27209809389897,7.197276128990893,0.29169018337987757,7.005158106747231,7.532920536635706,0.1401210508977704,0.004594565213476292,0.13679821346107077,0.14536424194666234,0.14228502666666668,0.00448733229642437,0.13901542,0.14740098,0.04642359456375575,0.0022225674271989628,0.04443684403912661,0.04882388941620694
mobilenet_v2,fp32,fast,8,167.22288181630873,42.93736510320701,117.64637295086082,192.5057558419744,50.44314985314694,15.20540035340081,41.55719897833653,68.00039643671363,6.803726719885982,0.5700665396051139,6.145474175035868,7.13473713033954,0.14228199171958983,0.024590713083587783,0.12704965601608068,0.17065111434219657,0.14473719333333332,0.024673652547576596,0.1294078,0.17319964,0.04217787377278651,0.008711954875765756,0.03704288644821748,0.05223683502425309
mobilenet_v2,fp32,fast,16,147.72460888118727,44.32406382135261,122.10137785205826,198.90561528693286,114.14908599398719,29.192805255725357,80.44016242034733,131.03865231878123,6.3806109824885455,1.0941825940427348,5.712084415584416,7.643335208098988,0.15065241538406707,0.01405640399967555,0.1345315850579063,0.16034733830131884,0.15353080333333333,0.014262642826539313,0.13716796,0.16332963,0.04419109404786007,0.005000413365314888,0.038426945348290116,0.04736484656095915
mobilenet_v2,fp32,fast,32,178.73895068761416,45.350960095327025,126.37454061513334,205.35243276792968,188.4504235734543,56.01906567842763,155.779811539431,253.13455637536052,6.861546993969079,0.9439731701190099,5.810216196673897,7.636437214611872,0.1384301143859968,0.017960205441569035,0.12469696674077521,0.15875475163984742,0.14177503333333333,0.01832112340581858,0.12775113000000002,0.16250417,0.03935989784893163,0.005873725758855185,0.03475969324740439,0.04597616077093082
mobilenet_v2,fp32,fast,64,205.20992271870628,0.9439973011979219,204.63525504234033,206.29940909909936,311.58102753594795,1.429541371687145,309.9311782086454,312.45162966958895,7.3124694272191455,0.2577065582967264,7.15971397139714,7.610007726269315,0.12855549379232775,0.005388613788209644,0.12416414062121808,0.13456878370998182,0.13304246333333333,0.005639584884070235,0.12832569,0.13928916000000002,0.03563635491480268,0.001340028910733261,0.03474409653082362,0.03717728258768505
mobilenet_v2,fp32,fast,128,155.3965637424917,44.741164631750735,129.50399927422782,207.05916219534495,863.8438620236348,213.26440994374846,617.5879226779625,987.4385236619551,6.374005609270752,0.7264708691599975,5.749432489451476,7.17125736095965,0.15038191429335804,0.021894062379574142,0.12615563964623072,0.16875330057506893,0.15861186333333332,0.023093419565457032,0.13291205,0.17762178,0.04228986663235129,0.006850286633879682,0.034633856743775004,0.047839952122324565
mobilenet_v2,fp32,medium,1,38.495833258959514,0.8751309459862369,37.7430519901977,39.4560427382519,25.985723472976826,0.5863655183747876,25.344660300423858,26.49494270520867,5.652773918740209,0.22400336194944623,5.470396511079679,5.902806467417932,0.2341111456512419,0.0074716252730127565,0.2272451590900316,0.24206839087291782,0.23568137666666666,0.0072718156639338455,0.22901430999999997,0.24343554,0.1468859087117256,0.006528745667088054,0.14155293815890835,0.15416694584043897
mobilenet_v2,fp32,medium,4,96.05988528911087,0.6678611241056684,95.39274109044658,96.72846103727855,41.642032910014194,0.2895188277853351,41.35287543196231,41.9319117395673,6.322011269293365,0.211577512439159,6.182227805695143,6.565426720647774,0.1526405730094481,0.008147382111524158,0.1473591189536602,0.1620236673933703,0.1545134566666667,0.008240833216910387,0.14913722999999998,0.16400109000000002,0.06582460493126797,0.002630924448363904,0.06391322408523124,0.06882522344569979
mobilenet_v2,fp32,medium,8,120.45929224345575,9.597708917271465,109.51906362391341,127.46223556351549,66.70692753675627,5.544557507603266,62.76368812010624,73.04664352748543,6.522224360416369,0.055969615760885286,6.488661244019139,6.5868361998362,0.14404985662685502,0.014425094822879587,0.13479509465618797,0.16067079406133192,0.14630058333333332,0.01438348386922074,0.13707499,0.16287377,0.05441037579244775,0.00500559068854418,0.05090653882957972,0.060143284482921465
mobilenet_v2,fp32,medium,16,148.36334818949635,0.6748664059124131,147.58680588045317,148.80802144972822,107.84483813383305,0.4918096411012367,107.52108551759272,108.4107749642618,6.455902776502756,0.2569232527507681,6.263973321067158,6.7477804208600185,0.13926344059885057,0.0062779582123577895,0.13504089849576015,0.14647768754264062,0.14186613666666667,0.006326966774231817,0.137725,0.14914907,0.043519977034686554,0.0019334859545524917,0.04209432569589883,0.04572075654463171
mobilenet_v2,fp32,medium,32,175.53877605968947,0.9763851695076038,174.67218308601076,176.59664477030475,182.24134167237492,1.0120875007441101,181.14592900312527,183.14171558730447,6.763273983275674,0.1522843799456549,6.656669141039236,6.937684158415841,0.12890361168475475,0.008353263673955594,0.12385377539333907,0.13854550805714363,0.13189045,0.008480470137681047,0.12676949,0.14167936,0.03853216968767431,0.0010560183868551104,0.03769419939828084,0.03971831138676293
mobilenet_v2,fp32,medium,64,190.237733150943,0.9528387743894451,189.39941802796343,191.27399892491889,336.10412424872675,1.6809410600600456,334.27762939660784,337.58614251069736,6.836908889056665,0.3267794842967634,6.571160531697341,7.201770544290287,0.12944073081693408,0.0030575549112322764,0.12600249565593807,0.1318545039008787,0.13413543,0.0035473077616835088,0.13004464,0.13636102,0.03594453512570652,0.0018831845391960535,0.03435469833135412,0.03802424853928009
mobilenet_v2,fp32,medium,128,200.7526687424066,0.5316676210873952,200.3696587920104,201.3596830348719,636.9919552090779,1.6846732217914306,635.0687283785422,638.2065958619152,6.982306410352682,0.23116416818991636,6.737942028985508,7.197501554404145,0.12954076571161435,0.004141700817421256,0.1251900176489664,0.13343571211203237,0.13627649666666666,0.004539529668030958,0.13151323,0.14055307,0.03478088671408356,0.0011606224649825937,0.033600892167385155,0.035921114992142414
mobilenet_v2,fp32,slow,1,26.426712708583125,0.24377063222169135,26.177823224109975,26.66501982178913,37.842647183140116,0.3492998795310703,37.502316018638666,38.2002732404042,5.2178617290495275,0.19049295531842758,5.080400266400266,5.435306366047746,0.3149349011061766,0.01269565312554319,0.3067588131107286,0.3295606534459517,0.31684214000000005,0.012709647827618988,0.30850370000000005,0.33147023000000003,0.19749348780160578,0.008782407356180707,0.19216792985271772,0.20763018832833233
mobilenet_v2,fp32,slow,4,85.32861616775578,0.08693601667081749,85.22944617184272,85.39168652546066,46.87762381700488,0.04778579454171822,46.84296753885224,46.93213648173958,5.758485832390332,0.2085556107070877,5.599729949874686,5.994684914067473,0.18248161216122324,0.005173301482195808,0.17842809518277036,0.18830834411150635,0.18479360666666667,0.005101006788324568,0.18068298,0.19050232,0.06748514478713463,0.002408056849532108,0.06570182256710089,0.07022438788050947
mobilenet_v2,fp32,slow,8,101.19041751848674,0.06360830883160992,101.14570687141139,101.2632380328097,79.05889018825256,0.04967977131318431,79.00201648112386,79.09381670712493,5.808136509429924,0.22154071146491278,5.636448252688172,6.058214141414141,0.17191827010130742,0.00631093310105045,0.16732020257673547,0.1791133438844206,0.17443638000000003,0.00657002125113002,0.16958661,0.18191349,0.05739718915627861,0.0021527233419200726,0.05572602562216412,0.0598263916807722
mobilenet_v2,fp32,slow,16,112.87882127912074,0.04910881575512499,112.84716155718766,112.93539328399517,141.7449423827417,0.06165209061090786,141.6739211220108,141.78469160601497,5.816262230585463,0.21428203476560848,5.662489909533751,6.061024373259054,0.1656525021387232,0.006378964712934189,0.16137609499997757,0.17298449500846466,0.16864614,0.006409051358984419,0.1646405,0.17603803,0.05152677642425368,0.0019055667525502674,0.05017839909658841,0.05370681819682689
mobilenet_v2,fp32,slow,32,121.45405474051478,0.05932418622911131,121.3921946882803,121.51046730035429,263.389875558961,0.12866128083407288,263.26755205934825,263.5240540621034,5.847909198878234,0.23935626969889484,5.662480575539568,6.118116026105874,0.1605387808351599,0.005811385486836785,0.15557964306600325,0.16693337407681574,0.16418087666666667,0.005831452720740638,0.15917278,0.17058301,0.04814966393318859,0.0019900078745494743,0.046620317648603915,0.050399583283063765
mobilenet_v2,fp32,slow,64,124.68834829160973,0.07181224603317549,124.60978239349171,124.75059966290472,512.7875534760261,0.2953867478994265,512.5315557488555,513.1107501971745,5.8390147117950315,0.24584795555381037,5.656485106382979,6.1185703125,0.16138741456234365,0.006645218617470637,0.15609790930274908,0.16884618641265922,0.16669574333333337,0.00665423809051295,0.16132779,0.17414078000000002,0.04682886462072253,0.001970900646331901,0.04534234802612309,0.049064487038536025
mobilenet_v2,fp32,slow,128,128.70039927610213,0.06885092672710658,128.62314921290252,128.7552960904231,993.6042387983885,0.5316729794070545,993.180410706026,994.2008000441239,5.897456168276423,0.22419546257911094,5.738361641896674,6.153865819209039,0.1605979441263369,0.00630129191380495,0.15602471360294776,0.16778562577382344,0.16885687000000002,0.0064867342481328884,0.16399451999999998,0.17622220000000002,0.0458226599782087,0.0017225973745149357,0.044613754810172566,0.04779505003729915
mobilenet_v2,fp64,fast,1,18.920327228133505,6.428156934338928,11.49782690486685,22.664262031717456,58.448413330658035,24.703061496411955,44.122327856982594,86.97295656596776,6.203072877404204,0.5727089784696844,5.541775170723166,6.536817110138094,0.4719083021796678,0.14313689829927617,0.3885225096834421,0.6371863061959483,0.47433455666666663,0.14355905152737403,0.39068572,0.64009991,0.35312829163129456,0.11159418529896245,0.28814643698577436,0.48198457122166444
mobilenet_v2,fp64,fast,4,16.486561079904323,5.654601442000529,9.95723438271291,19.772132055865715,268.9188685992477,115.00759668934752,202.30494054450423,401.7179717035219,5.963619092167449,0.5009084281246248,5.385732653732324,6.27365025985937,0.49233372670116093,0.1437381216987759,0.4070700478408967,0.6582872042565726,0.49573876,0.14439309770142789,0.41007134999999995,0.66244816,0.391340328125704,0.1295182936012809,0.3151645126233105,0.5408863994486939
mobilenet_v2,fp64,fast,8,10.241880168432884,0.0003003985534349062,10.241564803268446,10.242162942584363,781.1065813135978,0.0229102850415151,781.0850154255983,781.1306332257857,5.139757657771901,0.2179353120543368,4.96821629403794,5.3849835704607045,0.6078982429448074,0.025742410012915443,0.5875356199101512,0.6368330704160684,0.6137593833333334,0.025935976484937506,0.59310483,0.64286742,0.5018370401756206,0.02126870675867198,0.4850867616945758,0.5257662468999867
mobilenet_v2,fp64,fast,16,14.629221645308741,6.235328118421129,11.029064884357762,21.82915837733452,1211.4465365113163,414.37752643617915,732.9645844987315,1450.7122922717035,5.612126874519222,0.9869298030926364,5.00574527112232,6.750935082408342,0.5043079629287556,0.09167235671717655,0.39856456619213293,0.5613715011117768,0.5126742633333333,0.09283550552434576,0.40559488,0.57056543,0.40789634166229943,0.08548507542423402,0.3092622704784587,0.46055824220855823
mobilenet_v2,fp64,fast,32,19.66956948587088,6.740151369300986,11.886840447171535,23.59949582220883,1802.2302207593664,769.8662071760914,1355.5274026509958,2691.191441318934,6.068358899758043,0.9129091827280831,5.043744190440204,6.7952045936395775,0.4185250842643324,0.0925108918288645,0.3534684686291468,0.524429087503118,0.4307195066666667,0.0952614086715215,0.36390841,0.53980163,0.3276509479118807,0.08425646495389218,0.26975694579048426,0.42431327423431175
mobilenet_v2,fp64,fast,64,18.355238090417995,6.301636129171882,11.07903515728805,22.05053275078939,3861.845783011812,1653.511136429789,2899.6405505686594,5771.136025664732,6.0375741375919345,0.8544179580475221,5.087737571453317,6.7435506822612075,0.4431571376836012,0.10423038505619782,0.3691674556937686,0.5623597543949657,0.4674778866666667,0.11045713141679549,0.38930349000000003,0.59384252,0.35050159522072116,0.09482749951989314,0.28486541482025685,0.45922208019228855
mobilenet_v2,fp64,fast,128,17.70552123638033,7.304789894397572,9.271970703152592,22.050259208160522,8486.204745999054,4594.9131904657925,5799.353043629376,13791.8077985495,5.993123465984964,0.5511367112501981,5.356732789258918,6.3139368990384614,0.5055176449219014,0.2194632403010856,0.37300318110295266,0.7588418474663183,0.5541321933333333,0.23434779045300025,0.41320676,0.82465466,0.38451498405031687,0.16734226317722278,0.286105512416051,0.5777340072307992
mobilenet_v2,fp64,medium,1,22.55887056189962,0.0853254401948141,22.465708734756753,22.633219914696017,44.32888367206062,0.16786776840391807,44.182842908299065,44.51228366781492,6.644692691077407,0.21836740438374466,6.514567485695052,6.896797792924375,0.401948051792763,0.022093899487789087,0.3890584194327043,0.4274594205661015,0.40423002999999996,0.022313728687691353,0.39115066,0.4299947,0.29457477983589103,0.0107552270705601,0.28819199474032947,0.3069922197582097
mobilenet_v2,fp64,medium,4,19.712218323823148,0.04444329472683593,19.66370830851692,19.750974719596663,202.92051859759877,0.45783016747908606,202.521650540682,203.42043002476214,6.360214387866943,0.30601595066198267,6.1068304027226326,6.700197681513117,0.4285478359477312,0.014726420519719521,0.41220178227763093,0.4407794781112237,0.4315884433333333,0.014755847687924716,0.41522414,0.44388061,0.3226778153775789,0.016263943152778317,0.30919134318285135,0.3407392734060781
mobilenet_v2,fp64,medium,8,20.312785008716386,0.05366139852094091,20.25345592510138,20.357928263948335,393.84246196306157,1.041452119867665,392.9672949170926,394.9943174925074,6.4161151733908675,0.24888021986535883,6.267890088945362,6.703449096098954,0.4044476334445763,0.016028791845912303,0.3943484045412415,0.42292953547908374,0.4086989766666667,0.015913445466002454,0.39865755,0.42704692000000005,0.31588812362795426,0.013076296249972044,0.3078844766363142,0.3309780375699215
mobilenet_v2,fp64,medium,16,21.832566463974217,0.11596954792435094,21.700964650191562,21.919807007117473,732.8639890686935,3.902974485124114,729.9334339396655,737.2944133088924,6.4318207789341,0.19664326719097397,6.289996297542914,6.656300388852884,0.3840552500056486,0.021509431562674382,0.3710060205520741,0.4088813360981579,0.39062068,0.02170107935081345,0.37751966,0.41567009000000005,0.2946333121364287,0.010528935437655497,0.2875173504180342,0.30672831812543994
mobilenet_v2,fp64,medium,32,23.330815048814753,0.03086177569780926,23.308784902202085,23.366088186334665,1371.139435100629,1.8124711744803728,1369.067985220587,1372.4337587726225,6.413264437626886,0.29456442967637636,6.223928109028961,6.752640630472855,0.36629413079436723,0.010574772872271192,0.3592083888864798,0.37844920341288135,0.3767590366666667,0.011110722067968164,0.36950624,0.3895503600000001,0.2748904603382784,0.012841001769261869,0.26692007613709895,0.28970367433588967
mobilenet_v2,fp64,medium,64,21.72506661005973,0.058511254837852654,21.659078515682467,21.77062033451504,2943.0947048851945,7.936361584645831,2936.922234800228,2952.047054057993,6.341610427072848,0.2686379729697176,6.160557079081632,6.650268081002893,0.3789888748605743,0.015184607292717416,0.3696173883861351,0.39650831318450214,0.3994893333333333,0.015983383339895022,0.38970112999999995,0.41793378,0.2919264164487334,0.013165171566930204,0.28297572528582077,0.3070429832085285
mobilenet_v2,fp64,medium,128,21.77801731424294,0.1761591685704811,21.57576331743258,21.89790712832485,5872.106678288558,47.71024889638078,5839.701351470879,5926.892873743261,6.349863696917748,0.20850643420337361,6.226613671040586,6.590603216374269,0.3869163960899789,0.02293293430516644,0.37286009073247905,0.4133799465165914,0.42779893666666663,0.024483982383122067,0.41236448000000003,0.45602953999999996,0.29163658734720205,0.011980154475932269,0.28434743259032674,0.30546327003176094
mobilenet_v2,fp64,slow,1,11.49105395961052,0.007431566255985717,11.485626806699667,11.499524070221042,87.02424357759999,0.05626226403233393,86.96012060095441,87.06533973545885,5.317761980542379,0.20598740294167428,5.166891134751774,5.552443442912691,0.6025176544300268,0.026450709880619566,0.5869979697110197,0.6330589496153637,0.60482368,0.02642552156670703,0.58935733,0.63533628,0.46277806208808975,0.018082399220083194,0.4497637697154312,0.4834253747191143
mobilenet_v2,fp64,slow,4,9.955344494215137,0.0009095210274529388,9.954331423991952,9.956090810563593,401.79423470306955,0.03670930033561672,401.7641136575339,401.83512378934773,5.145871191323914,0.21219483533329106,4.990053715603889,5.387539917695474,0.6278355668188116,0.026308865590385325,0.608569404765001,0.6578099275114654,0.6317040466666666,0.02643375691341902,0.61240386,0.6618326799999998,0.5168965230822878,0.021358676024680463,0.5012302701716388,0.5412256924368032
mobilenet_v2,fp64,slow,8,10.240517317588834,7.544462591368803e-05,10.240459787675682,10.240602736083682,781.2105338222409,0.005755366334818117,781.2040175927617,781.2149225592333,5.16382722092628,0.19996250379130587,5.036940836450187,5.394332937383336,0.6096078862523967,0.023700204598713918,0.593424003330665,0.6368116342265846,0.61542951,0.02387359934387563,0.59907458,0.64282509,0.5042545634141208,0.01952801136205175,0.49185980222649145,0.5267651487538659
mobilenet_v2,fp64,slow,16,11.023787219373672,0.0005221319553271504,11.023184505271315,11.02410175071378,1451.4068264861592,0.06874647829184596,1451.3654138727486,1451.48618281303,5.1710065524633775,0.22279086176044813,5.0078460294646066,5.424835909417684,0.5719672054713772,0.02485219433106969,0.5545215527769728,0.6004224534798687,0.5813353433333334,0.025290741688737316,0.5636855199999999,0.61030931,0.46907674595698334,0.020196270386170154,0.45430120733893564,0.49208987706729773
mobilenet_v2,fp64,slow,32,11.832291857649599,0.008469027911713375,11.822825908331613,11.839151163985772,2703.599149647512,1.935695235442887,2702.0318291959434,2705.7628627694157,5.19997756455206,0.22840071947459195,5.039972754603532,5.461544652908067,0.5436017531417108,0.024714419980217298,0.5267860646859831,0.5719777475412479,0.5595820633333334,0.02533958548213111,0.5423728800000001,0.5886800099999999,0.43948210311359753,0.01960349914835336,0.4258568634394831,0.4619491731718121
mobilenet_v2,fp64,slow,64,11.056442732968492,0.001677220787730814,11.05450854021748,11.057494937347423,5782.9286915360835,0.8773244858953905,5782.378313362303,5783.940434187163,5.164605401887212,0.20421922769825127,5.02145975419768,5.398466505106456,0.5714332504008292,0.022601292218153896,0.5554815158797137,0.5972969636540232,0.6033847666666666,0.023855237451051177,0.58652068,0.63067879,0.46711170279882946,0.01843024553765991,0.45424540909521893,0.48822537468646904
mobilenet_v2,fp64,slow,128,10.663390521000496,0.44205166469868407,10.18695108087123,11.060241162325335,12006.08644358041,503.5053571462043,11561.885132057749,12553.043284146783,5.166866147201202,0.20396861153567994,5.005804737416238,5.396217587209303,0.6148944718976189,0.06130463817473436,0.5709964616224091,0.6849369504192837,0.6783391266666667,0.06320902843368682,0.63445987,0.75078954,0.48555384772898247,0.03832871547733486,0.4609823639601478,0.5297186120135756
resnet50,fp16,fast,1,24.00439983623477,6.896576331588034,19.510601152818328,31.944900423386315,43.73388894157025,10.843535821102718,31.30390099034139,51.254187001590616,5.866479641555273,0.6557364472171775,5.337988998589563,6.600313632441761,0.3761275639601976,0.06759032731693217,0.30660223880979914,0.4416005540956583,0.37931832000000004,0.06852891274322977,0.30918098,0.44611674,0.2521437971173295,0.042274670122435694,0.20661556445515744,0.29015693823543404
resnet50,fp16,fast,4,110.85056883396993,26.84493183373082,79.85323333539316,126.5049900716883,37.802853913094346,10.642695711914525,31.6193060663715,50.09189775947481,7.25043461256742,1.1109351274784116,6.006800615384615,8.144662547528517,0.17540789170450122,0.017441514481442832,0.16098892552356134,0.19479425814462448,0.17808627333333335,0.017393419118541146,0.16375964,0.19743940999999998,0.0666096241782416,0.00774376830900315,0.06022371748847135,0.07522301057184914
resnet50,fp16,fast,8,131.18847918077458,35.196618625197544,90.54933373857529,151.89126978171885,64.65175084724402,20.52339866415975,52.669254865646366,88.34962853616103,7.223011186587928,0.7197664753381913,6.3922601781170485,7.659678719008264,0.16536297965854588,0.02957037941675086,0.14735977630259134,0.1994906801292867,0.16858169666666667,0.030080696854322266,0.14975039999999998,0.20327351999999999,0.05714186323828039,0.011650095621522343,0.05040266685439747,0.07059422653039198
resnet50,fp16,fast,16,147.99129218078974,38.51412732505706,103.52074016500563,170.5664301743279,114.18130210871497,34.96809633078314,93.80509390767664,154.55840032149106,7.137653800671195,0.6573008913042286,6.378668272539573,7.517579894179893,0.15528542441537155,0.02497829107675726,0.1403766474662075,0.18412231280285588,0.1584506866666667,0.02500937722471581,0.14348708000000002,0.18732260000000003,0.049978983383999476,0.010079439581878919,0.04407420549575042,0.06161729777407283
resnet50,fp16,fast,32,156.92830582435013,40.79079931411434,109.83229544660448,181.0793562509989,215.25592512088534,65.82419451730637,176.66156948012284,291.26008106881227,7.028622611319556,0.7584069813163316,6.152986866791744,7.477740106951871,0.15557252007811687,0.032590397157728476,0.1360859316230519,0.19319660768901045,0.16009497333333333,0.033653902288041326,0.14005721000000002,0.19894875,0.046254832635251264,0.008460699835899328,0.04117057302700638,0.056021654120695756
resnet50,fp16,fast,64,135.45752163275245,41.06173134873996,111.71202129088259,182.87150407680627,497.98229818584383,128.47106713407146,349.6368624986914,572.3521800697162,6.6295943691889505,0.7959962057219747,6.004411483253589,7.5256836518046715,0.16353353728992015,0.02285376130110799,0.13779269914329556,0.18143896820432856,0.16974371333333335,0.023619358906541765,0.14317875,0.18837420000000002,0.05059433615091147,0.008325189830980732,0.041152850411531994,0.05688113968248042
resnet50,fp16,fast,128,166.59401439587393,41.81965203567205,118.30483967548292,190.7386502438301,807.258911005208,236.99138328200604,670.4317016409153,1080.9129888721131,7.287987626592578,0.9186461121836536,6.266994539249147,8.047663856691255,0.15308013612344715,0.02001614050620806,0.13738465281489348,0.17562089426677238,0.16210031,0.020937214663987666,0.14619668,0.18582148999999998,0.04491490134408701,0.007099979126563596,0.039579311661200836,0.05297327274556036
resnet50,fp16,medium,1,28.754570922347607,0.649392594677303,28.261935783112662,29.4904737314433,34.788781500559026,0.777250309250972,33.90925520920951,35.383280454466586,5.953123221932764,0.24927050235574882,5.762513325608342,6.235207943925233,0.30359049490825707,0.016296949843752098,0.2896176618502493,0.32149297879045896,0.30581381,0.016447022216510808,0.29170809000000003,0.32387921000000003,0.20711774934287122,0.010347299877251881,0.19876413141559401,0.2186924914904188
resnet50,fp16,medium,4,85.93367844074048,0.17220470961369744,85.75047587560262,86.09222804000458,46.54764913732177,0.09331752822250713,46.46180138515309,46.646971450079896,6.909376381632594,0.3333265739921436,6.695410852713177,7.293434351145038,0.17827032131629986,0.00956124805228671,0.1722396207305032,0.1892944450577801,0.18130243,0.010555974763275053,0.17466135000000002,0.19347456,0.0804087073846797,0.004035449878920808,0.07777021230768952,0.08505415598772365
resnet50,fp16,medium,8,106.09301569763863,2.0078799347590786,104.32955275448202,108.27829259170639,75.4234388689169,1.4195326321458814,73.88369181407616,76.68009484164416,6.993637733324707,0.16408091056033308,6.890508535489668,7.182846153846155,0.15951610139740904,0.010373538148311181,0.15236744490029064,0.17141406024980468,0.16211224,0.010283127366190685,0.15496145,0.17389691999999998,0.0659510341109323,0.0026537291335560005,0.06363702613479748,0.06884766553873277
resnet50,fp16,medium,16,139.23559413178336,4.398051357791351,134.19230700969348,142.27376165054187,114.99096743299935,3.6956862629489264,112.45924627549947,119.23187220295891,7.076365534467393,0.3782097005967638,6.741820738137083,7.486747809152872,0.14750122955506997,0.007935802117579459,0.13833890589998948,0.1522081855758113,0.15057243,0.008162244860153376,0.14114762,0.15532909,0.05081721175460504,0.0019658085966905658,0.049204631795054264,0.053007009177209685
resnet50,fp16,medium,32,154.74688425488662,0.47827113215004763,154.21235772877301,155.13437364034942,206.72446757320242,0.6397436278912727,206.20680333498595,207.4396873693806,7.089733351711989,0.3356701164902585,6.7836710900473935,7.448722842639594,0.140454762181374,0.004472410467856998,0.13565739816607356,0.14450917039571487,0.14412771666666666,0.004535436421529168,0.13931063,0.14831585,0.045818914407370404,0.002287936546891984,0.04379559268000323,0.048301724662950324
resnet50,fp16,medium,64,167.97674492286282,0.9495941949991797,167.0038694257048,168.90120559943566,380.6478201138564,2.1528132930261847,378.55632053608525,382.8571107106931,7.1248597986410696,0.24768273471110197,6.932246575342466,7.40425613346418,0.13974789736236473,0.006910428982424801,0.13367601780116284,0.14726750056329851,0.14503349666666668,0.006927135755883034,0.13897497,0.15258558,0.042420937727749665,0.0016711324218625524,0.04125719377935472,0.04433583580384118
resnet50,fp16,medium,128,182.06029553186076,0.6960792809873856,181.46280974294567,182.82463955867655,702.396324716722,2.682040932857843,699.4529739555205,704.70218130541,7.289744665749446,0.26211272278251735,7.129953367875648,7.592245649948823,0.1355540795828731,0.0054733108246844695,0.13195510144561617,0.14185275176171927,0.14308357666666668,0.005860390917552634,0.13891713,0.14978467,0.040043473754595306,0.0015619937722814942,0.03899886462287994,0.041839127591508984
resnet50,fp16,slow,1,20.42046289855456,0.7119242314859952,19.62955865617025,21.010051494709042,49.010756346619644,1.7328100958299857,47.5962660182832,50.94358041950502,5.4404037609160865,0.2232553532488508,5.2443839261471625,5.683414095669403,0.39011537003508906,0.012294045627406137,0.37925581452965185,0.40346323458683875,0.39277329,0.012401212160909905,0.38165902,0.40614994,0.2664921815853483,0.009466187080843801,0.25670633231384116,0.27560251814976633
resnet50,fp16,slow,4,65.52802867676543,0.21147051406055623,65.28609499665512,65.67764598170771,61.04300558123388,0.19733425297350496,60.90352265539579,61.268789321905935,6.0582220136650315,0.21749968921866414,5.893129598189021,6.304672112676056,0.21422611377809975,0.00808933953148783,0.2080397056803085,0.22338014946888898,0.21693393000000002,0.008320856323528242,0.21067309,0.22637609,0.09244763425399181,0.003098400834175765,0.09026622894953283,0.09599418521230206
resnet50,fp16,slow,8,80.60542567794947,0.05567857291279934,80.5729961144205,80.66971692005158,99.24893363514916,0.0685293359952912,99.16980380541645,99.28884844544343,6.044801652407135,0.2102325724940856,5.900289200732154,6.285980487804879,0.1965124606460086,0.007522063178240955,0.19185761366863685,0.2051905324614709,0.19964084,0.007751957395051918,0.19476023,0.20857942000000002,0.07499132267470988,0.002555750120890525,0.07322859890841898,0.07792243146253573
resnet50,fp16,slow,16,96.94357493642308,0.10535898783272821,96.82869038896176,97.03568234945958,165.04459025444228,0.17943202754001428,164.88779810274718,165.24028090979903,6.05576921547723,0.21789394904774612,5.900571713147411,6.30487037037037,0.18136182993736286,0.006968389322845878,0.1762090973264408,0.1892903415823123,0.18488769333333333,0.0068783223154874834,0.17978616000000003,0.19271027999999998,0.06246646894842345,0.002226651735326016,0.06093825796305577,0.06502121855387273
resnet50,fp16,slow,32,105.93549319842016,0.057858700740783975,105.87640868166524,105.99204275509437,301.97404733631384,0.16493484885977097,301.81287617663367,302.1425043980687,6.062306466311334,0.2364814395573558,5.89466643454039,6.33279754601227,0.1738526843581463,0.008217463999097471,0.16704065536889587,0.18297918050763867,0.17829095666666664,0.008583375099553389,0.17128051,0.18786367999999998,0.05722626514236922,0.0022272211548291752,0.055674975265393355,0.059778321874533594
resnet50,fp16,slow,64,109.58237531091702,0.025119245898884455,109.55426458576173,109.60262073512291,583.4754081977886,0.13376134417167526,583.3676101628255,583.6251027524219,6.052287183614077,0.24190554361916208,5.867224559023067,6.326014965986395,0.17382664056413236,0.006720985017684738,0.16884654468449659,0.181471358559363,0.18012862,0.0070018356665377144,0.17492624000000004,0.18808957999999998,0.055230203005764957,0.002196960712507377,0.05355541914509464,0.057717734517265785
resnet50,fp16,slow,128,117.21174279985826,0.03449818831334006,117.17818206975953,117.24710764884807,1090.993463469588,0.32109780198814103,1090.6643278114057,1091.3058693429246,6.097686123385905,0.23130331670334228,5.923164955509925,6.360040955631399,0.17100559367625826,0.006675987792714435,0.16583109697090792,0.17854130147538858,0.18037214666666668,0.006882567873376445,0.17501656999999998,0.18813502000000001,0.05202252497319809,0.0019610392446556763,0.05053466474060823,0.05424475778694302
resnet50,fp32,fast,1,28.51432913185784,7.993192261667526,23.552570401541967,37.735151765217836,36.72895411711972,8.879435155017555,26.50048968192423,42.45821084286116,7.732406312635394,1.1431060854285626,6.90388664351121,9.03653012048193,0.42783544988811784,0.04812359614505695,0.3750423641420476,0.4692502509487258,0.4311714066666667,0.04774916021340828,0.37888383999999997,0.47246412,0.27740595524472117,0.03488546597198337,0.23947247321822884,0.30811083674493317
resnet50,fp32,fast,4,50.83833935889953,15.18072692118406,33.31062117389975,59.79915346144857,84.76884069011392,30.58274085927902,66.8905790209677,120.08181952290236,8.904816914913576,1.2773606706316911,7.430900855365475,9.690033311125916,0.3204566549998381,0.05372209781176695,0.2886711407397436,0.38248318073503024,0.32423113666666664,0.05389319650341246,0.29231798,0.38645475999999995,0.18220492205444583,0.035399079589356994,0.16149275758327367,0.22307902385164446
resnet50,fp32,fast,8,59.65371710920581,17.353897628082535,39.616664233478616,69.88472161053303,143.86134968609238,50.294670267492,114.47423436246812,201.93522485518827,8.582975223173152,1.1239119497418846,7.285209302325581,9.23740631730079,0.28158299706549106,0.043164692644659136,0.25603215591157413,0.3314199418738323,0.28579236,0.04331064021519306,0.26002161,0.33579528999999997,0.14963424458287888,0.02967033465120009,0.1321806269585043,0.18389254732277818
resnet50,fp32,fast,16,43.49133852818657,0.01738993113906332,43.47655017608666,43.51049655507918,367.8893831874375,0.14707912917326532,367.7273592992872,368.0144798793271,7.054263185264868,0.22755120068772625,6.882521921641791,7.3123495327102805,0.3002562606500801,0.009402071741413979,0.2926550838825637,0.3107699360169201,0.30584289000000003,0.009360987971624551,0.29845057,0.31636864,0.16220046915959457,0.005287879385674888,0.15818072572279948,0.1681906568735134
resnet50,fp32,fast,32,67.61075854162904,19.37021010938931,45.24439889069264,78.91438194563526,506.34363260027845,173.81238979880007,405.37304464716914,707.0436133550327,8.644028536424004,1.5760040558371855,6.859900857959962,9.846664596273293,0.2551503007263092,0.02544461505450524,0.23345685407762826,0.2831572750583587,0.26251926333333336,0.02599709641793166,0.24027616000000002,0.29109883000000003,0.13122760776500322,0.01813501637367284,0.11690543507512095,0.15161878654931435
resnet50,fp32,fast,64,58.8932289495356,20.35896733726242,47.127018381394784,82.40173544008486,1162.9029223985196,335.12182809081037,775.9377710233011,1356.7295602785991,7.741375783760065,1.2461996448434831,6.841171401515152,9.163711284046693,0.26732525188148143,0.03519018953166697,0.22761164151981297,0.2946299630301586,0.2793850266666667,0.036584401990205226,0.23812552000000003,0.30786706,0.13649520263480738,0.022270566363223405,0.11120774623381227,0.15318695970310794
resnet50,fp32,fast,128,58.679803475374285,20.05406819645372,47.100697164214985,81.8362467959826,2330.815993860125,665.2954295519123,1562.5990054316615,2714.9754791489127,7.698022619825422,1.2808968857372227,6.708998217468806,9.14493698424606,0.2686028826490036,0.03519623691216764,0.22857930985245123,0.2947269769769194,0.28949750333333335,0.03792587598785601,0.24644270000000001,0.31795924,0.13596550418202713,0.021717912277550662,0.11174677899200762,0.15371026617043587
resnet50,fp32,medium,1,34.61642005342831,0.5454502472602389,34.25197231065076,35.24350272750005,28.89276573347767,0.45132163423997573,28.37402422034836,29.19539905411657,8.353261899970668,0.2594288004758766,8.066107142857142,8.570730493273542,0.37054005621644986,0.013178214569205175,0.3573392887582744,0.3836956015086414,0.3737082266666667,0.013103409975137528,0.36046508,0.38666728,0.24132348753319718,0.007280886696141079,0.23549321684897428,0.24948431338214969
resnet50,fp32,medium,4,55.15500199288133,0.304040469540262,54.811156275529896,55.388310510408054,72.5243604805336,0.4008362966892675,72.21740405402612,72.97784377859905,9.26511556206926,0.5513188238534161,8.732434104046243,9.833350798722044,0.29974711340720256,0.009408057455372204,0.28923954596264717,0.30738937255999527,0.3032714033333333,0.009374364628796648,0.29286078,0.31104438,0.16796048602806976,0.009375970379591878,0.15931855296299935,0.17792915698214795
resnet50,fp32,medium,8,64.81707433429806,0.9152767966345632,64.27023599958483,65.87372877360279,123.4405456598786,1.729024549077613,121.44446881843731,124.47441456495784,8.605516451291306,0.24684640524526685,8.331918092909536,8.811533413606261,0.2761586001065177,0.014617112542537076,0.2639530567680579,0.2923573369569935,0.2803008433333333,0.014335726258011246,0.26874598,0.2963436,0.1327759907357178,0.003889982881551046,0.12956419418703555,0.1371013078847755
resnet50,fp32,medium,16,70.961968436964,0.37495126638320936,70.63933844989415,71.37332516850451,225.4770778642393,1.1892888821716228,224.17338637685404,226.50268746994436,8.686255703360475,0.29742226803743005,8.513843124165554,9.029688415446072,0.25823216669075416,0.009919049437257788,0.2519585484606082,0.26966770025393055,0.2631159666666667,0.009823927810078499,0.25675324,0.27443037000000003,0.12242045627690228,0.004701116004628621,0.11930557460180359,0.12782804331967243
resnet50,fp32,medium,32,75.95852432704784,0.6448081038916132,75.36166999251827,76.64243971509148,421.16797176111464,3.5693627135177595,417.38967854715526,424.48320583829457,9.12732436285823,0.44173814838002035,8.719122390208783,9.59630447987851,0.24005772126364933,0.007793579453035565,0.23320739782832506,0.24853705772248963,0.24679469666666667,0.007940659401978729,0.23991466,0.2554838,0.12015826737258993,0.005627875386982206,0.1156970432193766,0.12648107820567087
resnet50,fp32,medium,64,79.06037869661564,0.2467712789852972,78.84619538592713,79.3302284429997,808.7367509490476,2.5217918727185737,805.9805219365068,810.9283981664801,8.897584780175938,0.3362353327378565,8.663525510204082,9.282879941434846,0.23521685450700033,0.009400827425107592,0.22915024588315777,0.24604584680206296,0.24539599,0.009911416988468393,0.23897056,0.25681063,0.11254300441031023,0.004295043769707655,0.1098788022402206,0.11749780077392484
resnet50,fp32,medium,128,80.57089282482137,0.33039318595904466,80.29956071577622,80.93881697345263,1587.1571552463731,6.497721433452567,1579.9247213312403,1592.5023339080203,9.035814070629927,0.33870525851169686,8.78528768115942,9.42117080291971,0.23241050504392705,0.009519542479199396,0.22568670583857173,0.24330331310427628,0.24987129333333333,0.009845829153983576,0.24331895,0.26119360999999996,0.11215805837628373,0.004592450436860782,0.1085423287572999,0.11732530936584264
resnet50,fp32,slow,1,23.635695206732176,0.4058023104826974,23.271308568168056,24.073020449575463,42.31716841365482,0.7233904981127774,41.54027958787512,42.971369533033574,6.981562949242904,0.26221297765830986,6.803775263484191,7.282704995287466,0.4518128698361323,0.012669739533939411,0.4406961546869684,0.4656075058832484,0.45494294999999996,0.012760589253964762,0.44381532999999995,0.46887125,0.2953278201754727,0.006908158850185156,0.28875124325546364,0.3025256016602561
resnet50,fp32,slow,4,33.23846808258355,0.009215010500520445,33.22802592807602,33.245460451867274,120.3424957808984,0.033368139654626434,120.31717851497932,120.38030813681893,7.149299867819045,0.2398121941649753,6.991898635477583,7.425303620085637,0.3672164846856878,0.012576910503673825,0.35905604197392954,0.38170026595529377,0.3710207833333334,0.012759675154737766,0.3627285,0.38571385999999996,0.215090192509627,0.007171709959814678,0.2104217280500488,0.22334789529644145
resnet50,fp32,slow,8,39.39231131025431,0.07296674691451892,39.30862553005115,39.44261964772329,203.08578124239952,0.3765562149987097,202.826284649726,203.51767308383904,7.140993136959292,0.22026495183290257,6.887772607550484,7.2882473262032095,0.32359448799736784,0.009309124509745142,0.3131225885059404,0.3309314589040931,0.3282160733333333,0.009880309480174881,0.31729496,0.33653451,0.18128140492714798,0.0057012398520392355,0.1747026577190333,0.18478101584776208
resnet50,fp32,slow,16,42.34791630305722,0.0674713253053261,42.27166663379112,42.39989287733066,377.8232436041037,0.6024225831423452,377.35944395639,378.5041204694286,7.0206742038166325,0.23994581423694566,6.879718303365607,7.297725553505535,0.3031152104483475,0.009489082443441606,0.29677243766372574,0.31402414236042286,0.30864136,0.009935932740191021,0.30178456,0.320036,0.16578404727997834,0.005589860200724336,0.16225791709591528,0.1722291355999981
resnet50,fp32,slow,32,44.57956916447392,0.009315568920094691,44.56977141336786,44.58831289103223,717.5880073899099,0.1499560190643457,717.4472681648751,717.7457335165294,7.005214317803843,0.25223276051302507,6.8254156028368795,7.293546742209632,0.2914153243817235,0.010962139504072424,0.2844455811787993,0.30405090700860404,0.2992327033333333,0.011380423764053512,0.29189701999999995,0.31234273,0.1571396085805898,0.005659299654682586,0.153076336831072,0.16360351696487113
resnet50,fp32,slow,64,46.798248636473176,0.004342953735561891,46.79369521182712,46.802344961431835,1366.260942575181,0.1267930795155236,1366.1413542103662,1366.393883543326,6.942971438315383,0.23608438846793128,6.748284966698383,7.205568181818181,0.28354669088466805,0.010114392379285773,0.27505622419787,0.29473706028018537,0.29591867,0.010744759489164939,0.28681227,0.30776947,0.14835934945265059,0.005031654868837573,0.1442135513374193,0.15395741789767237
resnet50,fp32,slow,128,46.943798910610155,0.011729058860794788,46.93030920796893,46.95158863692256,2724.049739090536,0.6807072726252389,2723.597679314736,2724.832629697407,6.956429910121852,0.2547838325847412,6.777231970601745,7.248095391705069,0.283821536939138,0.009718687969767834,0.2768710622211539,0.29492704767132627,0.3060858833333333,0.010406034231696195,0.29851317,0.31795159999999995,0.14818573726171716,0.005402138582387914,0.14441055439393838,0.1543738050645041
resnet50,fp64,fast,1,1.353321117446565,0.5782852315691601,1.0194463366992164,2.0210673856735375,818.8780351074544,280.6701562243263,494.7880546134001,980.9246097620204,5.241373248862517,0.867433357398636,4.692552217625072,6.241412620220501,4.2667262980537135,0.907153485283296,3.2207593894543867,4.838621565323319,4.2728983666666664,0.9081170676581208,3.2258224499999995,4.84543252,4.129994108662444,0.9035100339371578,3.088176408398426,4.6987808345573505
resnet50,fp64,fast,4,1.8361026495998096,0.6307534381380012,1.107781872709879,2.2036592397092045,2415.585575808873,1035.106442316123,1815.1626748461533,3610.8191499966665,5.594819472805284,0.8117314635717595,4.687041536050158,6.250852899696568,3.3394978250648215,0.8678860400399064,2.7414285407294146,4.334923899436462,3.354285996666667,0.8712896767217015,2.75383135,4.353610140000001,3.2431600110126038,0.860889789358359,2.6531161793602176,4.231014833799925
resnet50,fp64,fast,8,1.5207783629012066,0.6525615460778476,1.1439376448367171,2.2742915252197706,5834.4422417741525,2006.4625318839153,3517.5789520769285,6993.388176452485,5.510838338764262,0.5435497058918478,5.129965042800161,6.133302685037979,4.02983528269927,1.0815483393707195,2.783019807267569,4.715171915638425,4.063522586666667,1.0905002372701276,2.80640642,4.75481005,3.92894521470172,1.068787570596784,2.6967970539508133,4.605558980662694
resnet50,fp64,fast,16,2.435121922757721,0.006692825424157673,2.4279053309052183,2.4411249031483737,6570.546010630566,18.071976332511436,6554.3553217471335,6590.0427814599225,6.306724687206292,0.2475294070889861,6.15042851782364,6.59211523364486,2.675110624318067,0.11241332317505817,2.607067398407071,2.8048628216391633,2.718811913333333,0.11422914470119516,2.6494402100000003,2.85065214,2.5900842760401237,0.10835005725874595,2.524458733798258,2.7151450881270813
resnet50,fp64,fast,32,1.923682738042177,0.6618420246193962,1.1594641778994377,2.3093076691656536,18445.833740704056,7919.218032490205,13852.534117859477,27590.126444187812,6.57837378168636,0.7269842577059602,5.738985567101874,7.006824592969675,3.7742857755696626,1.1183613096716778,3.1275612403131507,5.065657625068618,3.89398998,1.1538949181440556,3.2268909399999997,5.22639266,3.673226925646949,1.1054477593585665,3.034166770641359,4.949687688928003
resnet50,fp64,fast,64,1.5393826068199417,0.6592188358757634,1.1587760246903234,2.300582951479446,46049.061583008704,15810.771380312595,27792.355361372174,55177.719907450155,6.0915497340954845,0.8916380917084321,5.380860527222605,7.0920370543095785,4.352539282807211,1.0315804421009185,3.180832329082919,5.124094993018154,4.626670466666667,1.097001823317373,3.38064274,5.44710312,4.244341042050739,1.0222558022928325,3.0827130357324743,5.006737551317019
resnet50,fp64,fast,128,1.937271269265034,0.6363779420581728,1.2161173142980195,2.420035050720042,72256.46128774622,28642.569881291936,52841.06848519182,105152.05757552847,6.126615639564247,0.9503736379830025,5.077462727751448,6.9298831026795105,3.4628601683223685,0.7605431304222995,2.9585067895719286,4.337649582623615,3.87845669,0.8639212733710885,3.32902244,4.87425042,3.322561202534646,0.7390816225794087,2.863546584012342,4.17514220713346
resnet50,fp64,medium,1,2.02682397311921,0.004989566771806795,2.0214599628357357,2.0313270553678833,493.38475170015045,1.2153522015324592,492.2890173482651,494.69196441426635,5.938225142511612,0.23819311978149357,5.773506846658134,6.211337729646103,3.0839188085903966,0.1392746216434802,3.001002015482372,3.24471296801307,3.08873078,0.13929388221009892,3.0058447499999996,3.24954806,2.930016546407227,0.12465553123207364,2.842234012194813,3.07269886311908
resnet50,fp64,medium,4,2.2027644194319618,0.0055781222745045315,2.1969639698894685,2.2080898322243865,1815.90780694015,4.599965642955537,1811.5205013966656,1820.694401374841,5.987046310668492,0.25016446244028745,5.824575411159746,6.275126299576434,2.819830739367498,0.11297210541783415,2.7493696986147294,2.9501355880589735,2.8326261900000005,0.11347715965979557,2.7619375699999997,2.96351842,2.718159524502431,0.1201384432415445,2.637834442311698,2.856271830389709
resnet50,fp64,medium,8,2.2742570875485324,0.0058581892272332806,2.268391707505717,2.2801080593824246,3517.6477767565066,9.061117415527487,3508.605641333871,3526.7277576131933,6.249315490927568,0.25404890643523476,6.102187184483216,6.54266543291474,2.843956427752747,0.114947295224512,2.7612185433449055,2.975207028498425,2.8678653733333337,0.115952600864903,2.78441,3.0002650300000004,2.7480279886868444,0.11804928072329504,2.676271047494133,2.8842749738795943
resnet50,fp64,medium,16,2.4344091974098245,0.007133490483480902,2.426781474732075,2.4409156544371426,6572.474204022772,19.272217914638826,6554.917197124324,6593.094667399526,6.283129446452329,0.24198516763036776,6.12488615746181,6.561690599245705,2.6700444431038934,0.1184683988180872,2.590855109279583,2.8062390508797352,2.7132315499999997,0.11996941877531647,2.63299011,2.85114616,2.581166865607012,0.10678352431816238,2.509257600248446,2.7038654561882782
resnet50,fp64,medium,32,2.2996643021098357,0.006870570394831137,2.292833426955463,2.3065738913751086,13910.705835920116,41.5582411748161,13868.9522999328,13952.065989472834,7.114844049558637,0.27229196580419995,6.957074584550965,7.429259059468395,3.1997185180239587,0.13006255894120625,3.121042994531658,3.349843872670867,3.301016713333334,0.13444232365188621,3.2198564899999997,3.4562026800000005,3.094083442263732,0.12662265425251779,3.0166813778110906,3.240208805457504
resnet50,fp64,medium,64,2.2985618238439236,0.006519172505946415,2.2916153914100312,2.3045469949755355,27816.942471436196,78.94302595622591,27744.549824860467,27901.112536379747,7.240732354910893,0.30231203745610324,7.055283789509365,7.589580026203458,3.2593948409308737,0.13508907575020268,3.1702764256267164,3.414825548199855,3.4635935166666667,0.1435797832664769,3.3690447100000003,3.6288109000000004,3.15035728424713,0.13989957114503543,3.0681508853218524,3.3118908411300154
resnet50,fp64,medium,128,2.365363700246394,0.061425133147886564,2.310120337025599,2.431510375007694,54086.55844961547,1395.5864025524731,52591.689168201796,55355.227951592795,6.552704652050313,0.26949866538416656,6.3538140219640304,6.859421331714229,2.900603125240734,0.15811891929256114,2.7469920841971884,3.062874011205978,3.2499005933333334,0.17044841249113768,3.0901915399999997,3.4293664899999996,2.771454836890289,0.13265956357749892,2.6505659481104558,2.9133730024162583
resnet50,fp64,slow,1,1.0194625482722053,4.3901629373627466e-05,1.0194122458838755,1.0194931405469514,980.9090122350725,0.042242357160759865,980.8795765545872,980.957413487765,4.8609747254589735,0.20323456269499818,4.70876091654993,5.091766809413271,4.907539976526809,0.20420909843057963,4.751724099688377,5.138720271473981,4.914070376666667,0.20439013567359587,4.75811408,5.14545502,4.768170772636959,0.19924171946894165,4.619093929431097,4.994463383281813
resnet50,fp64,slow,4,1.107780766629017,3.996605362512629e-06,1.1077766274397107,1.1077846034781336,3610.8227553062975,0.0130269814167649,3610.810249069287,3610.836247055316,4.865229579983665,0.19349646024684872,4.71876355162576,5.084584656257485,4.498245105515867,0.17893335600029633,4.362327916920456,4.700970291640955,4.517954113333334,0.1796001370576722,4.381283870000001,4.721371220000001,4.39187003200221,0.17465554324757313,4.259670618373443,4.58986759726874
resnet50,fp64,slow,8,1.144013601082747,8.020243860902878e-05,1.1439271884046824,1.144085653010023,6992.923876640622,0.4902562089870822,6992.483455196265,6993.452101752016,5.014064820333492,0.1992198590072505,4.878736048231656,5.242829004037684,4.4848915742856255,0.1765374257421206,4.365735350097452,4.687706582344292,4.5218785766666665,0.17785414040353445,4.401780990000001,4.72619976,4.382869599332107,0.17406248063104468,4.264900858799875,4.582780472983363
resnet50,fp64,slow,16,1.2248921536363238,0.00011674638431481666,1.2247584696835372,1.22497403452312,13062.374552245315,1.2450587541939004,13061.5013453969,13063.80024800662,5.039279821675272,0.20952477389610172,4.889004543832519,5.278623540046148,4.216180514008397,0.17502061626645254,4.089841082108387,4.415955416824334,4.2840326399999995,0.1779156896426093,4.1556161199999995,4.487114549999999,4.114054761609082,0.1708582709610838,3.9912067136477543,4.309171779384782
resnet50,fp64,slow,32,1.158916157567477,6.441407127922548e-05,1.1588527184866944,1.1589815042524223,27603.17313098865,1.5342165751563268,27601.61672846204,27604.68415479586,5.486656637539638,0.2173183732351517,5.3050591826314735,5.727435525760838,4.844330396403686,0.1919744253581627,4.68381056554678,5.056988264678282,4.998065100000001,0.19810259207177244,4.832399580000001,5.21750254,4.734294977410209,0.18732630387213176,4.577611486612929,4.94178337164682
resnet50,fp64,slow,64,1.15852343140338,2.190134693883542e-05,1.1584995373157747,1.1585425529458315,55189.750339026585,1.0433427166455065,55188.83942868924,55190.888616128395,5.542233519702971,0.22062433568177897,5.379928191546627,5.793438625204582,4.896471629334546,0.19422876966925492,4.753118356495622,5.117520935081464,5.2049871633333336,0.20655060688564342,5.05260014,5.44007309,4.783874883308037,0.19035749313988978,4.643875994989033,5.000626528972612
resnet50,fp64,slow,128,1.2067087469098305,0.02432897881193402,1.1786210744811398,1.221212151601632,106000.9787678363,2162.2618981657347,104713.36833976807,108497.32846322755,5.209911885784546,0.2247082854673202,5.035805383530565,5.4635754846163715,4.455299631759212,0.13103247566868648,4.325978173964113,4.58797859420614,5.004472986666666,0.14902218319832125,4.867590959999999,5.163219559999999,4.316906377194871,0.14019517818297386,4.204199096142466,4.4738954467909915
