prefix,model,precision,profile,batch,metric,n_devices,mean,sd,cv,min,max,max_to_min_ratio
mobilenet_v2_fp16_fast_BS1,mobilenet_v2,fp16,fast,1,throughput_img_s,4,37.421374308067904,6.517003917328608,0.17415191285274542,33.9610676082636,47.19294830441813,1.3896191029322906
mobilenet_v2_fp16_fast_BS1,mobilenet_v2,fp16,fast,1,latency_avg_ms,4,27.250858314088894,4.043925473692116,0.14839626066388437,21.189606412159282,29.445481853953098,1.3896191029322909
mobilenet_v2_fp16_fast_BS1,mobilenet_v2,fp16,fast,1,avg_power_W,4,6.331663168263772,0.9742268838145489,0.15386587345607255,5.7030969341749325,7.7643908536585355,1.3614341371495224
mobilenet_v2_fp16_fast_BS1,mobilenet_v2,fp16,fast,1,energy_per_img_J_avg_power_times_meta_duration,4,0.2578869288135759,0.00803692848856372,0.031164543800409294,0.2537467784472018,0.2699413618454111,1.063821828585615
mobilenet_v2_fp16_fast_BS1,mobilenet_v2,fp16,fast,1,energy_per_img_J_integrated_log_timestamps,4,0.25999919250000003,0.007914529430704734,0.030440592351857913,0.25563093000000003,0.27183922,1.0634050425744646
mobilenet_v2_fp16_fast_BS1,mobilenet_v2,fp16,fast,1,energy_per_img_J_power_over_throughput_proxy,4,0.16962684136538747,0.005818822811709317,0.03430366777375278,0.1645243862191938,0.1780037712563412,1.0819294047946728
mobilenet_v2_fp16_fast_BS16,mobilenet_v2,fp16,fast,16,throughput_img_s,4,297.03081781244117,80.57314358095876,0.27126189859476574,222.07332355048578,368.073864115029,1.657442948258266
mobilenet_v2_fp16_fast_BS16,mobilenet_v2,fp16,fast,16,latency_avg_ms,4,57.0219860342142,15.518817028147224,0.27215497227395163,43.46953576415777,72.04827551636379,1.657442948258266
mobilenet_v2_fp16_fast_BS16,mobilenet_v2,fp16,fast,16,avg_power_W,4,6.335849919502772,0.6423623628788389,0.10138535019611868,5.427746018440905,6.942215286624204,1.2790236063069
mobilenet_v2_fp16_fast_BS16,mobilenet_v2,fp16,fast,16,energy_per_img_J_avg_power_times_meta_duration,4,0.12281679146965173,0.02445850186876544,0.1991462370583845,0.10011359613313296,0.15476831503268063,1.5459270369917266
mobilenet_v2_fp16_fast_BS16,mobilenet_v2,fp16,fast,16,energy_per_img_J_integrated_log_timestamps,4,0.1251703475,0.024852621404079116,0.19855039073115233,0.10206171,0.15766522,1.5448028452590103
mobilenet_v2_fp16_fast_BS16,mobilenet_v2,fp16,fast,16,energy_per_img_J_power_over_throughput_proxy,4,0.022235790349117043,0.0047670948155319,0.21438836851244175,0.017634534612067796,0.02786484113379604,1.580129090264019
mobilenet_v2_fp16_fast_BS4,mobilenet_v2,fp16,fast,4,throughput_img_s,4,110.85467097269242,27.02318466686467,0.2437712766611474,86.22507399204038,134.82239869249736,1.5636101246482328
mobilenet_v2_fp16_fast_BS4,mobilenet_v2,fp16,fast,4,latency_avg_ms,4,37.76834682450718,9.21869849668459,0.24408530613001966,29.668660688371165,46.39021823709016,1.5636101246482328
mobilenet_v2_fp16_fast_BS4,mobilenet_v2,fp16,fast,4,avg_power_W,4,6.003489750620481,0.33920963562284134,0.05650207624453475,5.499439820742639,6.221731691919192,1.1313391717556818
mobilenet_v2_fp16_fast_BS4,mobilenet_v2,fp16,fast,4,energy_per_img_J_avg_power_times_meta_duration,4,0.1555605631452897,0.03447503724726901,0.22161810519463201,0.1261777934839367,0.1966459285361352,1.5584828606245167
mobilenet_v2_fp16_fast_BS4,mobilenet_v2,fp16,fast,4,energy_per_img_J_integrated_log_timestamps,4,0.15772361,0.034716326291972965,0.22010862097293468,0.12821766999999998,0.19911927,1.552978384336574
mobilenet_v2_fp16_fast_BS4,mobilenet_v2,fp16,fast,4,energy_per_img_J_power_over_throughput_proxy,4,0.05637071362203044,0.012492636508370283,0.2216157239401701,0.045715691687393034,0.07012827487199383,1.5340088333681063
mobilenet_v2_fp16_fast_BS8,mobilenet_v2,fp16,fast,8,throughput_img_s,4,245.71707160012159,40.95500705867036,0.16667546455754723,184.39614962629952,269.1068103970533,1.4593949545173797
mobilenet_v2_fp16_fast_BS8,mobilenet_v2,fp16,fast,8,latency_avg_ms,4,33.39120595775428,6.668267156235629,0.1997012975413992,29.727973023783417,43.38485383893829,1.4593949545173797
mobilenet_v2_fp16_fast_BS8,mobilenet_v2,fp16,fast,8,avg_power_W,4,6.531732396992464,0.9140124246774611,0.13993415056292235,5.36855750798722,7.539052505966587,1.404297615281228
mobilenet_v2_fp16_fast_BS8,mobilenet_v2,fp16,fast,8,energy_per_img_J_avg_power_times_meta_duration,4,0.11876449964852916,0.01332363250052468,0.11218531244567649,0.1043723439258105,0.13390602549166025,1.2829646288948224
mobilenet_v2_fp16_fast_BS8,mobilenet_v2,fp16,fast,8,energy_per_img_J_integrated_log_timestamps,4,0.1206448125,0.013520606770322546,0.11206952450046326,0.10609525,0.13592754,1.2811840303877884
mobilenet_v2_fp16_fast_BS8,mobilenet_v2,fp16,fast,8,energy_per_img_J_power_over_throughput_proxy,4,0.02677170931938548,0.002301692246442742,0.0859747959677748,0.02387639294245702,0.029114260351245043,1.2193743176120229
mobilenet_v2_fp16_medium_BS1,mobilenet_v2,fp16,medium,1,throughput_img_s,4,33.15292618489996,0.5389372044639633,0.016256097620409478,32.61191281454899,33.729136083820016,1.0342581336956294
mobilenet_v2_fp16_medium_BS1,mobilenet_v2,fp16,medium,1,latency_avg_ms,4,30.16922548055569,0.4901230218354567,0.01624579398471283,29.647957703835274,30.66364140265563,1.0342581336956296
mobilenet_v2_fp16_medium_BS1,mobilenet_v2,fp16,medium,1,avg_power_W,4,5.416328833220969,0.5003637438005093,0.0923806067186202,5.014335478335478,6.119880071333037,1.2204767905486347
mobilenet_v2_fp16_medium_BS1,mobilenet_v2,fp16,medium,1,energy_per_img_J_avg_power_times_meta_duration,4,0.24867952889374517,0.020032969271659082,0.08055737181414194,0.23192545346292143,0.2754423676516818,1.1876331965250098
mobilenet_v2_fp16_medium_BS1,mobilenet_v2,fp16,medium,1,energy_per_img_J_integrated_log_timestamps,4,0.25037603750000004,0.01993205946824258,0.0796084947555837,0.23400595000000002,0.27712075,1.1842465971484912
mobilenet_v2_fp16_medium_BS1,mobilenet_v2,fp16,medium,1,energy_per_img_J_power_over_throughput_proxy,4,0.16328907447048757,0.013412378555637391,0.0821388607849664,0.15256978718287914,0.18144194550742626,1.1892390286285137
mobilenet_v2_fp16_medium_BS16,mobilenet_v2,fp16,medium,16,throughput_img_s,4,231.59259476697153,3.6193373393736707,0.01562803570215813,228.7002182924289,236.88689400496054,1.0357965365037987
mobilenet_v2_fp16_medium_BS16,mobilenet_v2,fp16,medium,16,latency_avg_ms,4,69.09933004069876,1.0658352048375235,0.015424682181574815,67.54278267359507,69.96058035913855,1.0357965365037984
mobilenet_v2_fp16_medium_BS16,mobilenet_v2,fp16,medium,16,avg_power_W,4,6.284181078636788,0.6207792212392801,0.09878442608053303,5.842375824175824,7.176173190984579,1.2282970844308723
mobilenet_v2_fp16_medium_BS16,mobilenet_v2,fp16,medium,16,energy_per_img_J_avg_power_times_meta_duration,4,0.10956362280653388,0.008099802467283302,0.07392784447795994,0.10097357073425248,0.11947163570475146,1.1831970963885505
mobilenet_v2_fp16_medium_BS16,mobilenet_v2,fp16,medium,16,energy_per_img_J_integrated_log_timestamps,4,0.11179672,0.00835394034817502,0.07472437785451148,0.10305775000000002,0.12218022,1.1855510138732894
mobilenet_v2_fp16_medium_BS16,mobilenet_v2,fp16,medium,16,energy_per_img_J_power_over_throughput_proxy,4,0.027112650033541272,0.002291485047261156,0.0845171919538054,0.025347803327946394,0.030293669141671916,1.1951200958022512
mobilenet_v2_fp16_medium_BS4,mobilenet_v2,fp16,medium,4,throughput_img_s,4,131.44350533866236,5.441812795464128,0.04140039313044318,126.15499449387384,138.82173544661825,1.1004061789512385
mobilenet_v2_fp16_medium_BS4,mobilenet_v2,fp16,medium,4,latency_avg_ms,4,30.469739594458733,1.2376596405478066,0.040619304825725816,28.813931673820186,31.707028453750535,1.1004061789512385
mobilenet_v2_fp16_medium_BS4,mobilenet_v2,fp16,medium,4,avg_power_W,4,5.9346439406193845,0.5409103489333145,0.09114453273785807,5.546189265536723,6.705756653992395,1.2090746155492869
mobilenet_v2_fp16_medium_BS4,mobilenet_v2,fp16,medium,4,energy_per_img_J_avg_power_times_meta_duration,4,0.12566282352879984,0.01061164719761395,0.08444539840521677,0.1172845911459486,0.14041846307772862,1.1972456202962953
mobilenet_v2_fp16_medium_BS4,mobilenet_v2,fp16,medium,4,energy_per_img_J_integrated_log_timestamps,4,0.12745318,0.010866595568542465,0.08525950916675806,0.11903503,0.14260533,1.1980114593157998
mobilenet_v2_fp16_medium_BS4,mobilenet_v2,fp16,medium,4,energy_per_img_J_power_over_throughput_proxy,4,0.04511616562282644,0.0029588981899792742,0.06558399077430076,0.042062355315880165,0.04830480351235049,1.1484093829171178
mobilenet_v2_fp16_medium_BS8,mobilenet_v2,fp16,medium,8,throughput_img_s,4,173.4473622593979,1.3878814508899495,0.008001744349471939,172.00421135449685,175.22320795524777,1.0187146382952021
mobilenet_v2_fp16_medium_BS8,mobilenet_v2,fp16,medium,8,latency_avg_ms,4,46.12571328426304,0.368242025233044,0.007983443485494655,45.65605260487646,46.510489115363455,1.0187146382952024
mobilenet_v2_fp16_medium_BS8,mobilenet_v2,fp16,medium,8,avg_power_W,4,6.161976499096041,0.52677205922733,0.08548751513489335,5.755787592008413,6.883637396694215,1.1959505604848515
mobilenet_v2_fp16_medium_BS8,mobilenet_v2,fp16,medium,8,energy_per_img_J_avg_power_times_meta_duration,4,0.1170079305911475,0.010681664956732133,0.09129009378053456,0.10854018669019715,0.13251874076423784,1.2209186735829185
mobilenet_v2_fp16_medium_BS8,mobilenet_v2,fp16,medium,8,energy_per_img_J_integrated_log_timestamps,4,0.11898868,0.010746313194033883,0.0903137440808141,0.11063376,0.13465858,1.2171563182883778
mobilenet_v2_fp16_medium_BS8,mobilenet_v2,fp16,medium,8,energy_per_img_J_power_over_throughput_proxy,4,0.0355145290137314,0.0028141664907230675,0.07923986517278585,0.0331221709499518,0.03928496388704574,1.1860624699512008
mobilenet_v2_fp16_slow_BS1,mobilenet_v2,fp16,slow,1,throughput_img_s,4,22.46515012792286,0.5779166041438093,0.025725027469346528,22.02625674414256,23.306329964357555,1.0581157858588661
mobilenet_v2_fp16_slow_BS1,mobilenet_v2,fp16,slow,1,latency_avg_ms,4,44.53503414581694,1.1218669431566906,0.025190660895946897,42.906798347457666,45.40036065210807,1.0581157858588661
mobilenet_v2_fp16_slow_BS1,mobilenet_v2,fp16,slow,1,avg_power_W,4,5.1204218804760675,0.48608136000399116,0.09492994353793327,4.749339559093691,5.802920833333333,1.2218374283688183
mobilenet_v2_fp16_slow_BS1,mobilenet_v2,fp16,slow,1,energy_per_img_J_avg_power_times_meta_duration,4,0.34398259860490843,0.035466726389773766,0.10310616447929723,0.31186745833639806,0.3916320860770744,1.255764510238313
mobilenet_v2_fp16_slow_BS1,mobilenet_v2,fp16,slow,1,energy_per_img_J_integrated_log_timestamps,4,0.34611256749999997,0.035788606844310435,0.1034016392493764,0.31365940999999997,0.39402733999999995,1.2562267460746674
mobilenet_v2_fp16_slow_BS1,mobilenet_v2,fp16,slow,1,energy_per_img_J_power_over_throughput_proxy,4,0.22817433212798016,0.024052255268556123,0.10541174830771724,0.20377895474563654,0.25945193937149774,1.2732028177068335
mobilenet_v2_fp16_slow_BS16,mobilenet_v2,fp16,slow,16,throughput_img_s,4,195.97484866372622,3.313615320860696,0.01690837035188397,194.1431236343569,200.941759897072,1.0350186817613969
mobilenet_v2_fp16_slow_BS16,mobilenet_v2,fp16,slow,16,latency_avg_ms,4,81.66034947094508,1.3578853335870391,0.01662845361775212,79.6250615511462,82.41342624183744,1.035018681761397
mobilenet_v2_fp16_slow_BS16,mobilenet_v2,fp16,slow,16,avg_power_W,4,5.674306603989343,0.49439915964778336,0.08712944050294959,5.303004029008864,6.375628732849072,1.202267374863881
mobilenet_v2_fp16_slow_BS16,mobilenet_v2,fp16,slow,16,energy_per_img_J_avg_power_times_meta_duration,4,0.13978143722217012,0.012094427857149679,0.08652384821259682,0.13065808438625068,0.1567695532654304,1.1998457960089874
mobilenet_v2_fp16_slow_BS16,mobilenet_v2,fp16,slow,16,energy_per_img_J_integrated_log_timestamps,4,0.14230301,0.012356087689885234,0.0868294190677009,0.13302586,0.15967468,1.2003281166534088
mobilenet_v2_fp16_slow_BS16,mobilenet_v2,fp16,slow,16,energy_per_img_J_power_over_throughput_proxy,4,0.028930482542537904,0.002037918044429201,0.07044189606698575,0.027277371847279696,0.03172873939252273,1.1631890187282452
mobilenet_v2_fp16_slow_BS4,mobilenet_v2,fp16,slow,4,throughput_img_s,4,87.4139059297201,1.350929849705014,0.015454404368924413,85.47003955224696,88.54980609057809,1.0360332878569514
mobilenet_v2_fp16_slow_BS4,mobilenet_v2,fp16,slow,4,latency_avg_ms,4,45.76760658487096,0.7158330821943238,0.015640605563825818,45.17231800494716,46.80002514278516,1.0360332878569511
mobilenet_v2_fp16_slow_BS4,mobilenet_v2,fp16,slow,4,avg_power_W,4,5.442484773870421,0.485932425940749,0.08928503176963015,5.055563532401525,6.127092639593909,1.211950477988233
mobilenet_v2_fp16_slow_BS4,mobilenet_v2,fp16,slow,4,energy_per_img_J_avg_power_times_meta_duration,4,0.17112576858229295,0.015385240067443382,0.08990603925349062,0.15878617481872664,0.19254695120479046,1.2126178581013478
mobilenet_v2_fp16_slow_BS4,mobilenet_v2,fp16,slow,4,energy_per_img_J_integrated_log_timestamps,4,0.1732849925,0.01561561510751843,0.09011521934029243,0.16087375,0.19510736999999997,1.212798048158882
mobilenet_v2_fp16_slow_BS4,mobilenet_v2,fp16,slow,4,energy_per_img_J_power_over_throughput_proxy,4,0.06227529185145228,0.0056440797558817354,0.09063112493065119,0.057092880894963914,0.06961215498294575,1.2192790745839932
mobilenet_v2_fp16_slow_BS8,mobilenet_v2,fp16,slow,8,throughput_img_s,4,167.53213501402848,1.7225049357689541,0.010281639015850412,166.19712890169953,170.04296749516945,1.023140222811819
mobilenet_v2_fp16_slow_BS8,mobilenet_v2,fp16,slow,8,latency_avg_ms,4,47.755786825098475,0.48683564172243166,0.010194275376624533,47.046932418579814,48.13560891735833,1.0231402228118187
mobilenet_v2_fp16_slow_BS8,mobilenet_v2,fp16,slow,8,avg_power_W,4,5.646761731687248,0.5197028265876273,0.09203555086648584,5.237690641918021,6.379921235521235,1.2180790488964301
mobilenet_v2_fp16_slow_BS8,mobilenet_v2,fp16,slow,8,energy_per_img_J_avg_power_times_meta_duration,4,0.144766544086936,0.013546718939092173,0.09357630953017032,0.13471458038682438,0.16422378136605653,1.2190497932332072
mobilenet_v2_fp16_slow_BS8,mobilenet_v2,fp16,slow,8,energy_per_img_J_integrated_log_timestamps,4,0.1471656325,0.01381074831667321,0.09384492888768177,0.13696162,0.16704075000000002,1.2196172183126923
mobilenet_v2_fp16_slow_BS8,mobilenet_v2,fp16,slow,8,energy_per_img_J_power_over_throughput_proxy,4,0.033687999652102535,0.002789895920375138,0.08281571922306212,0.03142062079291235,0.03751946540042871,1.1941032498279633
mobilenet_v2_fp32_fast_BS1,mobilenet_v2,fp32,fast,1,throughput_img_s,4,30.296184001548905,7.224390782570765,0.23845877032570884,26.488892657865133,41.13036748660164,1.5527401623710055
mobilenet_v2_fp32_fast_BS1,mobilenet_v2,fp32,fast,1,latency_avg_ms,4,34.185047597375956,6.58488239717206,0.19262463737735194,24.31293618579395,37.75167248084559,1.5527401623710053
mobilenet_v2_fp32_fast_BS1,mobilenet_v2,fp32,fast,1,avg_power_W,4,5.773224953993922,0.7267137243291356,0.12587656467922567,5.125273063973064,6.614826853291861,1.2906291568715187
mobilenet_v2_fp32_fast_BS1,mobilenet_v2,fp32,fast,1,energy_per_img_J_avg_power_times_meta_duration,4,0.3105874897671218,0.04602400182463757,0.1481836949039587,0.256249482526003,0.368700715621923,1.4388349665623579
mobilenet_v2_fp32_fast_BS1,mobilenet_v2,fp32,fast,1,energy_per_img_J_integrated_log_timestamps,4,0.31263652999999997,0.04638572473827051,0.14836949712265074,0.25788512999999996,0.371231,1.4395207664745928
mobilenet_v2_fp32_fast_BS1,mobilenet_v2,fp32,fast,1,energy_per_img_J_power_over_throughput_proxy,4,0.1946581465836909,0.029155711647489913,0.14977904680169535,0.16082586316416123,0.231949370121699,1.4422392366390675
mobilenet_v2_fp32_fast_BS16,mobilenet_v2,fp32,fast,16,throughput_img_s,4,142.0080038675485,37.95348092012202,0.2672629703007543,122.10137785205826,198.90561528693286,1.6290202353648535
mobilenet_v2_fp32_fast_BS16,mobilenet_v2,fp32,fast,16,latency_avg_ms,4,117.64815938876826,24.84191305611136,0.2111542856698784,80.44016242034733,131.03865231878123,1.629020235364853
mobilenet_v2_fp32_fast_BS16,mobilenet_v2,fp32,fast,16,avg_power_W,4,6.523754660276815,0.938145768364596,0.14380457531258367,5.712084415584416,7.643335208098988,1.3380991336972359
mobilenet_v2_fp32_fast_BS16,mobilenet_v2,fp32,fast,16,energy_per_img_J_avg_power_times_meta_duration,4,0.16077323098330976,0.023268977112102737,0.14473166316175073,0.1345315850579063,0.19113567778103788,1.420749467114117
mobilenet_v2_fp32_fast_BS16,mobilenet_v2,fp32,fast,16,energy_per_img_J_integrated_log_timestamps,4,0.1637571975,0.023535757282762148,0.14372349821608388,0.13716796,0.19443638,1.4175058082076892
mobilenet_v2_fp32_fast_BS16,mobilenet_v2,fp32,fast,16,energy_per_img_J_power_over_throughput_proxy,4,0.047065486472676825,0.007051095645126529,0.14981457058177733,0.038426945348290116,0.05568866374712709,1.4492087060884498
mobilenet_v2_fp32_fast_BS4,mobilenet_v2,fp32,fast,4,throughput_img_s,4,142.40934674021338,25.50998196554673,0.179131374095007,104.36049501313843,158.73651462239133,1.5210402614744902
mobilenet_v2_fp32_fast_BS4,mobilenet_v2,fp32,fast,4,latency_avg_ms,4,28.93134464779927,6.280828163423346,0.21709423602269765,25.198990978952498,38.328679827519224,1.52104026147449
mobilenet_v2_fp32_fast_BS4,mobilenet_v2,fp32,fast,4,avg_power_W,4,7.1030284536950425,0.3037311408380995,0.042760794612908604,6.820285427807487,7.532920536635706,1.1044875784703498
mobilenet_v2_fp32_fast_BS4,mobilenet_v2,fp32,fast,4,energy_per_img_J_avg_power_times_meta_duration,4,0.1559085403805285,0.031797054103696154,0.20394683976957623,0.13679821346107077,0.20327100882880278,1.485918592691625
mobilenet_v2_fp32_fast_BS4,mobilenet_v2,fp32,fast,4,energy_per_img_J_integrated_log_timestamps,4,0.158276585,0.032192294923981936,0.2033926554833233,0.13901542,0.20625126,1.483657424478522
mobilenet_v2_fp32_fast_BS4,mobilenet_v2,fp32,fast,4,energy_per_img_J_power_over_throughput_proxy,4,0.05115597945373732,0.00963717131562304,0.18838797377222288,0.04443684403912661,0.06535313412368204,1.470697020385576
mobilenet_v2_fp32_fast_BS8,mobilenet_v2,fp32,fast,8,throughput_img_s,4,155.55049366424464,42.11955359878021,0.2707773701425542,117.64637295086082,192.5057558419744,1.6363084642004329
mobilenet_v2_fp32_fast_BS8,mobilenet_v2,fp32,fast,8,latency_avg_ms,4,54.42528331173904,14.750107823321912,0.27101572882654057,41.55719897833653,68.00039643671363,1.6363084642004324
mobilenet_v2_fp32_fast_BS8,mobilenet_v2,fp32,fast,8,avg_power_W,4,6.83529521785043,0.4697199732888642,0.06871977849064759,6.145474175035868,7.13473713033954,1.1609742270697767
mobilenet_v2_fp32_fast_BS8,mobilenet_v2,fp32,fast,8,energy_per_img_J_avg_power_times_meta_duration,4,0.15514820985595584,0.032638837650409265,0.2103719899875875,0.12704965601608068,0.19374686426505394,1.5249696090521598
mobilenet_v2_fp32_fast_BS8,mobilenet_v2,fp32,fast,8,energy_per_img_J_integrated_log_timestamps,4,0.1577643925,0.03293464881454928,0.20875844221026796,0.1294078,0.19684599000000003,1.5211292518688986
mobilenet_v2_fp32_fast_BS8,mobilenet_v2,fp32,fast,8,energy_per_img_J_power_over_throughput_proxy,4,0.046007024554405945,0.010452193773163565,0.2271869105728245,0.03704288644821748,0.05749447689926423,1.5521057458531524
mobilenet_v2_fp32_medium_BS1,mobilenet_v2,fp32,medium,1,throughput_img_s,4,39.56289677387133,2.250570511634554,0.05688588791912999,37.7430519901977,42.76408731860678,1.1330320433470271
mobilenet_v2_fp32_medium_BS1,mobilenet_v2,fp32,medium,1,latency_avg_ms,4,25.335319392055734,1.386116236590994,0.0547108254346946,23.38410714929247,26.49494270520867,1.1330320433470271
mobilenet_v2_fp32_medium_BS1,mobilenet_v2,fp32,medium,1,avg_power_W,4,5.943708062350014,0.6099363691798682,0.10261883032975083,5.470396511079679,6.816510493179432,1.2460724701350896
mobilenet_v2_fp32_medium_BS1,mobilenet_v2,fp32,medium,1,energy_per_img_J_avg_power_times_meta_duration,4,0.24070551508303364,0.014531332433469869,0.06036975275974524,0.2272451590900316,0.2604886233784089,1.1462889877236357
mobilenet_v2_fp32_medium_BS1,mobilenet_v2,fp32,medium,1,energy_per_img_J_integrated_log_timestamps,4,0.24234334249999998,0.014586981310681047,0.06019138450515119,0.22901430999999997,0.26232923999999996,1.1454709533216505
mobilenet_v2_fp32_medium_BS1,mobilenet_v2,fp32,medium,1,energy_per_img_J_power_over_throughput_proxy,4,0.15001393447299027,0.008219156119064507,0.05478928439507298,0.14155293815890835,0.15939801175678425,1.1260664301990178
mobilenet_v2_fp32_medium_BS16,mobilenet_v2,fp32,medium,16,throughput_img_s,4,150.2563766420775,3.8259451990778093,0.02546278091206413,147.58680588045317,155.93546199982094,1.0565677674881742
mobilenet_v2_fp32_medium_BS16,mobilenet_v2,fp32,medium,16,latency_avg_ms,4,106.53526645555742,2.649747737217014,0.024872024310582552,102.60655142073054,108.4107749642618,1.0565677674881742
mobilenet_v2_fp32_medium_BS16,mobilenet_v2,fp32,medium,16,avg_power_W,4,6.793215818360757,0.7064890124406371,0.10399920028024623,6.263973321067158,7.8051549439347605,1.2460389825870204
mobilenet_v2_fp32_medium_BS16,mobilenet_v2,fp32,medium,16,energy_per_img_J_avg_power_times_meta_duration,4,0.14236085994321526,0.00804059694654482,0.05648039039488835,0.13504089849576015,0.1516531179763094,1.1230162096490406
mobilenet_v2_fp32_medium_BS16,mobilenet_v2,fp32,medium,16,energy_per_img_J_integrated_log_timestamps,4,0.1450457225,0.008193050103245536,0.05648598222705627,0.137725,0.15458448,1.1224140860410239
mobilenet_v2_fp32_medium_BS16,mobilenet_v2,fp32,medium,16,energy_per_img_J_power_over_throughput_proxy,4,0.04515342077760259,0.0036283328314880405,0.08035565786607687,0.04209432569589883,0.0500537520063507,1.189085492613731
mobilenet_v2_fp32_medium_BS4,mobilenet_v2,fp32,medium,4,throughput_img_s,4,96.5640364274,1.1463125526432112,0.01187100907391176,95.39274109044658,98.07648984226742,1.0281336789481315
mobilenet_v2_fp32_medium_BS4,mobilenet_v2,fp32,medium,4,latency_avg_ms,4,41.42764815316361,0.48961624119405706,0.011818586451827526,40.78449388261186,41.9319117395673,1.0281336789481315
mobilenet_v2_fp32_medium_BS4,mobilenet_v2,fp32,medium,4,avg_power_W,4,6.5962362017601155,0.5750135797169249,0.08717298200502438,6.182227805695143,7.41891099916037,1.200038437976352
mobilenet_v2_fp32_medium_BS4,mobilenet_v2,fp32,medium,4,energy_per_img_J_avg_power_times_meta_duration,4,0.15853554384982285,0.013537206076203333,0.08538909160350075,0.1473591189536602,0.17622045637094708,1.1958571523921968
mobilenet_v2_fp32_medium_BS4,mobilenet_v2,fp32,medium,4,energy_per_img_J_integrated_log_timestamps,4,0.1604814125,0.013701832312520281,0.08537955953322807,0.14913722999999998,0.17838527999999998,1.1961150143394779
mobilenet_v2_fp32_medium_BS4,mobilenet_v2,fp32,medium,4,energy_per_img_J_power_over_throughput_proxy,4,0.0682794868397571,0.005359131432160894,0.0784881621143121,0.06391322408523124,0.0756441325652245,1.1835443078939272
mobilenet_v2_fp32_medium_BS8,mobilenet_v2,fp32,medium,8,throughput_img_s,4,119.03996668362021,8.334783609648067,0.07001668298345488,109.51906362391341,127.46223556351549,1.1638360605530615
mobilenet_v2_fp32_medium_BS8,mobilenet_v2,fp32,medium,8,latency_avg_ms,4,67.45453199599811,4.767640403105749,0.0706793192692909,62.76368812010624,73.04664352748543,1.1638360605530615
mobilenet_v2_fp32_medium_BS8,mobilenet_v2,fp32,medium,8,avg_power_W,4,6.7427652090877865,0.44344273849406823,0.06576570957808282,6.488661244019139,7.404387755102042,1.1411271873573252
mobilenet_v2_fp32_medium_BS8,mobilenet_v2,fp32,medium,8,energy_per_img_J_avg_power_times_meta_duration,4,0.15143549916998814,0.018892143963363774,0.1247537338795121,0.13479509465618797,0.17359242679938744,1.287824510544371
mobilenet_v2_fp32_medium_BS8,mobilenet_v2,fp32,medium,8,energy_per_img_J_integrated_log_timestamps,4,0.15371478500000002,0.018915724082363323,0.12305728484324602,0.13707499,0.17595739,1.2836578722347525
mobilenet_v2_fp32_medium_BS8,mobilenet_v2,fp32,medium,8,energy_per_img_J_power_over_throughput_proxy,4,0.05693484967709572,0.006495831920385987,0.11409236973886645,0.05090653882957972,0.06450827133103967,1.2671902827060115
mobilenet_v2_fp32_slow_BS1,mobilenet_v2,fp32,slow,1,throughput_img_s,4,26.319277168418306,0.2928918945923033,0.011128417118679746,25.996970547923844,26.66501982178913,1.0256971970112354
mobilenet_v2_fp32_slow_BS1,mobilenet_v2,fp32,slow,1,latency_avg_ms,4,37.998490492791895,0.42247937134629365,0.011118319856059431,37.502316018638666,38.46602042174723,1.0256971970112354
mobilenet_v2_fp32_slow_BS1,mobilenet_v2,fp32,slow,1,avg_power_W,4,5.436492120491339,0.4640998846498063,0.08536752640558631,5.080400266400266,6.092383294816771,1.199193562583908
mobilenet_v2_fp32_slow_BS1,mobilenet_v2,fp32,slow,1,energy_per_img_J_avg_power_times_meta_duration,4,0.3288750394253567,0.029744964239697757,0.09044457825583581,0.3067588131107286,0.37069545438289686,1.2084264201696773
mobilenet_v2_fp32_slow_BS1,mobilenet_v2,fp32,slow,1,energy_per_img_J_integrated_log_timestamps,4,0.33084868500000003,0.02987345493828091,0.09029340690376601,0.30850370000000005,0.37286832000000003,1.208634839711809
mobilenet_v2_fp32_slow_BS1,mobilenet_v2,fp32,slow,1,energy_per_img_J_power_over_throughput_proxy,4,0.20670755091008775,0.01977413180179983,0.09566235831607839,0.19216792985271772,0.23434974023553362,1.2195049424487483
mobilenet_v2_fp32_slow_BS16,mobilenet_v2,fp32,slow,16,throughput_img_s,4,113.44045095523941,1.123974802317738,0.009908060068989224,112.84716155718766,115.1253399835954,1.020188176600731
mobilenet_v2_fp32_slow_BS16,mobilenet_v2,fp32,slow,16,latency_avg_ms,4,141.05344674239518,1.38390710285202,0.009811224998843444,138.97895982135552,141.78469160601497,1.0201881766007312
mobilenet_v2_fp32_slow_BS16,mobilenet_v2,fp32,slow,16,avg_power_W,4,6.082425194065857,0.5603410444811181,0.09212460928048875,5.662489909533751,6.880914084507043,1.2151746306729607
mobilenet_v2_fp32_slow_BS16,mobilenet_v2,fp32,slow,16,energy_per_img_J_avg_power_times_meta_duration,4,0.1727724578428219,0.015162537302593848,0.08776015281548996,0.16137609499997757,0.194132324955118,1.2029806828275587
mobilenet_v2_fp32_slow_BS16,mobilenet_v2,fp32,slow,16,energy_per_img_J_integrated_log_timestamps,4,0.17587362749999996,0.015373036843730358,0.08740956254928194,0.1646405,0.19755608999999996,1.1999240162657425
mobilenet_v2_fp32_slow_BS16,mobilenet_v2,fp32,slow,16,energy_per_img_J_power_over_throughput_proxy,4,0.05358730547576687,0.004404986907373982,0.0822020601384034,0.05017839909658841,0.05976889263030648,1.191127929674626
mobilenet_v2_fp32_slow_BS4,mobilenet_v2,fp32,slow,4,throughput_img_s,4,85.64281629881306,0.6323966082203885,0.007384117379021234,85.22944617184272,86.58541669198482,1.015909648379131
mobilenet_v2_fp32_slow_BS4,mobilenet_v2,fp32,slow,4,latency_avg_ms,4,46.7075068562727,0.3424637831289703,0.007332092979888484,46.19715597407616,46.93213648173958,1.015909648379131
mobilenet_v2_fp32_slow_BS4,mobilenet_v2,fp32,slow,4,avg_power_W,4,6.006343017508831,0.5241466385447214,0.08726551863867985,5.599729949874686,6.749914572864322,1.205400016301746
mobilenet_v2_fp32_slow_BS4,mobilenet_v2,fp32,slow,4,energy_per_img_J_avg_power_times_meta_duration,4,0.19050295504555023,0.016589448418263722,0.08708236790498657,0.17842809518277036,0.21456698369853122,1.2025403481371164
mobilenet_v2_fp32_slow_BS4,mobilenet_v2,fp32,slow,4,energy_per_img_J_integrated_log_timestamps,4,0.19287268250000003,0.01668630312919427,0.08651460078694279,0.18068298,0.21710991000000002,1.201606869667525
mobilenet_v2_fp32_slow_BS4,mobilenet_v2,fp32,slow,4,energy_per_img_J_power_over_throughput_proxy,4,0.0701030371112449,0.005592786968610616,0.07977952452666995,0.06570182256710089,0.07795671408357568,1.186522854886696
mobilenet_v2_fp32_slow_BS8,mobilenet_v2,fp32,slow,8,throughput_img_s,4,101.67490859845356,0.9703730060675586,0.009543878813797308,101.14570687141139,103.128381838354,1.0196021663031454
mobilenet_v2_fp32_slow_BS8,mobilenet_v2,fp32,slow,8,latency_avg_ms,4,78.68747105920338,0.7439449335444174,0.009454426778879237,77.57321367205586,79.09381670712493,1.0196021663031454
mobilenet_v2_fp32_slow_BS8,mobilenet_v2,fp32,slow,8,avg_power_W,4,6.053792321507167,0.5235525792636038,0.08648340601371321,5.636448252688172,6.790759757738896,1.2047941280220575
mobilenet_v2_fp32_slow_BS8,mobilenet_v2,fp32,slow,8,energy_per_img_J_avg_power_times_meta_duration,4,0.17916432864209456,0.015380941949157314,0.08584823812714899,0.16732020257673547,0.200902504264456,1.2007067955366548
mobilenet_v2_fp32_slow_BS8,mobilenet_v2,fp32,slow,8,energy_per_img_J_integrated_log_timestamps,4,0.181802955,0.01567936526402456,0.08624373164905136,0.16958661,0.20390268,1.2023512941263463
mobilenet_v2_fp32_slow_BS8,mobilenet_v2,fp32,slow,8,energy_per_img_J_power_over_throughput_proxy,4,0.05950979991979263,0.004576240321161714,0.07689893643281569,0.05572602562216412,0.06584763221033471,1.1816315891034026
mobilenet_v2_fp64_fast_BS1,mobilenet_v2,fp64,fast,1,throughput_img_s,4,19.882419998460044,5.590166161202319,0.2811612551005006,11.49782690486685,22.76869830943966,1.980261009130519
mobilenet_v2_fp64_fast_BS1,mobilenet_v2,fp64,fast,1,latency_avg_ms,4,54.81629649534865,21.438203959715434,0.3910917980665574,43.91994598942052,86.97295656596776,1.9802610091305188
mobilenet_v2_fp64_fast_BS1,mobilenet_v2,fp64,fast,1,avg_power_W,4,6.562309915855053,0.857244839700385,0.13063156886711713,5.541775170723166,7.640021031207598,1.3786234186419772
mobilenet_v2_fp64_fast_BS1,mobilenet_v2,fp64,fast,1,energy_per_img_J_avg_power_times_meta_duration,4,0.4669976040462729,0.11728273925769096,0.25114205777824483,0.3885225096834421,0.6371863061959483,1.640024169294878
mobilenet_v2_fp64_fast_BS1,mobilenet_v2,fp64,fast,1,energy_per_img_J_integrated_log_timestamps,4,0.46943994499999997,0.11762353680462666,0.2505614148464223,0.39068572,0.64009991,1.6384010912914861
mobilenet_v2_fp64_fast_BS1,mobilenet_v2,fp64,fast,1,energy_per_img_J_power_over_throughput_proxy,4,0.34873354648563953,0.0915392262071684,0.26249045189272574,0.28814643698577436,0.48198457122166444,1.6727070314093795
mobilenet_v2_fp64_fast_BS16,mobilenet_v2,fp64,fast,16,throughput_img_s,4,13.731772660193693,5.398259276821085,0.393121806660098,11.029064884357762,21.82915837733452,1.9792392742465639
mobilenet_v2_fp64_fast_BS16,mobilenet_v2,fp64,fast,16,latency_avg_ms,4,1270.9225915844017,358.63922557142433,0.28218809544043516,732.9645844987315,1450.7122922717035,1.9792392742465639
mobilenet_v2_fp64_fast_BS16,mobilenet_v2,fp64,fast,16,avg_power_W,4,5.758797640080925,0.8575563410276927,0.14891239363216138,5.00574527112232,6.750935082408342,1.3486373590270082
mobilenet_v2_fp64_fast_BS16,mobilenet_v2,fp64,fast,16,energy_per_img_J_avg_power_times_meta_duration,4,0.5487695489795229,0.1162320001576732,0.21180475551862363,0.39856456619213293,0.682154307131825,1.7115277297455092
mobilenet_v2_fp64_fast_BS16,mobilenet_v2,fp64,fast,16,energy_per_img_J_integrated_log_timestamps,4,0.5578578275,0.11794845741758145,0.21143103422274998,0.40559488,0.69340852,1.7096086617266963
mobilenet_v2_fp64_fast_BS16,mobilenet_v2,fp64,fast,16,energy_per_img_J_power_over_throughput_proxy,4,0.44630116051444146,0.10378592963943317,0.23254685136781053,0.3092622704784587,0.5615156170708677,1.8156615619556455
mobilenet_v2_fp64_fast_BS4,mobilenet_v2,fp64,fast,4,throughput_img_s,4,17.31237014626894,4.9034872728439876,0.2832360463307653,9.95723438271291,19.789797345362782,1.9874793125007197
mobilenet_v2_fp64_fast_BS4,mobilenet_v2,fp64,fast,4,latency_avg_ms,4,252.22023989609553,99.66548215456889,0.3951525943977653,202.1243537866392,401.7179717035219,1.9874793125007197
mobilenet_v2_fp64_fast_BS4,mobilenet_v2,fp64,fast,4,avg_power_W,4,6.360505591221546,0.8929436757731102,0.14038878874747107,5.385732653732324,7.551165088383838,1.402068311569618
mobilenet_v2_fp64_fast_BS4,mobilenet_v2,fp64,fast,4,energy_per_img_J_avg_power_times_meta_duration,4,0.48914134588964386,0.11753522989857569,0.24028888763186468,0.4070700478408967,0.6582872042565726,1.6171349568658615
mobilenet_v2_fp64_fast_BS4,mobilenet_v2,fp64,fast,4,energy_per_img_J_integrated_log_timestamps,4,0.49255445499999995,0.11806835718857175,0.23970620098963832,0.41007134999999995,0.66244816,1.6154460924909775
mobilenet_v2_fp64_fast_BS4,mobilenet_v2,fp64,fast,4,energy_per_img_J_power_over_throughput_proxy,4,0.3888973938333914,0.10586405101237766,0.272215892137686,0.3151645126233105,0.5408863994486939,1.7162033724754082
mobilenet_v2_fp64_fast_BS8,mobilenet_v2,fp64,fast,8,throughput_img_s,4,10.244476480534907,0.005198413763036349,0.0005074357653037355,10.241564803268446,10.252265416840977,1.001044822131977
mobilenet_v2_fp64_fast_BS8,mobilenet_v2,fp64,fast,8,latency_avg_ms,4,780.908771606707,0.3960614110645719,0.0005071801284158737,780.3153424860351,781.1306332257857,1.001044822131977
mobilenet_v2_fp64_fast_BS8,mobilenet_v2,fp64,fast,8,avg_power_W,4,5.399770056712205,0.5496268345319232,0.10178708144223798,4.96821629403794,6.179807253533118,1.243868400204141
mobilenet_v2_fp64_fast_BS8,mobilenet_v2,fp64,fast,8,energy_per_img_J_avg_power_times_meta_duration,4,0.637521843101482,0.06286502891501355,0.0986084313741805,0.5875356199101512,0.7263926435715058,1.2363380516105376
mobilenet_v2_fp64_fast_BS8,mobilenet_v2,fp64,fast,8,energy_per_img_J_integrated_log_timestamps,4,0.6437070475,0.06352873581020345,0.0986919998109908,0.59310483,0.73355004,1.2367966047418633
mobilenet_v2_fp64_fast_BS8,mobilenet_v2,fp64,fast,8,energy_per_img_J_power_over_throughput_proxy,4,0.5270714805547898,0.05337302548844593,0.10126335318364418,0.4850867616945758,0.6027748016922974,1.2426123516267409
mobilenet_v2_fp64_medium_BS1,mobilenet_v2,fp64,medium,1,throughput_img_s,4,22.602589178390993,0.11179843562399108,0.0049462667635827755,22.465708734756753,22.733745027865115,1.011930907512109
mobilenet_v2_fp64_medium_BS1,mobilenet_v2,fp64,medium,1,latency_avg_ms,4,44.243531052408585,0.21892160812751726,0.004948104342490072,43.98747319345246,44.51228366781492,1.0119309075121092
mobilenet_v2_fp64_medium_BS1,mobilenet_v2,fp64,medium,1,avg_power_W,4,6.876320810847323,0.4963828082613736,0.07218726727792207,6.514567485695052,7.571205170157069,1.162196137622678
mobilenet_v2_fp64_medium_BS1,mobilenet_v2,fp64,medium,1,energy_per_img_J_avg_power_times_meta_duration,4,0.417766216811013,0.03641818649927584,0.08717360340257124,0.3890584194327043,0.465220711865763,1.1957605558160465
mobilenet_v2_fp64_medium_BS1,mobilenet_v2,fp64,medium,1,energy_per_img_J_integrated_log_timestamps,4,0.4201196975,0.03663142264514841,0.08719282352893823,0.39115066,0.4677887,1.195929721811028
mobilenet_v2_fp64_medium_BS1,mobilenet_v2,fp64,medium,1,energy_per_img_J_power_over_throughput_proxy,4,0.30419063099302146,0.021141782803977337,0.06950175531363541,0.28819199474032947,0.33303818446441275,1.1556121979185827
mobilenet_v2_fp64_medium_BS16,mobilenet_v2,fp64,medium,16,throughput_img_s,4,21.854837936938488,0.10464239769732459,0.004788065598988528,21.700964650191562,21.921652355831295,1.0101694882783834
mobilenet_v2_fp64_medium_BS16,mobilenet_v2,fp64,medium,16,latency_avg_ms,4,732.1159889703547,3.5204388660335164,0.004808580770083507,729.8719886753382,737.2944133088924,1.0101694882783834
mobilenet_v2_fp64_medium_BS16,mobilenet_v2,fp64,medium,16,avg_power_W,4,6.717509928934744,0.5935083920215909,0.08835243986244601,6.289996297542914,7.574577378936675,1.2042260473023747
mobilenet_v2_fp64_medium_BS16,mobilenet_v2,fp64,medium,16,energy_per_img_J_avg_power_times_meta_duration,4,0.3990286818570151,0.03471673577776275,0.08700310868932193,0.3710060205520741,0.4439489774111149,1.1966085530108064
mobilenet_v2_fp64_medium_BS16,mobilenet_v2,fp64,medium,16,energy_per_img_J_integrated_log_timestamps,4,0.4058851975,0.03529844011697156,0.08696656181202951,0.37751966,0.45167875,1.1964376901589708
mobilenet_v2_fp64_medium_BS16,mobilenet_v2,fp64,medium,16,energy_per_img_J_power_over_throughput_proxy,4,0.30735735683575494,0.026860955089907473,0.0873932394735597,0.2875173504180342,0.34552949093373386,1.2017691816906118
mobilenet_v2_fp64_medium_BS4,mobilenet_v2,fp64,medium,4,throughput_img_s,4,19.731202150347954,0.052519967398566784,0.002661772303500555,19.66370830851692,19.78815362992237,1.0063286801987166
mobilenet_v2_fp64_medium_BS4,mobilenet_v2,fp64,medium,4,latency_avg_ms,4,202.72567479153642,0.5399957498716395,0.0026636771609068223,202.1411433733493,203.42043002476214,1.0063286801987166
mobilenet_v2_fp64_medium_BS4,mobilenet_v2,fp64,medium,4,avg_power_W,4,6.658255172213338,0.6463309868596451,0.09707212627670916,6.1068304027226326,7.552377525252524,1.2367098850306073
mobilenet_v2_fp64_medium_BS4,mobilenet_v2,fp64,medium,4,energy_per_img_J_avg_power_times_meta_duration,4,0.44132905196819583,0.028249181216385744,0.0640093397214682,0.41220178227763093,0.4796727000295896,1.1636841970433667
mobilenet_v2_fp64_medium_BS4,mobilenet_v2,fp64,medium,4,energy_per_img_J_integrated_log_timestamps,4,0.44446425500000003,0.028430666511615594,0.06396614844002606,0.41522414,0.48309169,1.163447987393026
mobilenet_v2_fp64_medium_BS4,mobilenet_v2,fp64,medium,4,energy_per_img_J_power_over_throughput_proxy,4,0.3374237507920424,0.03234369092895837,0.09585481417071944,0.30919134318285135,0.38166155703543286,1.2343862965455785
mobilenet_v2_fp64_medium_BS8,mobilenet_v2,fp64,medium,8,throughput_img_s,4,20.32580520893583,0.05096861370000162,0.0025075815288042955,20.25345592510138,20.364865809594168,1.0055007839108934
mobilenet_v2_fp64_medium_BS8,mobilenet_v2,fp64,medium,8,latency_avg_ms,4,393.5902028984786,0.9887467933239,0.0025121224716534276,392.83342570472973,394.9943174925074,1.0055007839108931
mobilenet_v2_fp64_medium_BS8,mobilenet_v2,fp64,medium,8,avg_power_W,4,6.693174497426088,0.5902048108068642,0.08818010213745839,6.267890088945362,7.52435246953175,1.200460180819444
mobilenet_v2_fp64_medium_BS8,mobilenet_v2,fp64,medium,8,energy_per_img_J_avg_power_times_meta_duration,4,0.42056417429360327,0.03478869070708396,0.08271910170550419,0.3943484045412415,0.46891379684068435,1.1890850614349189
mobilenet_v2_fp64_medium_BS8,mobilenet_v2,fp64,medium,8,energy_per_img_J_integrated_log_timestamps,4,0.4249299325,0.034965709966395524,0.0822858247727595,0.39865755,0.4736228,1.1880442249243743
mobilenet_v2_fp64_medium_BS8,mobilenet_v2,fp64,medium,8,energy_per_img_J_power_over_throughput_proxy,4,0.32928537887146575,0.02884334945847771,0.0875937752150742,0.3078844766363142,0.369477144602,1.2000512290798007
mobilenet_v2_fp64_slow_BS1,mobilenet_v2,fp64,slow,1,throughput_img_s,4,11.50169900002058,0.02213789344100199,0.0019247498513882497,11.485626806699667,11.533634121250754,1.0041797731511775
mobilenet_v2_fp64_slow_BS1,mobilenet_v2,fp64,slow,1,latency_avg_ms,4,86.94391796071972,0.1670901367869884,0.0019218151275685303,86.70294111007883,87.06533973545885,1.0041797731511775
mobilenet_v2_fp64_slow_BS1,mobilenet_v2,fp64,slow,1,avg_power_W,4,5.54725641754178,0.48883329800160524,0.08812163368828507,5.166891134751774,6.2357397285399845,1.2068649340411466
mobilenet_v2_fp64_slow_BS1,mobilenet_v2,fp64,slow,1,energy_per_img_J_avg_power_times_meta_duration,4,0.622979049933473,0.046272038272801345,0.0742754323403695,0.5869979697110197,0.6843632364438115,1.1658698526346265
mobilenet_v2_fp64_slow_BS1,mobilenet_v2,fp64,slow,1,energy_per_img_J_integrated_log_timestamps,4,0.6253838525000001,0.046437286379596876,0.07425405404050926,0.58935733,0.6870643700000001,1.1657857381700845
mobilenet_v2_fp64_slow_BS1,mobilenet_v2,fp64,slow,1,energy_per_img_J_power_over_throughput_proxy,4,0.4822477901814126,0.041644487700230895,0.08635495806951239,0.4497637697154312,0.5406569744613813,1.2020909883503041
mobilenet_v2_fp64_slow_BS16,mobilenet_v2,fp64,slow,16,throughput_img_s,4,11.026508828359283,0.005459887337188548,0.0004951601111628516,11.023184505271315,11.034673655316123,1.001042271408894
mobilenet_v2_fp64_slow_BS16,mobilenet_v2,fp64,slow,16,latency_avg_ms,4,1451.0488487183893,0.7181525239959806,0.0004949196056564704,1449.9749154150795,1451.48618281303,1.0010422714088938
mobilenet_v2_fp64_slow_BS16,mobilenet_v2,fp64,slow,16,avg_power_W,4,5.438988196611412,0.5659921893958532,0.10406203671272472,5.0078460294646066,6.242933129055516,1.2466304060316635
mobilenet_v2_fp64_slow_BS16,mobilenet_v2,fp64,slow,16,energy_per_img_J_avg_power_times_meta_duration,4,0.6011490206011749,0.061790514745050075,0.1027873499373864,0.5545215527769728,0.6886944659905678,1.2419615838945741
mobilenet_v2_fp64_slow_BS16,mobilenet_v2,fp64,slow,16,energy_per_img_J_integrated_log_timestamps,4,0.6110206274999999,0.06285919816808008,0.10287573829588936,0.5636855199999999,0.70007648,1.2419628590069158
mobilenet_v2_fp64_slow_BS16,mobilenet_v2,fp64,slow,16,energy_per_img_J_power_over_throughput_proxy,4,0.49324656627624175,0.05107491636868795,0.10354844789752383,0.45430120733893564,0.5657560272340169,1.245332431643593
mobilenet_v2_fp64_slow_BS4,mobilenet_v2,fp64,slow,4,throughput_img_s,4,9.959339993192723,0.008025430454860656,0.0008058195081547666,9.954331423991952,9.97132649012548,1.0017073036258934
mobilenet_v2_fp64_slow_BS4,mobilenet_v2,fp64,slow,4,latency_avg_ms,4,401.6332356604454,0.3233900875479878,0.000805187566253588,401.150238532573,401.83512378934773,1.0017073036258937
mobilenet_v2_fp64_slow_BS4,mobilenet_v2,fp64,slow,4,avg_power_W,4,5.397339259982032,0.5319422183345262,0.09855637985897092,4.990053715603889,6.151743465956384,1.2328010511630154
mobilenet_v2_fp64_slow_BS4,mobilenet_v2,fp64,slow,4,energy_per_img_J_avg_power_times_meta_duration,4,0.6564200407089534,0.0610714843120212,0.09303720259067984,0.608569404765001,0.7421734623793791,1.2195379139474967
mobilenet_v2_fp64_slow_BS4,mobilenet_v2,fp64,slow,4,energy_per_img_J_integrated_log_timestamps,4,0.6604898100000001,0.06148422306388205,0.09308882912801038,0.61240386,0.7468471000000001,1.21953362606173
mobilenet_v2_fp64_slow_BS4,mobilenet_v2,fp64,slow,4,energy_per_img_J_power_over_throughput_proxy,4,0.541908227234191,0.052976127384708055,0.09775848514994755,0.5012302701716388,0.6169433396899002,1.230858103359634
mobilenet_v2_fp64_slow_BS8,mobilenet_v2,fp64,slow,8,throughput_img_s,4,10.243685053092323,0.006335770472061972,0.0006185050047150127,10.240459787675682,10.25318825960279,1.001242959026354
mobilenet_v2_fp64_slow_BS8,mobilenet_v2,fp64,slow,8,latency_avg_ms,4,780.9691778309726,0.4827348557047111,0.0006181228010117331,780.2451098571676,781.2149225592333,1.0012429590263543
mobilenet_v2_fp64_slow_BS8,mobilenet_v2,fp64,slow,8,avg_power_W,4,5.426783687089188,0.5506732978840788,0.10147323527823317,5.036940836450187,6.215653085577907,1.2340135188005155
mobilenet_v2_fp64_slow_BS8,mobilenet_v2,fp64,slow,8,energy_per_img_J_avg_power_times_meta_duration,4,0.6396467683811913,0.06311738447953745,0.09867537459662934,0.593424003330665,0.7297634147675754,1.2297504156752823
mobilenet_v2_fp64_slow_BS8,mobilenet_v2,fp64,slow,8,energy_per_img_J_integrated_log_timestamps,4,0.645805025,0.06380167299124821,0.09879401757712897,0.59907458,0.7369315700000001,1.230116574133391
mobilenet_v2_fp64_slow_BS8,mobilenet_v2,fp64,slow,8,energy_per_img_J_power_over_throughput_proxy,4,0.5297450764540523,0.05341623197736781,0.10083384320420559,0.49185980222649145,0.6062166155738471,1.2324987991084027
resnet50_fp16_fast_BS1,resnet50,fp16,fast,1,throughput_img_s,4,26.309560626734804,7.27760779000777,0.2766145696333877,19.510601152818328,33.225042998234905,1.7029225669674206
resnet50_fp16_fast_BS1,resnet50,fp16,fast,1,latency_avg_ms,4,40.32486144544503,11.174705959429513,0.2771170329883867,30.097778957069387,51.254187001590616,1.7029225669674206
resnet50_fp16_fast_BS1,resnet50,fp16,fast,1,avg_power_W,4,6.322728603715475,1.0579757341396738,0.16732898095894347,5.337988998589563,7.69147549019608,1.4408938445224164
resnet50_fp16_fast_BS1,resnet50,fp16,fast,1,energy_per_img_J_avg_power_times_meta_duration,4,0.3685358573991451,0.05723784527661625,0.15531146868735882,0.30660223880979914,0.4416005540956583,1.4403044015918143
resnet50_fp16_fast_BS1,resnet50,fp16,fast,1,energy_per_img_J_integrated_log_timestamps,4,0.37160185000000007,0.0580429458093149,0.1561966007685777,0.30918098,0.44611674,1.4428983956257595
resnet50_fp16_fast_BS1,resnet50,fp16,fast,1,energy_per_img_J_power_over_throughput_proxy,4,0.24698193012740677,0.03602792397470497,0.14587271204869037,0.20661556445515744,0.29015693823543404,1.4043324325569282
resnet50_fp16_fast_BS16,resnet50,fp16,fast,16,throughput_img_s,4,137.6806262853556,37.60493753799113,0.27313165659234784,103.52074016500563,170.5664301743279,1.6476546622682142
resnet50_fp16_fast_BS16,resnet50,fp16,fast,16,latency_avg_ms,4,123.10718396373095,33.672896740426594,0.27352503449633847,93.80509390767664,154.55840032149106,1.6476546622682142
resnet50_fp16_fast_BS16,resnet50,fp16,fast,16,avg_power_W,4,7.143405131024659,0.5368071835798159,0.0751472405293658,6.378668272539573,7.517579894179893,1.1785500629564607
resnet50_fp16_fast_BS16,resnet50,fp16,fast,16,energy_per_img_J_avg_power_times_meta_duration,4,0.16814567625647334,0.03282510715508871,0.19521826481592325,0.1403766474662075,0.20672643177977873,1.472655427460208
resnet50_fp16_fast_BS16,resnet50,fp16,fast,16,energy_per_img_J_integrated_log_timestamps,4,0.1716050575,0.03330359121069115,0.194071152073657,0.14348708000000002,0.21106817,1.4709907679492813
resnet50_fp16_fast_BS16,resnet50,fp16,fast,16,energy_per_img_J_power_over_throughput_proxy,4,0.05425414647280293,0.011867524844435826,0.21873949948479787,0.04407420549575042,0.06707963573921329,1.5219703902701325
resnet50_fp16_fast_BS4,resnet50,fp16,fast,4,throughput_img_s,4,103.27537144943065,26.645225434037755,0.2580017390408006,79.85323333539316,126.5049900716883,1.5842187571835966
resnet50_fp16_fast_BS4,resnet50,fp16,fast,4,latency_avg_ms,4,40.76682373677715,10.519115131056019,0.25803126579043156,31.6193060663715,50.09189775947481,1.5842187571835964
resnet50_fp16_fast_BS4,resnet50,fp16,fast,4,avg_power_W,4,7.227856234654922,0.908198053422428,0.1256524789560632,6.006800615384615,8.144662547528517,1.355906924339791
resnet50_fp16_fast_BS4,resnet50,fp16,fast,4,energy_per_img_J_avg_power_times_meta_duration,4,0.18987721290163131,0.0322528961267118,0.1698618577439352,0.16098892552356134,0.23328517649302163,1.4490759270200824
resnet50_fp16_fast_BS4,resnet50,fp16,fast,4,energy_per_img_J_integrated_log_timestamps,4,0.1927183875,0.032528178743477534,0.16878606740873406,0.16375964,0.23661472999999997,1.444890389353567
resnet50_fp16_fast_BS4,resnet50,fp16,fast,4,energy_per_img_J_power_over_throughput_proxy,4,0.07217987710156751,0.012809690430879445,0.1774689975275846,0.06022371748847135,0.08889063587154523,1.476007121090816
resnet50_fp16_fast_BS8,resnet50,fp16,fast,8,throughput_img_s,4,141.43342553529473,35.29452759743904,0.2495487008382703,90.54933373857529,172.16826459885525,1.901375277878043
resnet50_fp16_fast_BS8,resnet50,fp16,fast,8,latency_avg_ms,4,60.10535585112986,19.065293729570232,0.3171979178825849,46.4661708627874,88.34962853616103,1.9013752778780433
resnet50_fp16_fast_BS8,resnet50,fp16,fast,8,avg_power_W,4,7.65490483345559,1.0447508513990813,0.13648123316086455,6.3922601781170485,8.950585774058577,1.400222382170797
resnet50_fp16_fast_BS8,resnet50,fp16,fast,8,energy_per_img_J_avg_power_times_meta_duration,4,0.16632075662549192,0.02421998292266226,0.14562213047887296,0.14735977630259134,0.1994906801292867,1.35376617103197
resnet50_fp16_fast_BS8,resnet50,fp16,fast,8,energy_per_img_J_integrated_log_timestamps,4,0.1695961975,0.024644452991652268,0.14531253268017563,0.14975039999999998,0.20327351999999999,1.3574155394576577
resnet50_fp16_fast_BS8,resnet50,fp16,fast,8,energy_per_img_J_power_over_throughput_proxy,4,0.0558532551755678,0.009855211562969835,0.1764482935146966,0.05040266685439747,0.07059422653039198,1.4006049865242967
resnet50_fp16_medium_BS1,resnet50,fp16,medium,1,throughput_img_s,4,29.036464116715415,0.7739480517481094,0.026654349118995207,28.261935783112662,29.88214369981884,1.0573282711113619
resnet50_fp16_medium_BS1,resnet50,fp16,medium,1,latency_avg_ms,4,34.45778643927144,0.9170475912082865,0.026613653573612322,33.46480125540867,35.383280454466586,1.0573282711113619
resnet50_fp16_medium_BS1,resnet50,fp16,medium,1,avg_power_W,4,6.2015103662064615,0.5368505837985966,0.08656771529787743,5.762513325608342,6.946671799027552,1.2054934030532936
resnet50_fp16_medium_BS1,resnet50,fp16,medium,1,energy_per_img_J_avg_power_times_meta_duration,4,0.3136441859092735,0.024111557265804946,0.0768755116435654,0.2896176618502493,0.3438052589123229,1.1871004576029345
resnet50_fp16_medium_BS1,resnet50,fp16,medium,1,energy_per_img_J_integrated_log_timestamps,4,0.315957625,0.024329494258557204,0.07700239631361074,0.29170809000000003,0.3463890700000001,1.1874510233843705
resnet50_fp16_medium_BS1,resnet50,fp16,medium,1,energy_per_img_J_power_over_throughput_proxy,4,0.21345555979240574,0.015233158186779035,0.07136454164789104,0.19876413141559401,0.23246899114100927,1.1695721430489996
resnet50_fp16_medium_BS16,resnet50,fp16,medium,16,throughput_img_s,4,139.246419609418,3.591059165164359,0.02578923878428739,134.19230700969348,142.27376165054187,1.0602229354344779
resnet50_fp16_medium_BS16,resnet50,fp16,medium,16,latency_avg_ms,4,114.96258014792576,3.018049257591459,0.02625244887256397,112.45924627549947,119.23187220295891,1.0602229354344779
resnet50_fp16_medium_BS16,resnet50,fp16,medium,16,avg_power_W,4,7.299785196837921,0.5431639720674021,0.0744082130392942,6.741820738137083,7.970044183949502,1.18217978399583
resnet50_fp16_medium_BS16,resnet50,fp16,medium,16,energy_per_img_J_avg_power_times_meta_duration,4,0.15443256259827307,0.015302226892061026,0.09908678995288615,0.13833890589998948,0.17522656172788237,1.2666470114673336
resnet50_fp16_medium_BS16,resnet50,fp16,medium,16,energy_per_img_J_integrated_log_timestamps,4,0.157596825,0.015549383521611603,0.09866558873639493,0.14114762,0.17867001,1.2658379220280156
resnet50_fp16_medium_BS16,resnet50,fp16,medium,16,energy_per_img_J_power_over_throughput_proxy,4,0.052418816621124215,0.0035828510369601708,0.06835047541909446,0.049204631795054264,0.05722363122068172,1.1629724506226968
resnet50_fp16_medium_BS4,resnet50,fp16,medium,4,throughput_img_s,4,86.61548139511717,1.370835772705534,0.015826683066646478,85.75047587560262,88.6608902582472,1.033940504153781
resnet50_fp16_medium_BS4,resnet50,fp16,medium,4,latency_avg_ms,4,46.189667135410645,0.7200068718317209,0.015588050672046041,45.11572112967726,46.646971450079896,1.033940504153781
resnet50_fp16_medium_BS4,resnet50,fp16,medium,4,avg_power_W,4,7.189364158734406,0.6226103847981893,0.08660159244288326,6.695410852713177,8.029327490039842,1.1992284964538245
resnet50_fp16_medium_BS4,resnet50,fp16,medium,4,energy_per_img_J_avg_power_times_meta_duration,4,0.18383226839473388,0.013589922642339533,0.0739256647432461,0.1722396207305032,0.20051810963003586,1.1641810913168402
resnet50_fp16_medium_BS4,resnet50,fp16,medium,4,energy_per_img_J_integrated_log_timestamps,4,0.18683435999999998,0.014024789965208034,0.07506536787563078,0.17466135000000002,0.20343015,1.1647118838827248
resnet50_fp16_medium_BS4,resnet50,fp16,medium,4,energy_per_img_J_power_over_throughput_proxy,4,0.08294708678222784,0.006052276459904042,0.07296550963620818,0.07777021230768952,0.09056222497487224,1.1644847337766353
resnet50_fp16_medium_BS8,resnet50,fp16,medium,8,throughput_img_s,4,107.07503646284374,2.558355009528877,0.0238931042570007,104.32955275448202,110.02109875845906,1.0545535359225675
resnet50_fp16_medium_BS8,resnet50,fp16,medium,8,latency_avg_ms,4,74.74591060419218,1.7831321115259373,0.02385591528837337,72.71332581001799,76.68009484164416,1.0545535359225675
resnet50_fp16_medium_BS8,resnet50,fp16,medium,8,avg_power_W,4,7.287973795489026,0.6037244681434818,0.08283845209722954,6.890508535489668,8.170981981981983,1.185831486877524
resnet50_fp16_medium_BS8,resnet50,fp16,medium,8,energy_per_img_J_avg_power_times_meta_duration,4,0.16472308136005756,0.013423515081204962,0.08149140345343205,0.15236744490029064,0.18034402124800308,1.1836125582208217
resnet50_fp16_medium_BS8,resnet50,fp16,medium,8,energy_per_img_J_integrated_log_timestamps,4,0.1673775375,0.013468057395440942,0.0804651424355012,0.15496145,0.18317343,1.182058053793379
resnet50_fp16_medium_BS8,resnet50,fp16,medium,8,energy_per_img_J_power_over_throughput_proxy,4,0.06803012792831305,0.004688856642658857,0.06892323718102887,0.06363702613479748,0.07426740938045531,1.1670471404986824
resnet50_fp16_slow_BS1,resnet50,fp16,slow,1,throughput_img_s,4,20.668373835067186,0.7640222972454472,0.03696576728011189,19.62955865617025,21.41210664460505,1.0908093768004552
resnet50_fp16_slow_BS1,resnet50,fp16,slow,1,latency_avg_ms,4,48.433704979758616,1.8258441898087214,0.03769780136728704,46.70255087917554,50.94358041950502,1.0908093768004552
resnet50_fp16_slow_BS1,resnet50,fp16,slow,1,avg_power_W,4,5.671276424968234,0.4964245997084097,0.0875331340794573,5.2443839261471625,6.3638944171246745,1.2134684467694896
resnet50_fp16_slow_BS1,resnet50,fp16,slow,1,energy_per_img_J_avg_power_times_meta_duration,4,0.40303381497513563,0.027718355842327482,0.06877426859093079,0.37925581452965185,0.4417891497952754,1.1648843152033848
resnet50_fp16_slow_BS1,resnet50,fp16,slow,1,energy_per_img_J_integrated_log_timestamps,4,0.4057320275,0.027825208338523262,0.06858026099140833,0.38165902,0.44460824,1.164935758625592
resnet50_fp16_slow_BS1,resnet50,fp16,slow,1,energy_per_img_J_power_over_throughput_proxy,4,0.2741716618903778,0.01719409209353704,0.06271287110777979,0.25670633231384116,0.2972101028054663,1.1577825140756812
resnet50_fp16_slow_BS16,resnet50,fp16,slow,16,throughput_img_s,4,97.61579848217953,1.3471964690010632,0.013801008545220306,96.82869038896176,99.63246911944888,1.0289560740646633
resnet50_fp16_slow_BS16,resnet50,fp16,slow,16,latency_avg_ms,4,163.93099735199763,2.231999218452337,0.013615480016019914,160.59021864466368,165.24028090979903,1.0289560740646633
resnet50_fp16_slow_BS16,resnet50,fp16,slow,16,avg_power_W,4,6.309340614816478,0.5374436407096161,0.08518222006393436,5.900571713147411,7.070054812834225,1.1981982690051916
resnet50_fp16_slow_BS16,resnet50,fp16,slow,16,energy_per_img_J_avg_power_times_meta_duration,4,0.18845112858270302,0.015277595392200638,0.08106926982661165,0.1762090973264408,0.20971902451872357,1.1901713799157774
resnet50_fp16_slow_BS16,resnet50,fp16,slow,16,energy_per_img_J_integrated_log_timestamps,4,0.19208043,0.015442885792748285,0.08039801760516824,0.17978616000000003,0.21365864,1.1884042687156786
resnet50_fp16_slow_BS16,resnet50,fp16,slow,16,energy_per_img_J_power_over_throughput_proxy,4,0.06459018996479893,0.004620182080308046,0.07153070896410127,0.06093825796305577,0.07096135301392531,1.1644795139524027
resnet50_fp16_slow_BS4,resnet50,fp16,slow,4,throughput_img_s,4,65.82750896432958,0.623351390551697,0.009469466494463232,65.28609499665512,66.72594982702206,1.0220545405639703
resnet50_fp16_slow_BS4,resnet50,fp16,slow,4,latency_avg_ms,4,60.76892732572131,0.571345866217371,0.009401940948454767,59.946692559183575,61.268789321905935,1.02205454056397
resnet50_fp16_slow_BS4,resnet50,fp16,slow,4,avg_power_W,4,6.301113938174155,0.5172266020231948,0.08208494674087248,5.893129598189021,7.029789711701526,1.1928788591144857
resnet50_fp16_slow_BS4,resnet50,fp16,slow,4,energy_per_img_J_avg_power_times_meta_duration,4,0.22273953464943333,0.01826303048329128,0.08199276572987015,0.2080397056803085,0.24827979726343402,1.193425055335167
resnet50_fp16_slow_BS4,resnet50,fp16,slow,4,energy_per_img_J_integrated_log_timestamps,4,0.22555740500000002,0.018536856554992463,0.08218243402380189,0.21067309,0.25142783,1.1934501459108993
resnet50_fp16_slow_BS4,resnet50,fp16,slow,4,energy_per_img_J_power_over_throughput_proxy,4,0.09567401585318655,0.006930960350531311,0.07244349773262357,0.09026622894953283,0.10535316065077079,1.1671381631515032
resnet50_fp16_slow_BS8,resnet50,fp16,slow,8,throughput_img_s,4,81.1090757465898,1.008325494183316,0.01243172215811756,80.5729961144205,82.62002595251077,1.0254059044196806
resnet50_fp16_slow_BS8,resnet50,fp16,slow,8,latency_avg_ms,4,98.64390637211618,1.2113475152272828,0.0122800034972023,96.82882458301727,99.28884844544343,1.0254059044196808
resnet50_fp16_slow_BS8,resnet50,fp16,slow,8,avg_power_W,4,6.295513925409569,0.5299921996544006,0.08418569253183261,5.900289200732154,7.047650744416874,1.1944585264638123
resnet50_fp16_slow_BS8,resnet50,fp16,slow,8,energy_per_img_J_avg_power_times_meta_duration,4,0.20380125039532118,0.015818558099387668,0.07761757137752491,0.19185761366863685,0.225667619643259,1.176224468386313
resnet50_fp16_slow_BS8,resnet50,fp16,slow,8,energy_per_img_J_integrated_log_timestamps,4,0.20710623499999997,0.016216978314734423,0.07830270447789477,0.19476023,0.22950241999999998,1.17838441657211
resnet50_fp16_slow_BS8,resnet50,fp16,slow,8,energy_per_img_J_power_over_throughput_proxy,4,0.07756898380770469,0.005561647248777053,0.07169936971927472,0.07322859890841898,0.08530196720668907,1.1648723105213206
resnet50_fp32_fast_BS1,resnet50,fp32,fast,1,throughput_img_s,4,27.36751081509553,6.917720050322496,0.25277125483062857,23.552570401541967,37.735151765217836,1.6021670298349835
resnet50_fp32_fast_BS1,resnet50,fp32,fast,1,latency_avg_ms,4,37.99513855356265,7.679570597140765,0.20211982083746563,26.50048968192423,42.45821084286116,1.6021670298349833
resnet50_fp32_fast_BS1,resnet50,fp32,fast,1,avg_power_W,4,7.789857054626032,0.9403882351013193,0.12071957527678466,6.90388664351121,9.03653012048193,1.308904764387338
resnet50_fp32_fast_BS1,resnet50,fp32,fast,1,energy_per_img_J_avg_power_times_meta_duration,4,0.4491721426024483,0.05800808703302854,0.12914444492691998,0.3750423641420476,0.5131822207454397,1.3683313401658046
resnet50_fp32_fast_BS1,resnet50,fp32,fast,1,energy_per_img_J_integrated_log_timestamps,4,0.4525640225,0.05788405868193903,0.12790247523915588,0.37888383999999997,0.51674187,1.3638530215487683
resnet50_fp32_fast_BS1,resnet50,fp32,fast,1,energy_per_img_J_power_over_throughput_proxy,4,0.29124699673883214,0.039719368188434336,0.1363769193611689,0.23947247321822884,0.33277012122116495,1.3895965442254188
resnet50_fp32_fast_BS16,resnet50,fp32,fast,16,throughput_img_s,4,43.57500853600706,0.1679413210164291,0.0038540743113717403,43.47655017608666,43.82601855946856,1.0080380890840348
resnet50_fp32_fast_BS16,resnet50,fp32,fast,16,latency_avg_ms,4,367.18702110064993,1.4098480475989321,0.0038395911799193948,365.07993484028725,368.0144798793271,1.0080380890840348
resnet50_fp32_fast_BS16,resnet50,fp32,fast,16,avg_power_W,4,7.349986139535781,0.6199419021331619,0.08434599608269697,6.882521921641791,8.23715500234852,1.1968221963009145
resnet50_fp32_fast_BS16,resnet50,fp32,fast,16,energy_per_img_J_avg_power_times_meta_duration,4,0.31221809243248244,0.02512517290917131,0.08047314847586759,0.2926550838825637,0.3481035877796893,1.189467078997937
resnet50_fp32_fast_BS16,resnet50,fp32,fast,16,energy_per_img_J_integrated_log_timestamps,4,0.3179681175,0.025426429128834124,0.07996534158439368,0.29845057,0.3543438,1.18727801391031
resnet50_fp32_fast_BS16,resnet50,fp32,fast,16,energy_per_img_J_power_over_throughput_proxy,4,0.1686381645498013,0.013580014728022909,0.08052752924746483,0.15818072572279948,0.18795125072042146,1.1882057681907006
resnet50_fp32_fast_BS4,resnet50,fp32,fast,4,throughput_img_s,4,54.31380056224673,14.210968845962896,0.2616456351581641,33.31062117389975,64.74018417228834,1.9435297779140472
resnet50_fp32_fast_BS4,resnet50,fp32,fast,4,latency_avg_ms,4,79.02298756437376,27.488094481323873,0.3478493452165612,61.7854281871533,120.08181952290236,1.9435297779140472
resnet50_fp32_fast_BS4,resnet50,fp32,fast,4,avg_power_W,4,9.492626517443826,1.5715748059059036,0.16555742533617526,7.430900855365475,11.256055325034577,1.514763222403533
resnet50_fp32_fast_BS4,resnet50,fp32,fast,4,energy_per_img_J_avg_power_times_meta_duration,4,0.3214499026008743,0.043908868034288465,0.1365963021889839,0.2886711407397436,0.38248318073503024,1.3249789353895425
resnet50_fp32_fast_BS4,resnet50,fp32,fast,4,energy_per_img_J_integrated_log_timestamps,4,0.32535509749999997,0.044060990736966975,0.135424313543964,0.29231798,0.38645475999999995,1.3220355449911085
resnet50_fp32_fast_BS4,resnet50,fp32,fast,4,energy_per_img_J_power_over_throughput_proxy,4,0.18011995391305613,0.029202481500462608,0.16212796453722522,0.16149275758327367,0.22307902385164446,1.381356211820297
resnet50_fp32_fast_BS8,resnet50,fp32,fast,8,throughput_img_s,4,54.732535631313475,17.2523607218659,0.3152121589630047,39.616664233478616,69.88472161053303,1.764023371545653
resnet50_fp32_fast_BS8,resnet50,fp32,fast,8,latency_avg_ms,4,157.93480333914283,49.7857171195588,0.3152295508460599,114.47423436246812,201.93522485518827,1.764023371545653
resnet50_fp32_fast_BS8,resnet50,fp32,fast,8,avg_power_W,4,8.466849879606059,0.9466039803015324,0.11180120041830427,7.285209302325581,9.23740631730079,1.267967183091367
resnet50_fp32_fast_BS8,resnet50,fp32,fast,8,energy_per_img_J_avg_power_times_meta_duration,4,0.30169941816615176,0.0534865283880127,0.17728416154437734,0.25603215591157413,0.36204868146813385,1.4140750413911862
resnet50_fp32_fast_BS8,resnet50,fp32,fast,8,energy_per_img_J_integrated_log_timestamps,4,0.306096345,0.053847453651534594,0.17591668287164486,0.26002161,0.3670083,1.4114530711505093
resnet50_fp32_fast_BS8,resnet50,fp32,fast,8,energy_per_img_J_power_over_throughput_proxy,4,0.16300551053337603,0.036083914024837134,0.22136622195633568,0.1321806269585043,0.2031193083848676,1.5366798679857467
resnet50_fp32_medium_BS1,resnet50,fp32,medium,1,throughput_img_s,4,34.992908994223505,0.8748255092618109,0.025000079570584536,34.25197231065076,36.122375816609086,1.0546071767486722
resnet50_fp32_medium_BS1,resnet50,fp32,medium,1,latency_avg_ms,4,28.590492272647857,0.7080050321220486,0.024763653083349935,27.68367189015844,29.19539905411657,1.0546071767486722
resnet50_fp32_medium_BS1,resnet50,fp32,medium,1,avg_power_W,4,8.627539666965925,0.5880323479332171,0.06815759424262519,8.066107142857142,9.450372967951695,1.1716151051031323
resnet50_fp32_medium_BS1,resnet50,fp32,medium,1,energy_per_img_J_avg_power_times_meta_duration,4,0.3798079927064689,0.02143257987162178,0.056430039080788245,0.3573392887582744,0.40761180217652604,1.1406856592594243
resnet50_fp32_medium_BS1,resnet50,fp32,medium,1,energy_per_img_J_integrated_log_timestamps,4,0.3831086275,0.021631837153303152,0.056463978100579716,0.36046508,0.4113098300000001,1.1410531916156763
resnet50_fp32_medium_BS1,resnet50,fp32,medium,1,energy_per_img_J_power_over_throughput_proxy,4,0.24639787177099728,0.011761733529800457,0.047734720455426004,0.23549321684897428,0.26162102448439756,1.1109493003026898
resnet50_fp32_medium_BS16,resnet50,fp32,medium,16,throughput_img_s,4,72.61686286473012,3.323917553577452,0.04577335652421681,70.63933844989415,77.58154614802848,1.0982767937876226
resnet50_fp32_medium_BS16,resnet50,fp32,medium,16,latency_avg_ms,4,220.66646117841475,9.670112216958616,0.04382230160994004,206.2346111209411,226.50268746994436,1.0982767937876226
resnet50_fp32_medium_BS16,resnet50,fp32,medium,16,avg_power_W,4,9.045086745852517,0.7576359318564915,0.08376215211024854,8.513843124165554,10.121579873328642,1.188837957866491
resnet50_fp32_medium_BS16,resnet50,fp32,medium,16,energy_per_img_J_avg_power_times_meta_duration,4,0.264982602357863,0.015743735937686798,0.059414224924942985,0.2519585484606082,0.2852339093591896,1.1320668066310269
resnet50_fp32_medium_BS16,resnet50,fp32,medium,16,energy_per_img_J_integrated_log_timestamps,4,0.270030575,0.01598708662302276,0.05920472754991823,0.25675324,0.2907744,1.1325052801670585
resnet50_fp32_medium_BS16,resnet50,fp32,medium,16,energy_per_img_J_power_over_throughput_proxy,4,0.12443128109994979,0.005559435852846911,0.04467876408329573,0.11930557460180359,0.1304637555690923,1.093526065353865
resnet50_fp32_medium_BS4,resnet50,fp32,medium,4,throughput_img_s,4,55.906009500953516,1.5223915988126522,0.02723126927502645,54.811156275529896,58.15903202517007,1.0610801883618501
resnet50_fp32_medium_BS4,resnet50,fp32,medium,4,latency_avg_ms,4,71.58750425974054,1.9020808267746179,0.02657001171424148,68.77693559736139,72.97784377859905,1.0610801883618501
resnet50_fp32_medium_BS4,resnet50,fp32,medium,4,avg_power_W,4,9.64742621882225,0.8872884067526688,0.0919715151613762,8.732434104046243,10.794358189081224,1.2361224900717627
resnet50_fp32_medium_BS4,resnet50,fp32,medium,4,energy_per_img_J_avg_power_times_meta_duration,4,0.30562548187458605,0.014043808602929043,0.045951039542874064,0.28923954596264717,0.32326058727673657,1.1176223714529097
resnet50_fp32_medium_BS4,resnet50,fp32,medium,4,energy_per_img_J_integrated_log_timestamps,4,0.30930162,0.014284252179126026,0.046182274050572465,0.29286078,0.32739227,1.1179109404816856
resnet50_fp32_medium_BS4,resnet50,fp32,medium,4,energy_per_img_J_power_over_throughput_proxy,4,0.17237054439513289,0.011679055594365153,0.06775551841150261,0.15931855296299935,0.18560071949632245,1.1649661388741521
resnet50_fp32_medium_BS8,resnet50,fp32,medium,8,throughput_img_s,4,66.20258355362962,2.870022810080603,0.04335212700204736,64.27023599958483,70.35911121162437,1.0947386471722131
resnet50_fp32_medium_BS8,resnet50,fp32,medium,8,latency_avg_ms,4,121.00600993199623,5.069602953113616,0.041895464167132405,113.70240274834913,124.47441456495784,1.094738647172213
resnet50_fp32_medium_BS8,resnet50,fp32,medium,8,avg_power_W,4,9.081243775922758,0.9725677601718414,0.10709631677881233,8.331918092909536,10.508425749817118,1.2612252824184373
resnet50_fp32_medium_BS8,resnet50,fp32,medium,8,energy_per_img_J_avg_power_times_meta_duration,4,0.2785614572449001,0.012866035743927905,0.046187422593128524,0.2639530567680579,0.2923573369569935,1.1076111053106505
resnet50_fp32_medium_BS8,resnet50,fp32,medium,8,energy_per_img_J_integrated_log_timestamps,4,0.28276324999999997,0.012698916670249208,0.04491006759276253,0.26874598,0.2963436,1.102690354661305
resnet50_fp32_medium_BS8,resnet50,fp32,medium,8,energy_per_img_J_power_over_throughput_proxy,4,0.13692053232856424,0.008876760554307512,0.06483147854703199,0.12956419418703555,0.14935415710710356,1.1527425307913368
resnet50_fp32_slow_BS1,resnet50,fp32,slow,1,throughput_img_s,4,23.785025100271028,0.4460732509495465,0.01875437377379364,23.271308568168056,24.233014780887586,1.0413258330489852
resnet50_fp32_slow_BS1,resnet50,fp32,slow,1,latency_avg_ms,4,42.05438056117622,0.7906278286786785,0.0188001301678563,41.266017003740416,42.971369533033574,1.0413258330489852
resnet50_fp32_slow_BS1,resnet50,fp32,slow,1,avg_power_W,4,7.2329050983675085,0.5463777089229814,0.07554056101832454,6.803775263484191,7.986931545741325,1.1738970257596728
resnet50_fp32_slow_BS1,resnet50,fp32,slow,1,energy_per_img_J_avg_power_times_meta_duration,4,0.4658557355766836,0.0299303053676456,0.06424801302616748,0.4406961546869684,0.5079843327983377,1.1526861021947534
resnet50_fp32_slow_BS1,resnet50,fp32,slow,1,energy_per_img_J_integrated_log_timestamps,4,0.4691344,0.0302348160980395,0.0644480901380063,0.44381532999999995,0.51170875,1.1529767347153153
resnet50_fp32_slow_BS1,resnet50,fp32,slow,1,energy_per_img_J_power_over_throughput_proxy,4,0.3038930783751726,0.018035234900319396,0.05934730398187587,0.28875124325546364,0.32958885297427226,1.1414283424666636
resnet50_fp32_slow_BS16,resnet50,fp32,slow,16,throughput_img_s,4,42.42388640736919,0.1616191412621801,0.0038096260137568693,42.27166663379112,42.6517967203051,1.0089925502537465
resnet50_fp32_slow_BS16,resnet50,fp32,slow,16,latency_avg_ms,4,377.1501173161208,1.4332961931903954,0.0038003334146891722,375.1307384521724,378.5041204694286,1.0089925502537465
resnet50_fp32_slow_BS16,resnet50,fp32,slow,16,avg_power_W,4,7.311127305678725,0.6130535702844131,0.08385212630728506,6.879718303365607,8.182486611265004,1.1893636120627313
resnet50_fp32_slow_BS16,resnet50,fp32,slow,16,energy_per_img_J_avg_power_times_meta_duration,4,0.3152977512143931,0.02556727703812834,0.08108930983381278,0.29677243766372574,0.3518453735125298,1.1855729470106906
resnet50_fp32_slow_BS16,resnet50,fp32,slow,16,energy_per_img_J_integrated_log_timestamps,4,0.3210462775,0.026102549409440665,0.08130463188267513,0.30178456,0.35826103,1.1871416814697213
resnet50_fp32_slow_BS16,resnet50,fp32,slow,16,energy_per_img_J_power_over_throughput_proxy,4,0.17229900803590337,0.013806153675592184,0.08012903749692675,0.16225791709591528,0.19184389030367846,1.1823391655537774
resnet50_fp32_slow_BS4,resnet50,fp32,slow,4,throughput_img_s,4,33.3258226114625,0.17487099761920175,0.005247312261665056,33.22802592807602,33.58788619809934,1.0108300225479014
resnet50_fp32_slow_BS4,resnet50,fp32,slow,4,latency_avg_ms,4,120.02951052159945,0.6265631481740568,0.005220075841776478,119.09055474370253,120.38030813681893,1.0108300225479014
resnet50_fp32_slow_BS4,resnet50,fp32,slow,4,avg_power_W,4,7.430245391020973,0.5950306493581939,0.08008223390269915,6.991898635477583,8.273081960626758,1.18323825786723
resnet50_fp32_slow_BS4,resnet50,fp32,slow,4,energy_per_img_J_avg_power_times_meta_duration,4,0.37833842821614067,0.024499856396652864,0.06475645763019441,0.35905604197392954,0.41170425880749933,1.1466295248622846
resnet50_fp32_slow_BS4,resnet50,fp32,slow,4,energy_per_img_J_integrated_log_timestamps,4,0.38230583249999994,0.024858577570179334,0.06502275261568063,0.3627285,0.41616097999999996,1.1473070905649816
resnet50_fp32_slow_BS4,resnet50,fp32,slow,4,energy_per_img_J_power_over_throughput_proxy,4,0.22289551439041766,0.016672766651522952,0.07480081731173555,0.2104217280500488,0.2463114800327897,1.1705610552452288
resnet50_fp32_slow_BS8,resnet50,fp32,slow,8,throughput_img_s,4,39.48714441140271,0.19880316663445544,0.00503463012070954,39.30862553005115,39.771643714847926,1.0117790479456679
resnet50_fp32_slow_BS8,resnet50,fp32,slow,8,latency_avg_ms,4,202.60142022581238,1.016342510964363,0.00501646291438423,201.148337176051,203.51767308383904,1.0117790479456676
resnet50_fp32_slow_BS8,resnet50,fp32,slow,8,avg_power_W,4,7.383503611034325,0.5172907816837863,0.07006034112460076,6.887772607550484,8.111035033259423,1.1775991304312194
resnet50_fp32_slow_BS8,resnet50,fp32,slow,8,energy_per_img_J_avg_power_times_meta_duration,4,0.33386303372972265,0.02189852335786909,0.06559133879912248,0.3131225885059404,0.364668670926787,1.1646194950891213
resnet50_fp32_slow_BS8,resnet50,fp32,slow,8,energy_per_img_J_integrated_log_timestamps,4,0.3385541125,0.02219415596192293,0.06555571219629751,0.31729496,0.36956823000000005,1.1647466130568227
resnet50_fp32_slow_BS8,resnet50,fp32,slow,8,energy_per_img_J_power_over_throughput_proxy,4,0.18694609149901184,0.01224843335819487,0.06551853135832804,0.1747026577190333,0.20394015121460354,1.1673557453407013
resnet50_fp64_fast_BS1,resnet50,fp64,fast,1,throughput_img_s,4,1.5228805921986204,0.5813296838112629,0.38173031213956365,1.0194463366992164,2.031559016454786,1.992806235424425
resnet50_fp64_fast_BS1,resnet50,fp64,fast,1,latency_avg_ms,4,737.2167284182997,281.4097257926822,0.3817191267437019,492.2328083508353,980.9246097620204,1.9928062354244247
resnet50_fp64_fast_BS1,resnet50,fp64,fast,1,avg_power_W,4,5.701348028374006,1.1610057181161868,0.20363705431385487,4.692552217625072,7.08127236690847,1.5090449798963226
resnet50_fp64_fast_BS1,resnet50,fp64,fast,1,energy_per_img_J_avg_power_times_meta_duration,4,4.100550263322164,0.8118350788907142,0.19798198455272328,3.2207593894543867,4.838621565323319,1.5023232040140093
resnet50_fp64_fast_BS1,resnet50,fp64,fast,1,energy_per_img_J_integrated_log_timestamps,4,4.1065826625,0.8126672501857527,0.1978938005088197,3.2258224499999995,4.84543252,1.5020766316509455
resnet50_fp64_fast_BS1,resnet50,fp64,fast,1,energy_per_img_J_power_over_throughput_proxy,4,3.968904227461964,0.8049969276861594,0.20282598963113277,3.088176408398426,4.6987808345573505,1.5215389968587345
resnet50_fp64_fast_BS16,resnet50,fp64,fast,16,throughput_img_s,4,2.132620564929023,0.60502739488467,0.28370137887365177,1.2251164914429276,2.4411249031483737,1.9925655398477626
resnet50_fp64_fast_BS16,resnet50,fp64,fast,16,latency_avg_ms,4,8192.905145480709,3244.7518211124416,0.39604410932333084,6554.3553217471335,13059.982550031133,1.9925655398477626
resnet50_fp64_fast_BS16,resnet50,fp64,fast,16,avg_power_W,4,6.246292272511216,0.23548994012355204,0.03770075588039644,6.064995028425986,6.59211523364486,1.0869118940326115
resnet50_fp64_fast_BS16,resnet50,fp64,fast,16,energy_per_img_J_avg_power_times_meta_duration,4,3.2741706339896175,1.2016305939162637,0.3670030454252966,2.607067398407071,5.071350663004269,1.9452318977648546
resnet50_fp64_fast_BS16,resnet50,fp64,fast,16,energy_per_img_J_integrated_log_timestamps,4,3.3273765899999996,1.2206976397720535,0.3668648879242291,2.6494402100000003,5.153070619999999,1.9449658084565715
resnet50_fp64_fast_BS16,resnet50,fp64,fast,16,energy_per_img_J_power_over_throughput_proxy,4,3.1801996013624203,1.1835416674792687,0.37215955469343215,2.524458733798258,4.95054557732931,1.9610324823495144
resnet50_fp64_fast_BS4,resnet50,fp64,fast,4,throughput_img_s,4,1.9292385176588527,0.5476590418849903,0.28387316387896877,1.107781872709879,2.2086461218359816,1.993755428072808
resnet50_fp64_fast_BS4,resnet50,fp64,fast,4,latency_avg_ms,4,2264.455240716609,897.5847651837461,0.3963799986171052,1811.0642354398174,3610.8191499966665,1.9937554280728085
resnet50_fp64_fast_BS4,resnet50,fp64,fast,4,avg_power_W,4,5.966868602104178,0.9964708715009328,0.16700063935537876,4.687041536050158,7.083015990000861,1.5111912142280326
resnet50_fp64_fast_BS4,resnet50,fp64,fast,4,energy_per_img_J_avg_power_times_meta_duration,4,3.3305324646418843,0.7088528030657373,0.2128346775151332,2.7414285407294146,4.334923899436462,1.581264598012489
resnet50_fp64_fast_BS4,resnet50,fp64,fast,4,energy_per_img_J_integrated_log_timestamps,4,3.345426375,0.7116256778851578,0.21271598837238131,2.75383135,4.353610140000001,1.5809283818342763
resnet50_fp64_fast_BS4,resnet50,fp64,fast,4,energy_per_img_J_power_over_throughput_proxy,4,3.2341073169181347,0.703146706856015,0.21741600941247116,2.6531161793602176,4.231014833799925,1.5947340967255372
resnet50_fp64_fast_BS8,resnet50,fp64,fast,8,throughput_img_s,4,1.4264483212115089,0.5652288692854671,0.3962491040722792,1.1434581961424155,2.2742915252197706,1.9889590479934887
resnet50_fp64_fast_BS8,resnet50,fp64,fast,8,latency_avg_ms,4,6124.91180227183,1738.2227101857607,0.28379554943812013,3517.5789520769285,6996.320483764862,1.9889590479934889
resnet50_fp64_fast_BS8,resnet50,fp64,fast,8,avg_power_W,4,5.644946616176148,0.5185598410967415,0.09186266520408845,5.129965042800161,6.133302685037979,1.1955837191612035
resnet50_fp64_fast_BS8,resnet50,fp64,fast,8,energy_per_img_J_avg_power_times_meta_duration,4,4.375210738888689,1.1211458557576595,0.25624956663057386,2.783019807267569,5.41133710745695,1.94441199926993
resnet50_fp64_fast_BS8,resnet50,fp64,fast,8,energy_per_img_J_integrated_log_timestamps,4,4.4116657425,1.1303134400710155,0.2562101269781355,2.80640642,5.456095209999999,1.9441571866130491
resnet50_fp64_fast_BS8,resnet50,fp64,fast,8,energy_per_img_J_power_over_throughput_proxy,4,4.26885419557035,1.1062053946451604,0.25913403081160125,2.6967970539508133,5.2885811381762435,1.9610601140447188
resnet50_fp64_medium_BS1,resnet50,fp64,medium,1,throughput_img_s,4,2.0279697034694504,0.004674181909389289,0.002304857859263232,2.0214599628357357,2.0314068945201718,1.0049206671748683
resnet50_fp64_medium_BS1,resnet50,fp64,medium,1,latency_avg_ms,4,493.10598107806106,1.1382323524396865,0.0023082915156518832,492.26966921179275,494.69196441426635,1.004920667174868
resnet50_fp64_medium_BS1,resnet50,fp64,medium,1,avg_power_W,4,6.217976706158613,0.5923408852391727,0.09526264140753166,5.773506846658134,7.057231397099613,1.2223474544218362
resnet50_fp64_medium_BS1,resnet50,fp64,medium,1,energy_per_img_J_avg_power_times_meta_duration,4,3.2106775516920725,0.27785379122868975,0.0865405468955476,3.001002015482372,3.5909537809970997,1.196584928124382
resnet50_fp64_medium_BS1,resnet50,fp64,medium,1,energy_per_img_J_integrated_log_timestamps,4,3.215815505,0.2784552023708835,0.08658929653704854,3.0058447499999996,3.5970696799999997,1.1966917719220196
resnet50_fp64_medium_BS1,resnet50,fp64,medium,1,energy_per_img_J_power_over_throughput_proxy,4,3.0660276511557463,0.29044003988916145,0.0947284476640905,2.842234012194813,3.474060965401304,1.2222994132416933
resnet50_fp64_medium_BS16,resnet50,fp64,medium,16,throughput_img_s,4,2.43609795789099,0.0067329121116291215,0.0027638100881041848,2.426781474732075,2.441164239334485,1.0059266830376632
resnet50_fp64_medium_BS16,resnet50,fp64,medium,16,latency_avg_ms,4,6567.918079726431,18.183655572549075,0.0027685569996187386,6554.249706837404,6593.094667399526,1.0059266830376632
resnet50_fp64_medium_BS16,resnet50,fp64,medium,16,avg_power_W,4,6.570812697348064,0.608345701296408,0.09258302272745231,6.12488615746181,7.433862450035269,1.213714387324369
resnet50_fp64_medium_BS16,resnet50,fp64,medium,16,energy_per_img_J_avg_power_times_meta_duration,4,2.7879485154993455,0.25487641873806777,0.09142077671847437,2.590855109279583,3.141660732685704,1.2125960735640207
resnet50_fp64_medium_BS16,resnet50,fp64,medium,16,energy_per_img_J_integrated_log_timestamps,4,2.83303035,0.25884767248960316,0.09136777249477866,2.63299011,3.19242675,1.2124719868393277
resnet50_fp64_medium_BS16,resnet50,fp64,medium,16,energy_per_img_J_power_over_throughput_proxy,4,2.697178130202341,0.24786340612502977,0.09189730679984238,2.509257600248446,3.0452119239883277,1.2135907942200976
resnet50_fp64_medium_BS4,resnet50,fp64,medium,4,throughput_img_s,4,2.204131805279633,0.00531249548691831,0.0024102440127187976,2.1969639698894685,2.2082339628226464,1.0051298032592428
resnet50_fp64_medium_BS4,resnet50,fp64,medium,4,latency_avg_ms,4,1814.7814212392311,4.379661508973863,0.0024133272788208248,1811.402264136474,1820.694401374841,1.0051298032592426
resnet50_fp64_medium_BS4,resnet50,fp64,medium,4,avg_power_W,4,6.25644907936575,0.5762229712871723,0.09210064111088187,5.824575411159746,7.064657385457522,1.212905128144072
resnet50_fp64_medium_BS4,resnet50,fp64,medium,4,energy_per_img_J_avg_power_times_meta_duration,4,2.938683424395851,0.25497511124713373,0.08676508300636458,2.7493696986147294,3.295241479480912,1.1985443358676793
resnet50_fp64_medium_BS4,resnet50,fp64,medium,4,energy_per_img_J_integrated_log_timestamps,4,2.9519975025000003,0.25609129524747026,0.08675186717827185,2.7619375699999997,3.3101114399999996,1.1984743883982867
resnet50_fp64_medium_BS4,resnet50,fp64,medium,4,energy_per_img_J_power_over_throughput_proxy,4,2.838428167337212,0.259769800965422,0.09151889202435495,2.637834442311698,3.199234095841555,1.2128259622836175
resnet50_fp64_medium_BS8,resnet50,fp64,medium,8,throughput_img_s,4,2.275792840215506,0.0056844582589589375,0.002497792487307697,2.268391707505717,2.2804000982164268,1.0052937906054655
resnet50_fp64_medium_BS8,resnet50,fp64,medium,8,latency_avg_ms,4,3515.2749107380323,8.789645714049232,0.0025004148856749998,3508.1563126826095,3526.7277576131933,1.0052937906054655
resnet50_fp64_medium_BS8,resnet50,fp64,medium,8,avg_power_W,4,6.527764787518997,0.5942754195906745,0.09103811778373534,6.102187184483216,7.363112677293285,1.2066350072014145
resnet50_fp64_medium_BS8,resnet50,fp64,medium,8,energy_per_img_J_avg_power_times_meta_duration,4,2.9731452173378012,0.27489554477551453,0.09245950825828149,2.7612185433449055,3.3607115860929655,1.2171117690749105
resnet50_fp64_medium_BS8,resnet50,fp64,medium,8,energy_per_img_J_integrated_log_timestamps,4,2.998126105,0.2771908547473472,0.09245470171687366,2.78441,3.3889082999999998,1.2171010375627151
resnet50_fp64_medium_BS8,resnet50,fp64,medium,8,energy_per_img_J_power_over_throughput_proxy,4,2.8682381858851267,0.2590219832909769,0.09030699910685548,2.676271047494133,3.228868777479973,1.2064804798091182
resnet50_fp64_slow_BS1,resnet50,fp64,slow,1,throughput_img_s,4,1.0195147231389992,0.00011033480385144501,0.00010822286461124714,1.0194122458838755,1.0196712477393808,1.000254069790265
resnet50_fp64_slow_BS1,resnet50,fp64,slow,1,latency_avg_ms,4,980.8588204637065,0.10614361408206134,0.00010821497637333918,980.7082451496087,980.957413487765,1.000254069790265
resnet50_fp64_slow_BS1,resnet50,fp64,slow,1,avg_power_W,4,5.10947704634422,0.5239750047384273,0.10254963472501089,4.70876091654993,5.854984008999961,1.243423506260721
resnet50_fp64_slow_BS1,resnet50,fp64,slow,1,energy_per_img_J_avg_power_times_meta_duration,4,5.15129765413686,0.5152398718040013,0.10002137449584707,4.751724099688377,5.882570686967015,1.2379865841438058
resnet50_fp64_slow_BS1,resnet50,fp64,slow,1,energy_per_img_J_integrated_log_timestamps,4,5.15819845,0.5159886463204029,0.10003272485966545,4.75811408,5.89058267,1.2380078684452223
resnet50_fp64_slow_BS1,resnet50,fp64,slow,1,energy_per_img_J_power_over_throughput_proxy,4,5.0116358526890625,0.5133866210473366,0.1024389313465127,4.619093929431097,5.742031092845372,1.2431076701556878
resnet50_fp64_slow_BS16,resnet50,fp64,slow,16,throughput_img_s,4,1.224929671784567,0.00012131333242546066,9.903697756682025e-05,1.2247584696835372,1.2250422262292973,1.0002316836770546
resnet50_fp64_slow_BS16,resnet50,fp64,slow,16,latency_avg_ms,4,13061.97448413306,1.2937022501476096,9.904339131263234e-05,13060.774279796295,13063.80024800662,1.0002316836770548
resnet50_fp64_slow_BS16,resnet50,fp64,slow,16,avg_power_W,4,5.299390652412496,0.5476291302679609,0.10333813190742186,4.889004543832519,6.079723144624168,1.2435503158395997
resnet50_fp64_slow_BS16,resnet50,fp64,slow,16,energy_per_img_J_avg_power_times_meta_duration,4,4.433065512972888,0.4567032827947499,0.10302200169572433,4.089841082108387,5.083720509866361,1.2430117473526898
resnet50_fp64_slow_BS16,resnet50,fp64,slow,16,energy_per_img_J_integrated_log_timestamps,4,4.504428927499999,0.46411286980913163,0.10303478582505211,4.1556161199999995,5.165617790000001,1.2430449879956673
resnet50_fp64_slow_BS16,resnet50,fp64,slow,16,energy_per_img_J_power_over_throughput_proxy,4,4.326258128637898,0.44674688032935156,0.10326403719928004,3.9912067136477543,4.962868229724349,1.2434505616444373
resnet50_fp64_slow_BS4,resnet50,fp64,slow,4,throughput_img_s,4,1.1078153898495788,6.93232874141914e-05,6.257657011210528e-05,1.1077766274397107,1.1079192595112641,1.0001287552634894
resnet50_fp64_slow_BS4,resnet50,fp64,slow,4,latency_avg_ms,4,3610.709914663561,0.2259317982113432,6.257268059497244e-05,3610.37139273535,3610.836247055316,1.0001287552634894
resnet50_fp64_slow_BS4,resnet50,fp64,slow,4,avg_power_W,4,5.115905649443138,0.5256563078197038,0.10274941405084768,4.71876355162576,5.8679338578215585,1.2435320807290446
resnet50_fp64_slow_BS4,resnet50,fp64,slow,4,energy_per_img_J_avg_power_times_meta_duration,4,4.728169493173768,0.4824993886895566,0.10204781985632257,4.362327916920456,5.4179426561474715,1.2419842706304887
resnet50_fp64_slow_BS4,resnet50,fp64,slow,4,energy_per_img_J_integrated_log_timestamps,4,4.7489231175,0.4846554064800988,0.10205585445132209,4.381283870000001,5.4418301300000005,1.2420628955959432
resnet50_fp64_slow_BS4,resnet50,fp64,slow,4,energy_per_img_J_power_over_throughput_proxy,4,4.61799130742304,0.4741937339490154,0.10268398149359616,4.259670618373443,5.296355133685533,1.2433719900408517
resnet50_fp64_slow_BS8,resnet50,fp64,slow,8,throughput_img_s,4,1.1440438133810498,8.910341920573305e-05,7.788462134365402e-05,1.1439271884046824,1.1441344502759578,1.0001811844961606
resnet50_fp64_slow_BS8,resnet50,fp64,slow,8,latency_avg_ms,4,6992.739214029154,0.5446422868257452,7.788682948923062e-05,6992.185226194746,6993.452101752016,1.0001811844961606
resnet50_fp64_slow_BS8,resnet50,fp64,slow,8,avg_power_W,4,5.2695257718139645,0.5361904752422204,0.1017530795864471,4.878736048231656,6.035908626255381,1.237186961250579
resnet50_fp64_slow_BS8,resnet50,fp64,slow,8,energy_per_img_J_avg_power_times_meta_duration,4,4.7129750163440125,0.4783985799413609,0.10150670824316574,4.365735350097452,5.397225342519175,1.2362694734573634
resnet50_fp64_slow_BS8,resnet50,fp64,slow,8,energy_per_img_J_integrated_log_timestamps,4,4.751835425,0.48229521238281525,0.10149661535948822,4.401780990000001,5.441705969999999,1.2362509589555928
resnet50_fp64_slow_BS8,resnet50,fp64,slow,8,energy_per_img_J_power_over_throughput_proxy,4,4.606033172097964,0.4684083890660417,0.10169453227204836,4.264900858799875,5.2755238903955375,1.236962842761144
