dataset,prefix,actual_position,base_fixed_position,previous_prefix
fixed_2026-03,resnet50_fp16_slow_BS32,1,1,
fixed_2026-03,resnet50_fp16_slow_BS64,2,2,resnet50_fp16_slow_BS32
fixed_2026-03,resnet50_fp16_slow_BS128,3,3,resnet50_fp16_slow_BS64
fixed_2026-03,resnet50_fp32_slow_BS32,4,4,resnet50_fp16_slow_BS128
fixed_2026-03,resnet50_fp32_slow_BS64,5,5,resnet50_fp32_slow_BS32
fixed_2026-03,resnet50_fp32_slow_BS128,6,6,resnet50_fp32_slow_BS64
fixed_2026-03,resnet50_fp64_slow_BS32,7,7,resnet50_fp32_slow_BS128
fixed_2026-03,resnet50_fp64_slow_BS64,8,8,resnet50_fp64_slow_BS32
fixed_2026-03,resnet50_fp64_slow_BS128,9,9,resnet50_fp64_slow_BS64
fixed_2026-03,mobilenet_v2_fp16_slow_BS32,10,10,resnet50_fp64_slow_BS128
fixed_2026-03,mobilenet_v2_fp16_slow_BS64,11,11,mobilenet_v2_fp16_slow_BS32
fixed_2026-03,mobilenet_v2_fp16_slow_BS128,12,12,mobilenet_v2_fp16_slow_BS64
fixed_2026-03,mobilenet_v2_fp32_slow_BS32,13,13,mobilenet_v2_fp16_slow_BS128
fixed_2026-03,mobilenet_v2_fp32_slow_BS64,14,14,mobilenet_v2_fp32_slow_BS32
fixed_2026-03,mobilenet_v2_fp32_slow_BS128,15,15,mobilenet_v2_fp32_slow_BS64
fixed_2026-03,mobilenet_v2_fp64_slow_BS32,16,16,mobilenet_v2_fp32_slow_BS128
fixed_2026-03,mobilenet_v2_fp64_slow_BS64,17,17,mobilenet_v2_fp64_slow_BS32
fixed_2026-03,mobilenet_v2_fp64_slow_BS128,18,18,mobilenet_v2_fp64_slow_BS64
fixed_2026-03,resnet50_fp16_medium_BS32,19,19,mobilenet_v2_fp64_slow_BS128
fixed_2026-03,resnet50_fp16_medium_BS64,20,20,resnet50_fp16_medium_BS32
fixed_2026-03,resnet50_fp16_medium_BS128,21,21,resnet50_fp16_medium_BS64
fixed_2026-03,resnet50_fp32_medium_BS32,22,22,resnet50_fp16_medium_BS128
fixed_2026-03,resnet50_fp32_medium_BS64,23,23,resnet50_fp32_medium_BS32
fixed_2026-03,resnet50_fp32_medium_BS128,24,24,resnet50_fp32_medium_BS64
fixed_2026-03,resnet50_fp64_medium_BS32,25,25,resnet50_fp32_medium_BS128
fixed_2026-03,resnet50_fp64_medium_BS64,26,26,resnet50_fp64_medium_BS32
fixed_2026-03,resnet50_fp64_medium_BS128,27,27,resnet50_fp64_medium_BS64
fixed_2026-03,mobilenet_v2_fp16_medium_BS32,28,28,resnet50_fp64_medium_BS128
fixed_2026-03,mobilenet_v2_fp16_medium_BS64,29,29,mobilenet_v2_fp16_medium_BS32
fixed_2026-03,mobilenet_v2_fp16_medium_BS128,30,30,mobilenet_v2_fp16_medium_BS64
fixed_2026-03,mobilenet_v2_fp32_medium_BS32,31,31,mobilenet_v2_fp16_medium_BS128
fixed_2026-03,mobilenet_v2_fp32_medium_BS64,32,32,mobilenet_v2_fp32_medium_BS32
fixed_2026-03,mobilenet_v2_fp32_medium_BS128,33,33,mobilenet_v2_fp32_medium_BS64
fixed_2026-03,mobilenet_v2_fp64_medium_BS32,34,34,mobilenet_v2_fp32_medium_BS128
fixed_2026-03,mobilenet_v2_fp64_medium_BS64,35,35,mobilenet_v2_fp64_medium_BS32
fixed_2026-03,mobilenet_v2_fp64_medium_BS128,36,36,mobilenet_v2_fp64_medium_BS64
fixed_2026-03,resnet50_fp16_fast_BS32,37,37,mobilenet_v2_fp64_medium_BS128
fixed_2026-03,resnet50_fp16_fast_BS64,38,38,resnet50_fp16_fast_BS32
fixed_2026-03,resnet50_fp16_fast_BS128,39,39,resnet50_fp16_fast_BS64
fixed_2026-03,resnet50_fp32_fast_BS32,40,40,resnet50_fp16_fast_BS128
fixed_2026-03,resnet50_fp32_fast_BS64,41,41,resnet50_fp32_fast_BS32
fixed_2026-03,resnet50_fp32_fast_BS128,42,42,resnet50_fp32_fast_BS64
fixed_2026-03,resnet50_fp64_fast_BS32,43,43,resnet50_fp32_fast_BS128
fixed_2026-03,resnet50_fp64_fast_BS64,44,44,resnet50_fp64_fast_BS32
fixed_2026-03,resnet50_fp64_fast_BS128,45,45,resnet50_fp64_fast_BS64
fixed_2026-03,mobilenet_v2_fp16_fast_BS32,46,46,resnet50_fp64_fast_BS128
fixed_2026-03,mobilenet_v2_fp16_fast_BS64,47,47,mobilenet_v2_fp16_fast_BS32
fixed_2026-03,mobilenet_v2_fp16_fast_BS128,48,48,mobilenet_v2_fp16_fast_BS64
fixed_2026-03,mobilenet_v2_fp32_fast_BS32,49,49,mobilenet_v2_fp16_fast_BS128
fixed_2026-03,mobilenet_v2_fp32_fast_BS64,50,50,mobilenet_v2_fp32_fast_BS32
fixed_2026-03,mobilenet_v2_fp32_fast_BS128,51,51,mobilenet_v2_fp32_fast_BS64
fixed_2026-03,mobilenet_v2_fp64_fast_BS32,52,52,mobilenet_v2_fp32_fast_BS128
fixed_2026-03,mobilenet_v2_fp64_fast_BS64,53,53,mobilenet_v2_fp64_fast_BS32
fixed_2026-03,mobilenet_v2_fp64_fast_BS128,54,54,mobilenet_v2_fp64_fast_BS64
random_2026-03,resnet50_fp16_fast_BS128,1,39,
random_2026-03,mobilenet_v2_fp64_fast_BS32,2,52,resnet50_fp16_fast_BS128
random_2026-03,mobilenet_v2_fp32_slow_BS64,3,14,mobilenet_v2_fp64_fast_BS32
random_2026-03,resnet50_fp16_medium_BS128,4,21,mobilenet_v2_fp32_slow_BS64
random_2026-03,resnet50_fp16_fast_BS32,5,37,resnet50_fp16_medium_BS128
random_2026-03,mobilenet_v2_fp32_fast_BS128,6,51,resnet50_fp16_fast_BS32
random_2026-03,mobilenet_v2_fp32_medium_BS64,7,32,mobilenet_v2_fp32_fast_BS128
random_2026-03,resnet50_fp32_medium_BS128,8,24,mobilenet_v2_fp32_medium_BS64
random_2026-03,mobilenet_v2_fp64_slow_BS64,9,17,resnet50_fp32_medium_BS128
random_2026-03,mobilenet_v2_fp16_slow_BS128,10,12,mobilenet_v2_fp64_slow_BS64
random_2026-03,mobilenet_v2_fp32_fast_BS32,11,49,mobilenet_v2_fp16_slow_BS128
random_2026-03,resnet50_fp64_slow_BS64,12,8,mobilenet_v2_fp32_fast_BS32
random_2026-03,resnet50_fp64_fast_BS128,13,45,resnet50_fp64_slow_BS64
random_2026-03,mobilenet_v2_fp16_fast_BS128,14,48,resnet50_fp64_fast_BS128
random_2026-03,resnet50_fp32_medium_BS64,15,23,mobilenet_v2_fp16_fast_BS128
random_2026-03,mobilenet_v2_fp16_slow_BS32,16,10,resnet50_fp32_medium_BS64
random_2026-03,mobilenet_v2_fp32_medium_BS32,17,31,mobilenet_v2_fp16_slow_BS32
random_2026-03,resnet50_fp16_medium_BS32,18,19,mobilenet_v2_fp32_medium_BS32
random_2026-03,resnet50_fp32_slow_BS64,19,5,resnet50_fp16_medium_BS32
random_2026-03,resnet50_fp64_medium_BS64,20,26,resnet50_fp32_slow_BS64
random_2026-03,resnet50_fp16_slow_BS64,21,2,resnet50_fp64_medium_BS64
random_2026-03,resnet50_fp32_fast_BS64,22,41,resnet50_fp16_slow_BS64
random_2026-03,mobilenet_v2_fp32_slow_BS128,23,15,resnet50_fp32_fast_BS64
random_2026-03,mobilenet_v2_fp64_medium_BS32,24,34,mobilenet_v2_fp32_slow_BS128
random_2026-03,mobilenet_v2_fp32_medium_BS128,25,33,mobilenet_v2_fp64_medium_BS32
random_2026-03,mobilenet_v2_fp16_medium_BS128,26,30,mobilenet_v2_fp32_medium_BS128
random_2026-03,mobilenet_v2_fp32_slow_BS32,27,13,mobilenet_v2_fp16_medium_BS128
random_2026-03,resnet50_fp16_medium_BS64,28,20,mobilenet_v2_fp32_slow_BS32
random_2026-03,mobilenet_v2_fp16_medium_BS64,29,29,resnet50_fp16_medium_BS64
random_2026-03,mobilenet_v2_fp16_fast_BS64,30,47,mobilenet_v2_fp16_medium_BS64
random_2026-03,mobilenet_v2_fp16_fast_BS32,31,46,mobilenet_v2_fp16_fast_BS64
random_2026-03,mobilenet_v2_fp16_medium_BS32,32,28,mobilenet_v2_fp16_fast_BS32
random_2026-03,resnet50_fp16_slow_BS32,33,1,mobilenet_v2_fp16_medium_BS32
random_2026-03,resnet50_fp32_fast_BS32,34,40,resnet50_fp16_slow_BS32
random_2026-03,mobilenet_v2_fp64_slow_BS32,35,16,resnet50_fp32_fast_BS32
random_2026-03,resnet50_fp16_fast_BS64,36,38,mobilenet_v2_fp64_slow_BS32
random_2026-03,resnet50_fp64_fast_BS64,37,44,resnet50_fp16_fast_BS64
random_2026-03,resnet50_fp32_fast_BS128,38,42,resnet50_fp64_fast_BS64
random_2026-03,resnet50_fp64_slow_BS128,39,9,resnet50_fp32_fast_BS128
random_2026-03,mobilenet_v2_fp16_slow_BS64,40,11,resnet50_fp64_slow_BS128
random_2026-03,mobilenet_v2_fp64_fast_BS128,41,54,mobilenet_v2_fp16_slow_BS64
random_2026-03,resnet50_fp64_fast_BS32,42,43,mobilenet_v2_fp64_fast_BS128
random_2026-03,resnet50_fp32_medium_BS32,43,22,resnet50_fp64_fast_BS32
random_2026-03,mobilenet_v2_fp64_medium_BS128,44,36,resnet50_fp32_medium_BS32
random_2026-03,mobilenet_v2_fp64_medium_BS64,45,35,mobilenet_v2_fp64_medium_BS128
random_2026-03,resnet50_fp64_medium_BS32,46,25,mobilenet_v2_fp64_medium_BS64
random_2026-03,resnet50_fp16_slow_BS128,47,3,resnet50_fp64_medium_BS32
random_2026-03,resnet50_fp64_slow_BS32,48,7,resnet50_fp16_slow_BS128
random_2026-03,mobilenet_v2_fp64_fast_BS64,49,53,resnet50_fp64_slow_BS32
random_2026-03,resnet50_fp64_medium_BS128,50,27,mobilenet_v2_fp64_fast_BS64
random_2026-03,mobilenet_v2_fp32_fast_BS64,51,50,resnet50_fp64_medium_BS128
random_2026-03,resnet50_fp32_slow_BS128,52,6,mobilenet_v2_fp32_fast_BS64
random_2026-03,mobilenet_v2_fp64_slow_BS128,53,18,resnet50_fp32_slow_BS128
random_2026-03,resnet50_fp32_slow_BS32,54,4,mobilenet_v2_fp64_slow_BS128
Clone1,resnet50_fp32_slow_BS8,1,10,
Clone1,resnet50_fp16_fast_BS128,2,91,resnet50_fp32_slow_BS8
Clone1,resnet50_fp64_fast_BS8,3,101,resnet50_fp16_fast_BS128
Clone1,mobilenet_v2_fp32_medium_BS128,4,77,resnet50_fp64_fast_BS8
Clone1,resnet50_fp32_medium_BS1,5,50,mobilenet_v2_fp32_medium_BS128
Clone1,resnet50_fp64_slow_BS8,6,17,resnet50_fp32_medium_BS1
Clone1,resnet50_fp64_medium_BS128,7,63,resnet50_fp64_slow_BS8
Clone1,resnet50_fp64_fast_BS16,8,102,resnet50_fp64_medium_BS128
Clone1,resnet50_fp64_fast_BS32,9,103,resnet50_fp64_fast_BS16
Clone1,mobilenet_v2_fp64_fast_BS128,10,126,resnet50_fp64_fast_BS32
Clone1,resnet50_fp16_medium_BS64,11,48,mobilenet_v2_fp64_fast_BS128
Clone1,mobilenet_v2_fp16_slow_BS1,12,22,resnet50_fp16_medium_BS64
Clone1,mobilenet_v2_fp32_slow_BS8,13,31,mobilenet_v2_fp16_slow_BS1
Clone1,resnet50_fp16_fast_BS4,14,86,mobilenet_v2_fp32_slow_BS8
Clone1,mobilenet_v2_fp32_slow_BS32,15,33,resnet50_fp16_fast_BS4
Clone1,resnet50_fp32_medium_BS4,16,51,mobilenet_v2_fp32_slow_BS32
Clone1,mobilenet_v2_fp16_medium_BS1,17,64,resnet50_fp32_medium_BS4
Clone1,mobilenet_v2_fp64_fast_BS4,18,121,mobilenet_v2_fp16_medium_BS1
Clone1,mobilenet_v2_fp32_fast_BS8,19,115,mobilenet_v2_fp64_fast_BS4
Clone1,resnet50_fp64_slow_BS32,20,19,mobilenet_v2_fp32_fast_BS8
Clone1,mobilenet_v2_fp32_medium_BS32,21,75,resnet50_fp64_slow_BS32
Clone1,resnet50_fp16_slow_BS8,22,3,mobilenet_v2_fp32_medium_BS32
Clone1,mobilenet_v2_fp16_medium_BS16,23,67,resnet50_fp16_slow_BS8
Clone1,mobilenet_v2_fp64_medium_BS8,24,80,mobilenet_v2_fp16_medium_BS16
Clone1,mobilenet_v2_fp64_slow_BS4,25,37,mobilenet_v2_fp64_medium_BS8
Clone1,resnet50_fp16_fast_BS1,26,85,mobilenet_v2_fp64_slow_BS4
Clone1,resnet50_fp32_slow_BS1,27,8,resnet50_fp16_fast_BS1
Clone1,resnet50_fp16_slow_BS4,28,2,resnet50_fp32_slow_BS1
Clone1,mobilenet_v2_fp32_fast_BS16,29,116,resnet50_fp16_slow_BS4
Clone1,mobilenet_v2_fp64_medium_BS4,30,79,mobilenet_v2_fp32_fast_BS16
Clone1,mobilenet_v2_fp16_slow_BS64,31,27,mobilenet_v2_fp64_medium_BS4
Clone1,resnet50_fp32_fast_BS128,32,98,mobilenet_v2_fp16_slow_BS64
Clone1,resnet50_fp64_medium_BS32,33,61,resnet50_fp32_fast_BS128
Clone1,mobilenet_v2_fp32_medium_BS16,34,74,resnet50_fp64_medium_BS32
Clone1,resnet50_fp32_fast_BS8,35,94,mobilenet_v2_fp32_medium_BS16
Clone1,resnet50_fp64_medium_BS16,36,60,resnet50_fp32_fast_BS8
Clone1,mobilenet_v2_fp64_slow_BS32,37,40,resnet50_fp64_medium_BS16
Clone1,mobilenet_v2_fp32_medium_BS8,38,73,mobilenet_v2_fp64_slow_BS32
Clone1,mobilenet_v2_fp32_slow_BS128,39,35,mobilenet_v2_fp32_medium_BS8
Clone1,resnet50_fp32_medium_BS8,40,52,mobilenet_v2_fp32_slow_BS128
Clone1,resnet50_fp64_medium_BS64,41,62,resnet50_fp32_medium_BS8
Clone1,mobilenet_v2_fp64_slow_BS16,42,39,resnet50_fp64_medium_BS64
Clone1,mobilenet_v2_fp16_fast_BS32,43,110,mobilenet_v2_fp64_slow_BS16
Clone1,mobilenet_v2_fp64_slow_BS128,44,42,mobilenet_v2_fp16_fast_BS32
Clone1,resnet50_fp64_fast_BS1,45,99,mobilenet_v2_fp64_slow_BS128
Clone1,resnet50_fp64_fast_BS64,46,104,resnet50_fp64_fast_BS1
Clone1,resnet50_fp64_medium_BS1,47,57,resnet50_fp64_fast_BS64
Clone1,resnet50_fp16_medium_BS1,48,43,resnet50_fp64_medium_BS1
Clone1,mobilenet_v2_fp64_medium_BS64,49,83,resnet50_fp16_medium_BS1
Clone1,mobilenet_v2_fp16_slow_BS4,50,23,mobilenet_v2_fp64_medium_BS64
Clone1,resnet50_fp32_medium_BS16,51,53,mobilenet_v2_fp16_slow_BS4
Clone1,mobilenet_v2_fp32_medium_BS1,52,71,resnet50_fp32_medium_BS16
Clone1,mobilenet_v2_fp16_slow_BS8,53,24,mobilenet_v2_fp32_medium_BS1
Clone1,resnet50_fp32_fast_BS32,54,96,mobilenet_v2_fp16_slow_BS8
Clone1,mobilenet_v2_fp64_slow_BS64,55,41,resnet50_fp32_fast_BS32
Clone1,resnet50_fp64_fast_BS128,56,105,mobilenet_v2_fp64_slow_BS64
Clone1,mobilenet_v2_fp32_fast_BS128,57,119,resnet50_fp64_fast_BS128
Clone1,mobilenet_v2_fp16_medium_BS32,58,68,mobilenet_v2_fp32_fast_BS128
Clone1,resnet50_fp16_slow_BS128,59,7,mobilenet_v2_fp16_medium_BS32
Clone1,resnet50_fp32_medium_BS128,60,56,resnet50_fp16_slow_BS128
Clone1,mobilenet_v2_fp64_fast_BS64,61,125,resnet50_fp32_medium_BS128
Clone1,resnet50_fp16_fast_BS32,62,89,mobilenet_v2_fp64_fast_BS64
Clone1,mobilenet_v2_fp16_medium_BS8,63,66,resnet50_fp16_fast_BS32
Clone1,resnet50_fp32_fast_BS64,64,97,mobilenet_v2_fp16_medium_BS8
Clone1,mobilenet_v2_fp16_fast_BS1,65,106,resnet50_fp32_fast_BS64
Clone1,resnet50_fp32_fast_BS4,66,93,mobilenet_v2_fp16_fast_BS1
Clone1,resnet50_fp32_slow_BS4,67,9,resnet50_fp32_fast_BS4
Clone1,mobilenet_v2_fp16_slow_BS16,68,25,resnet50_fp32_slow_BS4
Clone1,resnet50_fp16_medium_BS32,69,47,mobilenet_v2_fp16_slow_BS16
Clone1,mobilenet_v2_fp64_slow_BS8,70,38,resnet50_fp16_medium_BS32
Clone1,resnet50_fp32_slow_BS16,71,11,mobilenet_v2_fp64_slow_BS8
Clone1,mobilenet_v2_fp64_medium_BS16,72,81,resnet50_fp32_slow_BS16
Clone1,resnet50_fp64_slow_BS4,73,16,mobilenet_v2_fp64_medium_BS16
Clone1,mobilenet_v2_fp16_medium_BS64,74,69,resnet50_fp64_slow_BS4
Clone1,resnet50_fp64_medium_BS8,75,59,mobilenet_v2_fp16_medium_BS64
Clone1,resnet50_fp16_slow_BS64,76,6,resnet50_fp64_medium_BS8
Clone1,mobilenet_v2_fp32_slow_BS64,77,34,resnet50_fp16_slow_BS64
Clone1,resnet50_fp16_medium_BS8,78,45,mobilenet_v2_fp32_slow_BS64
Clone1,resnet50_fp16_medium_BS16,79,46,resnet50_fp16_medium_BS8
Clone1,resnet50_fp32_slow_BS64,80,13,resnet50_fp16_medium_BS16
Clone1,resnet50_fp16_medium_BS128,81,49,resnet50_fp32_slow_BS64
Clone1,mobilenet_v2_fp16_fast_BS8,82,108,resnet50_fp16_medium_BS128
Clone1,mobilenet_v2_fp32_fast_BS32,83,117,mobilenet_v2_fp16_fast_BS8
Clone1,resnet50_fp16_fast_BS16,84,88,mobilenet_v2_fp32_fast_BS32
Clone1,mobilenet_v2_fp16_fast_BS4,85,107,resnet50_fp16_fast_BS16
Clone1,resnet50_fp64_slow_BS64,86,20,mobilenet_v2_fp16_fast_BS4
Clone1,resnet50_fp64_fast_BS4,87,100,resnet50_fp64_slow_BS64
Clone1,resnet50_fp16_medium_BS4,88,44,resnet50_fp64_fast_BS4
Clone1,mobilenet_v2_fp16_fast_BS64,89,111,resnet50_fp16_medium_BS4
Clone1,resnet50_fp64_slow_BS128,90,21,mobilenet_v2_fp16_fast_BS64
Clone1,resnet50_fp16_slow_BS1,91,1,resnet50_fp64_slow_BS128
Clone1,mobilenet_v2_fp64_fast_BS8,92,122,resnet50_fp16_slow_BS1
Clone1,mobilenet_v2_fp16_fast_BS128,93,112,mobilenet_v2_fp64_fast_BS8
Clone1,resnet50_fp64_medium_BS4,94,58,mobilenet_v2_fp16_fast_BS128
Clone1,mobilenet_v2_fp64_fast_BS1,95,120,resnet50_fp64_medium_BS4
Clone1,resnet50_fp32_medium_BS32,96,54,mobilenet_v2_fp64_fast_BS1
Clone1,mobilenet_v2_fp32_fast_BS4,97,114,resnet50_fp32_medium_BS32
Clone1,resnet50_fp16_fast_BS64,98,90,mobilenet_v2_fp32_fast_BS4
Clone1,mobilenet_v2_fp64_medium_BS128,99,84,resnet50_fp16_fast_BS64
Clone1,resnet50_fp32_fast_BS1,100,92,mobilenet_v2_fp64_medium_BS128
Clone1,mobilenet_v2_fp16_slow_BS32,101,26,resnet50_fp32_fast_BS1
Clone1,mobilenet_v2_fp32_medium_BS4,102,72,mobilenet_v2_fp16_slow_BS32
Clone1,mobilenet_v2_fp16_fast_BS16,103,109,mobilenet_v2_fp32_medium_BS4
Clone1,mobilenet_v2_fp64_medium_BS1,104,78,mobilenet_v2_fp16_fast_BS16
Clone1,mobilenet_v2_fp16_medium_BS4,105,65,mobilenet_v2_fp64_medium_BS1
Clone1,mobilenet_v2_fp32_slow_BS4,106,30,mobilenet_v2_fp16_medium_BS4
Clone1,mobilenet_v2_fp16_slow_BS128,107,28,mobilenet_v2_fp32_slow_BS4
Clone1,mobilenet_v2_fp32_fast_BS1,108,113,mobilenet_v2_fp16_slow_BS128
Clone1,mobilenet_v2_fp64_fast_BS32,109,124,mobilenet_v2_fp32_fast_BS1
Clone1,resnet50_fp16_slow_BS32,110,5,mobilenet_v2_fp64_fast_BS32
Clone1,resnet50_fp32_medium_BS64,111,55,resnet50_fp16_slow_BS32
Clone1,mobilenet_v2_fp32_medium_BS64,112,76,resnet50_fp32_medium_BS64
Clone1,resnet50_fp32_slow_BS32,113,12,mobilenet_v2_fp32_medium_BS64
Clone1,mobilenet_v2_fp16_medium_BS128,114,70,resnet50_fp32_slow_BS32
Clone1,mobilenet_v2_fp32_fast_BS64,115,118,mobilenet_v2_fp16_medium_BS128
Clone1,resnet50_fp16_fast_BS8,116,87,mobilenet_v2_fp32_fast_BS64
Clone1,resnet50_fp32_slow_BS128,117,14,resnet50_fp16_fast_BS8
Clone1,mobilenet_v2_fp64_fast_BS16,118,123,resnet50_fp32_slow_BS128
Clone1,resnet50_fp64_slow_BS16,119,18,mobilenet_v2_fp64_fast_BS16
Clone1,mobilenet_v2_fp32_slow_BS1,120,29,resnet50_fp64_slow_BS16
Clone1,mobilenet_v2_fp32_slow_BS16,121,32,mobilenet_v2_fp32_slow_BS1
Clone1,mobilenet_v2_fp64_slow_BS1,122,36,mobilenet_v2_fp32_slow_BS16
Clone1,resnet50_fp32_fast_BS16,123,95,mobilenet_v2_fp64_slow_BS1
Clone1,resnet50_fp16_slow_BS16,124,4,resnet50_fp32_fast_BS16
Clone1,resnet50_fp64_slow_BS1,125,15,resnet50_fp16_slow_BS16
Clone1,mobilenet_v2_fp64_medium_BS32,126,82,resnet50_fp64_slow_BS1
Clone2,resnet50_fp16_medium_BS4,1,44,
Clone2,resnet50_fp64_fast_BS128,2,105,resnet50_fp16_medium_BS4
Clone2,mobilenet_v2_fp16_slow_BS1,3,22,resnet50_fp64_fast_BS128
Clone2,mobilenet_v2_fp16_fast_BS32,4,110,mobilenet_v2_fp16_slow_BS1
Clone2,resnet50_fp64_slow_BS8,5,17,mobilenet_v2_fp16_fast_BS32
Clone2,mobilenet_v2_fp32_slow_BS32,6,33,resnet50_fp64_slow_BS8
Clone2,mobilenet_v2_fp16_fast_BS4,7,107,mobilenet_v2_fp32_slow_BS32
Clone2,resnet50_fp16_slow_BS16,8,4,mobilenet_v2_fp16_fast_BS4
Clone2,resnet50_fp32_fast_BS1,9,92,resnet50_fp16_slow_BS16
Clone2,resnet50_fp32_fast_BS128,10,98,resnet50_fp32_fast_BS1
Clone2,resnet50_fp64_slow_BS4,11,16,resnet50_fp32_fast_BS128
Clone2,mobilenet_v2_fp64_medium_BS128,12,84,resnet50_fp64_slow_BS4
Clone2,mobilenet_v2_fp16_fast_BS128,13,112,mobilenet_v2_fp64_medium_BS128
Clone2,resnet50_fp64_slow_BS64,14,20,mobilenet_v2_fp16_fast_BS128
Clone2,resnet50_fp32_fast_BS64,15,97,resnet50_fp64_slow_BS64
Clone2,resnet50_fp32_medium_BS8,16,52,resnet50_fp32_fast_BS64
Clone2,resnet50_fp64_slow_BS32,17,19,resnet50_fp32_medium_BS8
Clone2,mobilenet_v2_fp16_medium_BS4,18,65,resnet50_fp64_slow_BS32
Clone2,mobilenet_v2_fp16_medium_BS1,19,64,mobilenet_v2_fp16_medium_BS4
Clone2,mobilenet_v2_fp64_fast_BS32,20,124,mobilenet_v2_fp16_medium_BS1
Clone2,mobilenet_v2_fp64_fast_BS64,21,125,mobilenet_v2_fp64_fast_BS32
Clone2,resnet50_fp32_slow_BS4,22,9,mobilenet_v2_fp64_fast_BS64
Clone2,mobilenet_v2_fp64_medium_BS4,23,79,resnet50_fp32_slow_BS4
Clone2,mobilenet_v2_fp16_slow_BS8,24,24,mobilenet_v2_fp64_medium_BS4
Clone2,resnet50_fp32_slow_BS128,25,14,mobilenet_v2_fp16_slow_BS8
Clone2,mobilenet_v2_fp32_fast_BS128,26,119,resnet50_fp32_slow_BS128
Clone2,resnet50_fp32_medium_BS64,27,55,mobilenet_v2_fp32_fast_BS128
Clone2,mobilenet_v2_fp64_fast_BS16,28,123,resnet50_fp32_medium_BS64
Clone2,resnet50_fp64_fast_BS16,29,102,mobilenet_v2_fp64_fast_BS16
Clone2,mobilenet_v2_fp32_fast_BS32,30,117,resnet50_fp64_fast_BS16
Clone2,resnet50_fp64_fast_BS4,31,100,mobilenet_v2_fp32_fast_BS32
Clone2,resnet50_fp64_fast_BS1,32,99,resnet50_fp64_fast_BS4
Clone2,resnet50_fp16_slow_BS1,33,1,resnet50_fp64_fast_BS1
Clone2,mobilenet_v2_fp16_slow_BS128,34,28,resnet50_fp16_slow_BS1
Clone2,mobilenet_v2_fp64_slow_BS64,35,41,mobilenet_v2_fp16_slow_BS128
Clone2,mobilenet_v2_fp64_fast_BS1,36,120,mobilenet_v2_fp64_slow_BS64
Clone2,resnet50_fp16_fast_BS1,37,85,mobilenet_v2_fp64_fast_BS1
Clone2,resnet50_fp16_fast_BS32,38,89,resnet50_fp16_fast_BS1
Clone2,mobilenet_v2_fp16_medium_BS128,39,70,resnet50_fp16_fast_BS32
Clone2,mobilenet_v2_fp64_slow_BS8,40,38,mobilenet_v2_fp16_medium_BS128
Clone2,resnet50_fp32_fast_BS16,41,95,mobilenet_v2_fp64_slow_BS8
Clone2,resnet50_fp16_slow_BS8,42,3,resnet50_fp32_fast_BS16
Clone2,mobilenet_v2_fp64_fast_BS128,43,126,resnet50_fp16_slow_BS8
Clone2,resnet50_fp16_fast_BS64,44,90,mobilenet_v2_fp64_fast_BS128
Clone2,mobilenet_v2_fp64_fast_BS8,45,122,resnet50_fp16_fast_BS64
Clone2,mobilenet_v2_fp32_slow_BS64,46,34,mobilenet_v2_fp64_fast_BS8
Clone2,mobilenet_v2_fp64_medium_BS16,47,81,mobilenet_v2_fp32_slow_BS64
Clone2,resnet50_fp16_slow_BS128,48,7,mobilenet_v2_fp64_medium_BS16
Clone2,mobilenet_v2_fp32_medium_BS8,49,73,resnet50_fp16_slow_BS128
Clone2,mobilenet_v2_fp16_slow_BS32,50,26,mobilenet_v2_fp32_medium_BS8
Clone2,mobilenet_v2_fp32_medium_BS16,51,74,mobilenet_v2_fp16_slow_BS32
Clone2,mobilenet_v2_fp64_slow_BS1,52,36,mobilenet_v2_fp32_medium_BS16
Clone2,mobilenet_v2_fp32_medium_BS4,53,72,mobilenet_v2_fp64_slow_BS1
Clone2,mobilenet_v2_fp64_slow_BS128,54,42,mobilenet_v2_fp32_medium_BS4
Clone2,resnet50_fp64_fast_BS8,55,101,mobilenet_v2_fp64_slow_BS128
Clone2,resnet50_fp64_fast_BS64,56,104,resnet50_fp64_fast_BS8
Clone2,resnet50_fp64_slow_BS128,57,21,resnet50_fp64_fast_BS64
Clone2,resnet50_fp16_fast_BS8,58,87,resnet50_fp64_slow_BS128
Clone2,resnet50_fp32_slow_BS1,59,8,resnet50_fp16_fast_BS8
Clone2,resnet50_fp32_medium_BS1,60,50,resnet50_fp32_slow_BS1
Clone2,resnet50_fp32_medium_BS16,61,53,resnet50_fp32_medium_BS1
Clone2,mobilenet_v2_fp32_slow_BS16,62,32,resnet50_fp32_medium_BS16
Clone2,resnet50_fp32_fast_BS8,63,94,mobilenet_v2_fp32_slow_BS16
Clone2,mobilenet_v2_fp64_fast_BS4,64,121,resnet50_fp32_fast_BS8
Clone2,resnet50_fp16_medium_BS64,65,48,mobilenet_v2_fp64_fast_BS4
Clone2,mobilenet_v2_fp32_medium_BS128,66,77,resnet50_fp16_medium_BS64
Clone2,mobilenet_v2_fp16_fast_BS1,67,106,mobilenet_v2_fp32_medium_BS128
Clone2,mobilenet_v2_fp64_slow_BS4,68,37,mobilenet_v2_fp16_fast_BS1
Clone2,resnet50_fp16_slow_BS64,69,6,mobilenet_v2_fp64_slow_BS4
Clone2,mobilenet_v2_fp32_fast_BS8,70,115,resnet50_fp16_slow_BS64
Clone2,resnet50_fp32_slow_BS8,71,10,mobilenet_v2_fp32_fast_BS8
Clone2,mobilenet_v2_fp16_fast_BS64,72,111,resnet50_fp32_slow_BS8
Clone2,resnet50_fp64_medium_BS32,73,61,mobilenet_v2_fp16_fast_BS64
Clone2,resnet50_fp16_slow_BS4,74,2,resnet50_fp64_medium_BS32
Clone2,resnet50_fp16_fast_BS16,75,88,resnet50_fp16_slow_BS4
Clone2,resnet50_fp64_medium_BS16,76,60,resnet50_fp16_fast_BS16
Clone2,resnet50_fp32_slow_BS64,77,13,resnet50_fp64_medium_BS16
Clone2,resnet50_fp16_medium_BS8,78,45,resnet50_fp32_slow_BS64
Clone2,resnet50_fp64_slow_BS1,79,15,resnet50_fp16_medium_BS8
Clone2,resnet50_fp64_fast_BS32,80,103,resnet50_fp64_slow_BS1
Clone2,mobilenet_v2_fp32_slow_BS8,81,31,resnet50_fp64_fast_BS32
Clone2,mobilenet_v2_fp32_slow_BS4,82,30,mobilenet_v2_fp32_slow_BS8
Clone2,resnet50_fp32_medium_BS128,83,56,mobilenet_v2_fp32_slow_BS4
Clone2,resnet50_fp64_medium_BS1,84,57,resnet50_fp32_medium_BS128
Clone2,resnet50_fp32_fast_BS32,85,96,resnet50_fp64_medium_BS1
Clone2,resnet50_fp32_slow_BS32,86,12,resnet50_fp32_fast_BS32
Clone2,resnet50_fp64_medium_BS4,87,58,resnet50_fp32_slow_BS32
Clone2,mobilenet_v2_fp32_fast_BS4,88,114,resnet50_fp64_medium_BS4
Clone2,mobilenet_v2_fp32_medium_BS64,89,76,mobilenet_v2_fp32_fast_BS4
Clone2,resnet50_fp32_slow_BS16,90,11,mobilenet_v2_fp32_medium_BS64
Clone2,resnet50_fp32_medium_BS32,91,54,resnet50_fp32_slow_BS16
Clone2,resnet50_fp16_fast_BS4,92,86,resnet50_fp32_medium_BS32
Clone2,mobilenet_v2_fp16_slow_BS4,93,23,resnet50_fp16_fast_BS4
Clone2,mobilenet_v2_fp16_medium_BS8,94,66,mobilenet_v2_fp16_slow_BS4
Clone2,mobilenet_v2_fp16_fast_BS8,95,108,mobilenet_v2_fp16_medium_BS8
Clone2,mobilenet_v2_fp32_fast_BS1,96,113,mobilenet_v2_fp16_fast_BS8
Clone2,mobilenet_v2_fp64_medium_BS8,97,80,mobilenet_v2_fp32_fast_BS1
Clone2,resnet50_fp64_medium_BS8,98,59,mobilenet_v2_fp64_medium_BS8
Clone2,resnet50_fp16_medium_BS128,99,49,resnet50_fp64_medium_BS8
Clone2,mobilenet_v2_fp32_slow_BS1,100,29,resnet50_fp16_medium_BS128
Clone2,mobilenet_v2_fp32_medium_BS1,101,71,mobilenet_v2_fp32_slow_BS1
Clone2,mobilenet_v2_fp32_slow_BS128,102,35,mobilenet_v2_fp32_medium_BS1
Clone2,mobilenet_v2_fp16_slow_BS16,103,25,mobilenet_v2_fp32_slow_BS128
Clone2,mobilenet_v2_fp64_medium_BS64,104,83,mobilenet_v2_fp16_slow_BS16
Clone2,resnet50_fp16_medium_BS32,105,47,mobilenet_v2_fp64_medium_BS64
Clone2,mobilenet_v2_fp32_fast_BS16,106,116,resnet50_fp16_medium_BS32
Clone2,mobilenet_v2_fp16_fast_BS16,107,109,mobilenet_v2_fp32_fast_BS16
Clone2,resnet50_fp16_medium_BS16,108,46,mobilenet_v2_fp16_fast_BS16
Clone2,mobilenet_v2_fp64_slow_BS16,109,39,resnet50_fp16_medium_BS16
Clone2,resnet50_fp32_fast_BS4,110,93,mobilenet_v2_fp64_slow_BS16
Clone2,resnet50_fp16_medium_BS1,111,43,resnet50_fp32_fast_BS4
Clone2,mobilenet_v2_fp64_medium_BS1,112,78,resnet50_fp16_medium_BS1
Clone2,mobilenet_v2_fp16_slow_BS64,113,27,mobilenet_v2_fp64_medium_BS1
Clone2,mobilenet_v2_fp16_medium_BS16,114,67,mobilenet_v2_fp16_slow_BS64
Clone2,mobilenet_v2_fp32_medium_BS32,115,75,mobilenet_v2_fp16_medium_BS16
Clone2,mobilenet_v2_fp32_fast_BS64,116,118,mobilenet_v2_fp32_medium_BS32
Clone2,mobilenet_v2_fp16_medium_BS32,117,68,mobilenet_v2_fp32_fast_BS64
Clone2,mobilenet_v2_fp64_slow_BS32,118,40,mobilenet_v2_fp16_medium_BS32
Clone2,mobilenet_v2_fp16_medium_BS64,119,69,mobilenet_v2_fp64_slow_BS32
Clone2,resnet50_fp32_medium_BS4,120,51,mobilenet_v2_fp16_medium_BS64
Clone2,resnet50_fp64_slow_BS16,121,18,resnet50_fp32_medium_BS4
Clone2,resnet50_fp64_medium_BS128,122,63,resnet50_fp64_slow_BS16
Clone2,resnet50_fp16_slow_BS32,123,5,resnet50_fp64_medium_BS128
Clone2,mobilenet_v2_fp64_medium_BS32,124,82,resnet50_fp16_slow_BS32
Clone2,resnet50_fp16_fast_BS128,125,91,mobilenet_v2_fp64_medium_BS32
Clone2,resnet50_fp64_medium_BS64,126,62,resnet50_fp16_fast_BS128
Clone3,mobilenet_v2_fp32_medium_BS64,1,76,
Clone3,resnet50_fp16_fast_BS1,2,85,mobilenet_v2_fp32_medium_BS64
Clone3,resnet50_fp32_slow_BS64,3,13,resnet50_fp16_fast_BS1
Clone3,resnet50_fp32_fast_BS16,4,95,resnet50_fp32_slow_BS64
Clone3,resnet50_fp64_slow_BS32,5,19,resnet50_fp32_fast_BS16
Clone3,mobilenet_v2_fp16_medium_BS8,6,66,resnet50_fp64_slow_BS32
Clone3,resnet50_fp32_medium_BS16,7,53,mobilenet_v2_fp16_medium_BS8
Clone3,resnet50_fp16_fast_BS4,8,86,resnet50_fp32_medium_BS16
Clone3,mobilenet_v2_fp64_medium_BS16,9,81,resnet50_fp16_fast_BS4
Clone3,resnet50_fp16_slow_BS16,10,4,mobilenet_v2_fp64_medium_BS16
Clone3,resnet50_fp16_slow_BS128,11,7,resnet50_fp16_slow_BS16
Clone3,mobilenet_v2_fp32_slow_BS32,12,33,resnet50_fp16_slow_BS128
Clone3,resnet50_fp16_medium_BS8,13,45,mobilenet_v2_fp32_slow_BS32
Clone3,mobilenet_v2_fp16_medium_BS4,14,65,resnet50_fp16_medium_BS8
Clone3,resnet50_fp32_fast_BS128,15,98,mobilenet_v2_fp16_medium_BS4
Clone3,mobilenet_v2_fp64_medium_BS1,16,78,resnet50_fp32_fast_BS128
Clone3,mobilenet_v2_fp32_fast_BS128,17,119,mobilenet_v2_fp64_medium_BS1
Clone3,mobilenet_v2_fp32_medium_BS8,18,73,mobilenet_v2_fp32_fast_BS128
Clone3,mobilenet_v2_fp16_slow_BS64,19,27,mobilenet_v2_fp32_medium_BS8
Clone3,mobilenet_v2_fp64_slow_BS4,20,37,mobilenet_v2_fp16_slow_BS64
Clone3,mobilenet_v2_fp16_fast_BS32,21,110,mobilenet_v2_fp64_slow_BS4
Clone3,mobilenet_v2_fp16_slow_BS4,22,23,mobilenet_v2_fp16_fast_BS32
Clone3,mobilenet_v2_fp16_slow_BS128,23,28,mobilenet_v2_fp16_slow_BS4
Clone3,mobilenet_v2_fp16_fast_BS8,24,108,mobilenet_v2_fp16_slow_BS128
Clone3,resnet50_fp16_slow_BS4,25,2,mobilenet_v2_fp16_fast_BS8
Clone3,resnet50_fp16_slow_BS1,26,1,resnet50_fp16_slow_BS4
Clone3,mobilenet_v2_fp32_fast_BS1,27,113,resnet50_fp16_slow_BS1
Clone3,mobilenet_v2_fp16_fast_BS16,28,109,mobilenet_v2_fp32_fast_BS1
Clone3,resnet50_fp64_medium_BS8,29,59,mobilenet_v2_fp16_fast_BS16
Clone3,resnet50_fp16_fast_BS32,30,89,resnet50_fp64_medium_BS8
Clone3,mobilenet_v2_fp16_fast_BS4,31,107,resnet50_fp16_fast_BS32
Clone3,resnet50_fp64_fast_BS4,32,100,mobilenet_v2_fp16_fast_BS4
Clone3,resnet50_fp16_medium_BS1,33,43,resnet50_fp64_fast_BS4
Clone3,mobilenet_v2_fp64_fast_BS128,34,126,resnet50_fp16_medium_BS1
Clone3,mobilenet_v2_fp16_medium_BS1,35,64,mobilenet_v2_fp64_fast_BS128
Clone3,resnet50_fp64_fast_BS32,36,103,mobilenet_v2_fp16_medium_BS1
Clone3,resnet50_fp64_fast_BS64,37,104,resnet50_fp64_fast_BS32
Clone3,resnet50_fp64_slow_BS128,38,21,resnet50_fp64_fast_BS64
Clone3,mobilenet_v2_fp64_fast_BS8,39,122,resnet50_fp64_slow_BS128
Clone3,resnet50_fp64_medium_BS32,40,61,mobilenet_v2_fp64_fast_BS8
Clone3,resnet50_fp64_fast_BS8,41,101,resnet50_fp64_medium_BS32
Clone3,resnet50_fp32_fast_BS4,42,93,resnet50_fp64_fast_BS8
Clone3,mobilenet_v2_fp32_medium_BS4,43,72,resnet50_fp32_fast_BS4
Clone3,resnet50_fp32_slow_BS128,44,14,mobilenet_v2_fp32_medium_BS4
Clone3,mobilenet_v2_fp32_slow_BS8,45,31,resnet50_fp32_slow_BS128
Clone3,resnet50_fp32_medium_BS4,46,51,mobilenet_v2_fp32_slow_BS8
Clone3,resnet50_fp32_slow_BS4,47,9,resnet50_fp32_medium_BS4
Clone3,resnet50_fp32_slow_BS1,48,8,resnet50_fp32_slow_BS4
Clone3,mobilenet_v2_fp32_slow_BS128,49,35,resnet50_fp32_slow_BS1
Clone3,mobilenet_v2_fp32_slow_BS1,50,29,mobilenet_v2_fp32_slow_BS128
Clone3,mobilenet_v2_fp16_fast_BS64,51,111,mobilenet_v2_fp32_slow_BS1
Clone3,resnet50_fp32_medium_BS64,52,55,mobilenet_v2_fp16_fast_BS64
Clone3,mobilenet_v2_fp64_medium_BS32,53,82,resnet50_fp32_medium_BS64
Clone3,mobilenet_v2_fp16_medium_BS32,54,68,mobilenet_v2_fp64_medium_BS32
Clone3,mobilenet_v2_fp32_fast_BS64,55,118,mobilenet_v2_fp16_medium_BS32
Clone3,resnet50_fp16_medium_BS128,56,49,mobilenet_v2_fp32_fast_BS64
Clone3,resnet50_fp64_medium_BS1,57,57,resnet50_fp16_medium_BS128
Clone3,resnet50_fp16_fast_BS16,58,88,resnet50_fp64_medium_BS1
Clone3,mobilenet_v2_fp64_slow_BS8,59,38,resnet50_fp16_fast_BS16
Clone3,mobilenet_v2_fp64_slow_BS1,60,36,mobilenet_v2_fp64_slow_BS8
Clone3,mobilenet_v2_fp32_fast_BS16,61,116,mobilenet_v2_fp64_slow_BS1
Clone3,mobilenet_v2_fp32_slow_BS16,62,32,mobilenet_v2_fp32_fast_BS16
Clone3,mobilenet_v2_fp32_medium_BS128,63,77,mobilenet_v2_fp32_slow_BS16
Clone3,resnet50_fp32_slow_BS32,64,12,mobilenet_v2_fp32_medium_BS128
Clone3,resnet50_fp32_medium_BS8,65,52,resnet50_fp32_slow_BS32
Clone3,mobilenet_v2_fp16_slow_BS1,66,22,resnet50_fp32_medium_BS8
Clone3,mobilenet_v2_fp64_slow_BS16,67,39,mobilenet_v2_fp16_slow_BS1
Clone3,mobilenet_v2_fp16_medium_BS128,68,70,mobilenet_v2_fp64_slow_BS16
Clone3,resnet50_fp16_slow_BS8,69,3,mobilenet_v2_fp16_medium_BS128
Clone3,mobilenet_v2_fp64_slow_BS64,70,41,resnet50_fp16_slow_BS8
Clone3,resnet50_fp16_medium_BS64,71,48,mobilenet_v2_fp64_slow_BS64
Clone3,resnet50_fp64_slow_BS16,72,18,resnet50_fp16_medium_BS64
Clone3,mobilenet_v2_fp64_fast_BS64,73,125,resnet50_fp64_slow_BS16
Clone3,mobilenet_v2_fp32_slow_BS4,74,30,mobilenet_v2_fp64_fast_BS64
Clone3,resnet50_fp64_fast_BS1,75,99,mobilenet_v2_fp32_slow_BS4
Clone3,resnet50_fp16_medium_BS16,76,46,resnet50_fp64_fast_BS1
Clone3,mobilenet_v2_fp16_slow_BS32,77,26,resnet50_fp16_medium_BS16
Clone3,resnet50_fp32_medium_BS32,78,54,mobilenet_v2_fp16_slow_BS32
Clone3,mobilenet_v2_fp64_slow_BS32,79,40,resnet50_fp32_medium_BS32
Clone3,resnet50_fp16_medium_BS32,80,47,mobilenet_v2_fp64_slow_BS32
Clone3,resnet50_fp16_slow_BS32,81,5,resnet50_fp16_medium_BS32
Clone3,resnet50_fp32_fast_BS1,82,92,resnet50_fp16_slow_BS32
Clone3,mobilenet_v2_fp32_medium_BS16,83,74,resnet50_fp32_fast_BS1
Clone3,resnet50_fp32_slow_BS8,84,10,mobilenet_v2_fp32_medium_BS16
Clone3,resnet50_fp16_medium_BS4,85,44,resnet50_fp32_slow_BS8
Clone3,resnet50_fp64_fast_BS128,86,105,resnet50_fp16_medium_BS4
Clone3,resnet50_fp16_fast_BS8,87,87,resnet50_fp64_fast_BS128
Clone3,mobilenet_v2_fp32_medium_BS1,88,71,resnet50_fp16_fast_BS8
Clone3,mobilenet_v2_fp32_medium_BS32,89,75,mobilenet_v2_fp32_medium_BS1
Clone3,mobilenet_v2_fp64_medium_BS128,90,84,mobilenet_v2_fp32_medium_BS32
Clone3,resnet50_fp16_fast_BS128,91,91,mobilenet_v2_fp64_medium_BS128
Clone3,mobilenet_v2_fp16_medium_BS64,92,69,resnet50_fp16_fast_BS128
Clone3,mobilenet_v2_fp64_medium_BS4,93,79,mobilenet_v2_fp16_medium_BS64
Clone3,mobilenet_v2_fp16_fast_BS128,94,112,mobilenet_v2_fp64_medium_BS4
Clone3,mobilenet_v2_fp64_fast_BS4,95,121,mobilenet_v2_fp16_fast_BS128
Clone3,mobilenet_v2_fp32_fast_BS8,96,115,mobilenet_v2_fp64_fast_BS4
Clone3,mobilenet_v2_fp16_slow_BS8,97,24,mobilenet_v2_fp32_fast_BS8
Clone3,mobilenet_v2_fp16_slow_BS16,98,25,mobilenet_v2_fp16_slow_BS8
Clone3,resnet50_fp64_slow_BS8,99,17,mobilenet_v2_fp16_slow_BS16
Clone3,resnet50_fp64_slow_BS64,100,20,resnet50_fp64_slow_BS8
Clone3,mobilenet_v2_fp32_slow_BS64,101,34,resnet50_fp64_slow_BS64
Clone3,mobilenet_v2_fp32_fast_BS32,102,117,mobilenet_v2_fp32_slow_BS64
Clone3,mobilenet_v2_fp64_fast_BS16,103,123,mobilenet_v2_fp32_fast_BS32
Clone3,resnet50_fp16_fast_BS64,104,90,mobilenet_v2_fp64_fast_BS16
Clone3,resnet50_fp64_medium_BS64,105,62,resnet50_fp16_fast_BS64
Clone3,resnet50_fp32_slow_BS16,106,11,resnet50_fp64_medium_BS64
Clone3,resnet50_fp64_slow_BS1,107,15,resnet50_fp32_slow_BS16
Clone3,resnet50_fp32_fast_BS64,108,97,resnet50_fp64_slow_BS1
Clone3,resnet50_fp64_medium_BS128,109,63,resnet50_fp32_fast_BS64
Clone3,mobilenet_v2_fp64_slow_BS128,110,42,resnet50_fp64_medium_BS128
Clone3,resnet50_fp64_slow_BS4,111,16,mobilenet_v2_fp64_slow_BS128
Clone3,mobilenet_v2_fp16_medium_BS16,112,67,resnet50_fp64_slow_BS4
Clone3,mobilenet_v2_fp64_fast_BS1,113,120,mobilenet_v2_fp16_medium_BS16
Clone3,mobilenet_v2_fp16_fast_BS1,114,106,mobilenet_v2_fp64_fast_BS1
Clone3,resnet50_fp32_fast_BS8,115,94,mobilenet_v2_fp16_fast_BS1
Clone3,mobilenet_v2_fp64_medium_BS8,116,80,resnet50_fp32_fast_BS8
Clone3,resnet50_fp16_slow_BS64,117,6,mobilenet_v2_fp64_medium_BS8
Clone3,mobilenet_v2_fp64_medium_BS64,118,83,resnet50_fp16_slow_BS64
Clone3,mobilenet_v2_fp32_fast_BS4,119,114,mobilenet_v2_fp64_medium_BS64
Clone3,resnet50_fp64_fast_BS16,120,102,mobilenet_v2_fp32_fast_BS4
Clone3,resnet50_fp32_medium_BS1,121,50,resnet50_fp64_fast_BS16
Clone3,resnet50_fp32_medium_BS128,122,56,resnet50_fp32_medium_BS1
Clone3,resnet50_fp64_medium_BS16,123,60,resnet50_fp32_medium_BS128
Clone3,mobilenet_v2_fp64_fast_BS32,124,124,resnet50_fp64_medium_BS16
Clone3,resnet50_fp64_medium_BS4,125,58,mobilenet_v2_fp64_fast_BS32
Clone3,resnet50_fp32_fast_BS32,126,96,resnet50_fp64_medium_BS4
MasterJetson,mobilenet_v2_fp16_fast_BS1,1,61,
MasterJetson,mobilenet_v2_fp16_medium_BS16,2,40,mobilenet_v2_fp16_fast_BS1
MasterJetson,mobilenet_v2_fp64_fast_BS4,3,70,mobilenet_v2_fp16_medium_BS16
MasterJetson,resnet50_fp32_medium_BS4,4,30,mobilenet_v2_fp64_fast_BS4
MasterJetson,mobilenet_v2_fp32_slow_BS4,5,18,resnet50_fp32_medium_BS4
MasterJetson,mobilenet_v2_fp64_medium_BS4,6,46,mobilenet_v2_fp32_slow_BS4
MasterJetson,mobilenet_v2_fp32_medium_BS1,7,41,mobilenet_v2_fp64_medium_BS4
MasterJetson,mobilenet_v2_fp64_slow_BS16,8,24,mobilenet_v2_fp32_medium_BS1
MasterJetson,mobilenet_v2_fp16_fast_BS16,9,64,mobilenet_v2_fp64_slow_BS16
MasterJetson,resnet50_fp32_slow_BS16,10,8,mobilenet_v2_fp16_fast_BS16
MasterJetson,mobilenet_v2_fp32_fast_BS16,11,68,resnet50_fp32_slow_BS16
MasterJetson,resnet50_fp32_fast_BS16,12,56,mobilenet_v2_fp32_fast_BS16
MasterJetson,mobilenet_v2_fp16_slow_BS8,13,15,resnet50_fp32_fast_BS16
MasterJetson,mobilenet_v2_fp16_medium_BS4,14,38,mobilenet_v2_fp16_slow_BS8
MasterJetson,mobilenet_v2_fp64_slow_BS8,15,23,mobilenet_v2_fp16_medium_BS4
MasterJetson,mobilenet_v2_fp32_fast_BS8,16,67,mobilenet_v2_fp64_slow_BS8
MasterJetson,mobilenet_v2_fp16_slow_BS1,17,13,mobilenet_v2_fp32_fast_BS8
MasterJetson,mobilenet_v2_fp16_fast_BS4,18,62,mobilenet_v2_fp16_slow_BS1
MasterJetson,resnet50_fp32_medium_BS16,19,32,mobilenet_v2_fp16_fast_BS4
MasterJetson,resnet50_fp64_fast_BS1,20,57,resnet50_fp32_medium_BS16
MasterJetson,resnet50_fp16_medium_BS4,21,26,resnet50_fp64_fast_BS1
MasterJetson,mobilenet_v2_fp32_medium_BS16,22,44,resnet50_fp16_medium_BS4
MasterJetson,mobilenet_v2_fp32_slow_BS16,23,20,mobilenet_v2_fp32_medium_BS16
MasterJetson,mobilenet_v2_fp32_medium_BS4,24,42,mobilenet_v2_fp32_slow_BS16
MasterJetson,resnet50_fp32_fast_BS4,25,54,mobilenet_v2_fp32_medium_BS4
MasterJetson,resnet50_fp64_medium_BS1,26,33,resnet50_fp32_fast_BS4
MasterJetson,mobilenet_v2_fp64_fast_BS1,27,69,resnet50_fp64_medium_BS1
MasterJetson,mobilenet_v2_fp64_medium_BS16,28,48,mobilenet_v2_fp64_fast_BS1
MasterJetson,mobilenet_v2_fp64_medium_BS8,29,47,mobilenet_v2_fp64_medium_BS16
MasterJetson,mobilenet_v2_fp16_medium_BS1,30,37,mobilenet_v2_fp64_medium_BS8
MasterJetson,resnet50_fp16_medium_BS8,31,27,mobilenet_v2_fp16_medium_BS1
MasterJetson,resnet50_fp64_medium_BS4,32,34,resnet50_fp16_medium_BS8
MasterJetson,mobilenet_v2_fp32_slow_BS1,33,17,resnet50_fp64_medium_BS4
MasterJetson,resnet50_fp32_medium_BS8,34,31,mobilenet_v2_fp32_slow_BS1
MasterJetson,resnet50_fp16_fast_BS8,35,51,resnet50_fp32_medium_BS8
MasterJetson,mobilenet_v2_fp32_slow_BS8,36,19,resnet50_fp16_fast_BS8
MasterJetson,resnet50_fp16_slow_BS4,37,2,mobilenet_v2_fp32_slow_BS8
MasterJetson,resnet50_fp64_fast_BS8,38,59,resnet50_fp16_slow_BS4
MasterJetson,resnet50_fp64_slow_BS4,39,10,resnet50_fp64_fast_BS8
MasterJetson,mobilenet_v2_fp32_fast_BS1,40,65,resnet50_fp64_slow_BS4
MasterJetson,resnet50_fp16_slow_BS8,41,3,mobilenet_v2_fp32_fast_BS1
MasterJetson,mobilenet_v2_fp64_fast_BS16,42,72,resnet50_fp16_slow_BS8
MasterJetson,resnet50_fp32_medium_BS1,43,29,mobilenet_v2_fp64_fast_BS16
MasterJetson,mobilenet_v2_fp64_slow_BS1,44,21,resnet50_fp32_medium_BS1
MasterJetson,resnet50_fp16_fast_BS16,45,52,mobilenet_v2_fp64_slow_BS1
MasterJetson,mobilenet_v2_fp32_fast_BS4,46,66,resnet50_fp16_fast_BS16
MasterJetson,resnet50_fp16_medium_BS1,47,25,mobilenet_v2_fp32_fast_BS4
MasterJetson,mobilenet_v2_fp16_medium_BS8,48,39,resnet50_fp16_medium_BS1
MasterJetson,resnet50_fp32_slow_BS4,49,6,mobilenet_v2_fp16_medium_BS8
MasterJetson,resnet50_fp16_fast_BS4,50,50,resnet50_fp32_slow_BS4
MasterJetson,resnet50_fp16_medium_BS16,51,28,resnet50_fp16_fast_BS4
MasterJetson,resnet50_fp16_slow_BS1,52,1,resnet50_fp16_medium_BS16
MasterJetson,resnet50_fp64_fast_BS16,53,60,resnet50_fp16_slow_BS1
MasterJetson,mobilenet_v2_fp16_slow_BS16,54,16,resnet50_fp64_fast_BS16
MasterJetson,mobilenet_v2_fp64_medium_BS1,55,45,mobilenet_v2_fp16_slow_BS16
MasterJetson,resnet50_fp64_fast_BS4,56,58,mobilenet_v2_fp64_medium_BS1
MasterJetson,resnet50_fp64_medium_BS16,57,36,resnet50_fp64_fast_BS4
MasterJetson,mobilenet_v2_fp16_fast_BS8,58,63,resnet50_fp64_medium_BS16
MasterJetson,resnet50_fp64_slow_BS1,59,9,mobilenet_v2_fp16_fast_BS8
MasterJetson,resnet50_fp64_slow_BS8,60,11,resnet50_fp64_slow_BS1
MasterJetson,resnet50_fp16_slow_BS16,61,4,resnet50_fp64_slow_BS8
MasterJetson,resnet50_fp32_fast_BS8,62,55,resnet50_fp16_slow_BS16
MasterJetson,mobilenet_v2_fp64_slow_BS4,63,22,resnet50_fp32_fast_BS8
MasterJetson,mobilenet_v2_fp32_medium_BS8,64,43,mobilenet_v2_fp64_slow_BS4
MasterJetson,resnet50_fp16_fast_BS1,65,49,mobilenet_v2_fp32_medium_BS8
MasterJetson,resnet50_fp32_slow_BS1,66,5,resnet50_fp16_fast_BS1
MasterJetson,mobilenet_v2_fp16_slow_BS4,67,14,resnet50_fp32_slow_BS1
MasterJetson,mobilenet_v2_fp64_fast_BS8,68,71,mobilenet_v2_fp16_slow_BS4
MasterJetson,resnet50_fp32_fast_BS1,69,53,mobilenet_v2_fp64_fast_BS8
MasterJetson,resnet50_fp64_slow_BS16,70,12,resnet50_fp32_fast_BS1
MasterJetson,resnet50_fp64_medium_BS8,71,35,resnet50_fp64_slow_BS16
MasterJetson,resnet50_fp32_slow_BS8,72,7,resnet50_fp64_medium_BS8
