dataset,prefix,model,precision,profile,batch,meta_duration_s,log_wall_span_s,state_runner_duration_s,state_to_meta_duration_ratio,state_to_log_wall_span_ratio,log_to_meta_duration_ratio
fixed_2026-03,mobilenet_v2_fp16_fast_BS128,mobilenet_v2,fp16,fast,128,787.7591111040092,819.0,822.33,1.0438851019413045,1.0040659340659341,1.0396579213818398
fixed_2026-03,mobilenet_v2_fp16_fast_BS32,mobilenet_v2,fp16,fast,32,795.8640207999852,821.0,825.056,1.0366796066125363,1.0049403166869673,1.0315832586259506
fixed_2026-03,mobilenet_v2_fp16_fast_BS64,mobilenet_v2,fp16,fast,64,796.1244981760392,818.0,821.833,1.0322920622124558,1.0046858190709047,1.027477488601442
fixed_2026-03,mobilenet_v2_fp16_medium_BS128,mobilenet_v2,fp16,medium,128,870.5529419520171,904.0,907.342,1.042259414993753,1.0036969026548672,1.0384204755807103
fixed_2026-03,mobilenet_v2_fp16_medium_BS32,mobilenet_v2,fp16,medium,32,942.9453275199921,970.0,974.508,1.0334724310719263,1.0046474226804125,1.0286916660917802
fixed_2026-03,mobilenet_v2_fp16_medium_BS64,mobilenet_v2,fp16,medium,64,898.1956461759983,923.0,925.87,1.03081105318404,1.0031094257854822,1.0276157582477765
fixed_2026-03,mobilenet_v2_fp16_slow_BS128,mobilenet_v2,fp16,slow,128,1260.0841102080012,1307.0,1310.728,1.040190880419593,1.0028523335883703,1.0372323477551466
fixed_2026-03,mobilenet_v2_fp16_slow_BS32,mobilenet_v2,fp16,slow,32,1285.207914240018,1319.0,1322.142,1.0287378293821217,1.0023821076573163,1.0262930887567434
fixed_2026-03,mobilenet_v2_fp16_slow_BS64,mobilenet_v2,fp16,slow,64,1271.3593060159765,1304.0,1307.986,1.0288090815953514,1.0030567484662578,1.0256738546133812
fixed_2026-03,mobilenet_v2_fp32_fast_BS128,mobilenet_v2,fp32,fast,128,906.4851490239962,954.0,957.325,1.0560845933667447,1.0034853249475892,1.0524165796065854
fixed_2026-03,mobilenet_v2_fp32_fast_BS32,mobilenet_v2,fp32,fast,32,898.6476762559614,919.0,923.411,1.027556209622897,1.0047997823721435,1.0226477231086075
fixed_2026-03,mobilenet_v2_fp32_fast_BS64,mobilenet_v2,fp32,fast,64,907.16186019202,937.0,940.379,1.0366165524209197,1.003606189967983,1.0328917485592528
fixed_2026-03,mobilenet_v2_fp32_medium_BS128,mobilenet_v2,fp32,medium,128,964.0979601279832,1013.0,1016.497,1.0543503274968664,1.003452122408687,1.0507231027286117
fixed_2026-03,mobilenet_v2_fp32_medium_BS32,mobilenet_v2,fp32,medium,32,1018.5395890559885,1043.0,1045.955,1.0269163920956876,1.0028331735378715,1.0240151793870693
fixed_2026-03,mobilenet_v2_fp32_medium_BS64,mobilenet_v2,fp32,medium,64,984.3132807999791,1017.0,1020.123,1.0363804084517863,1.003070796460177,1.0332076380940989
fixed_2026-03,mobilenet_v2_fp32_slow_BS128,mobilenet_v2,fp32,slow,128,1420.170804608002,1492.0,1495.739,1.0532106385702362,1.0025060321715817,1.050577856662688
fixed_2026-03,mobilenet_v2_fp32_slow_BS32,mobilenet_v2,fp32,slow,32,1402.2621791999845,1434.0,1438.138,1.0255842461789015,1.0028856345885635,1.022633300156553
fixed_2026-03,mobilenet_v2_fp32_slow_BS64,mobilenet_v2,fp32,slow,64,1429.0356984319806,1476.0,1479.027,1.0349825421596346,1.00205081300813,1.032864330554899
fixed_2026-03,mobilenet_v2_fp64_fast_BS128,mobilenet_v2,fp64,fast,128,3306.2783849280095,3624.0,3628.548,1.0974720146195456,1.001254966887417,1.0960964498695438
fixed_2026-03,mobilenet_v2_fp64_fast_BS32,mobilenet_v2,fp64,fast,32,2801.0971831679926,2883.0,2886.479,1.0304815617769612,1.0012067291016302,1.0292395484612842
fixed_2026-03,mobilenet_v2_fp64_fast_BS64,mobilenet_v2,fp64,fast,64,2965.0950399680296,3126.0,3128.677,1.0551692130697214,1.000856365962892,1.0542663752301529
fixed_2026-03,mobilenet_v2_fp64_medium_BS128,mobilenet_v2,fp64,medium,128,3825.294640959997,4148.0,4152.98,1.0856627762816635,1.0012005785920925,1.0843609157800762
fixed_2026-03,mobilenet_v2_fp64_medium_BS32,mobilenet_v2,fp64,medium,32,2907.7836277760216,2992.0,2996.168,1.0303957871485707,1.0013930481283422,1.0289623930128495
fixed_2026-03,mobilenet_v2_fp64_medium_BS64,mobilenet_v2,fp64,medium,64,3079.9792243840056,3244.0,3247.507,1.0543925018356253,1.0010810727496917,1.0532538577914592
fixed_2026-03,mobilenet_v2_fp64_slow_BS128,mobilenet_v2,fp64,slow,128,6138.972793696012,6756.0,6759.945,1.101152461034141,1.0005839253996447,1.100509845382863
fixed_2026-03,mobilenet_v2_fp64_slow_BS32,mobilenet_v2,fp64,slow,32,5282.125900192012,5439.0,5443.048,1.0304654040529664,1.00074425445854,1.0296990459470656
fixed_2026-03,mobilenet_v2_fp64_slow_BS64,mobilenet_v2,fp64,slow,64,5606.461522016005,5919.0,5922.3,1.0563347267690557,1.0005575266092246,1.0557461202144505
fixed_2026-03,resnet50_fp16_fast_BS128,resnet50,fp16,fast,128,924.3030884800246,975.0,977.578,1.0576379243821241,1.0026441025641026,1.0548487959759436
fixed_2026-03,resnet50_fp16_fast_BS32,resnet50,fp16,fast,32,933.9985635519843,964.0,967.535,1.0359063040958834,1.0036670124481328,1.0321215017011596
fixed_2026-03,resnet50_fp16_fast_BS64,resnet50,fp16,fast,64,935.5636294399737,967.0,971.008,1.0378855798202022,1.004144777662875,1.0336015312810354
fixed_2026-03,resnet50_fp16_medium_BS128,resnet50,fp16,medium,128,974.9520894720044,1028.0,1031.057,1.057546325746509,1.0029737354085604,1.054410787053879
fixed_2026-03,resnet50_fp16_medium_BS32,resnet50,fp16,medium,32,1061.2581762560003,1094.0,1096.955,1.0336363238867416,1.0027010968921388,1.03085189304219
fixed_2026-03,resnet50_fp16_medium_BS64,resnet50,fp16,medium,64,1018.7348016960023,1054.0,1056.847,1.0374113049250384,1.002701138519924,1.034616662005939
fixed_2026-03,resnet50_fp16_slow_BS128,resnet50,fp16,slow,128,1465.3319741119994,1544.0,1547.694,1.0562070761732423,1.002392487046632,1.0536861457183953
fixed_2026-03,resnet50_fp16_slow_BS32,resnet50,fp16,slow,32,1462.2182777950002,1506.0,1509.751,1.0325072685294827,1.0024907038512616,1.0299419880532623
fixed_2026-03,resnet50_fp16_slow_BS64,resnet50,fp16,slow,64,1476.6764720960005,1530.0,1533.557,1.0385192890784418,1.0023248366013071,1.0361105014616452
fixed_2026-03,resnet50_fp32_fast_BS128,resnet50,fp32,fast,128,1272.4343227200443,1367.0,1371.118,1.0775550262342835,1.0030124359912216,1.0743187098865783
fixed_2026-03,resnet50_fp32_fast_BS32,resnet50,fp32,fast,32,1280.0948528320296,1315.0,1318.585,1.0300681993079002,1.0027262357414448,1.0272676255909847
fixed_2026-03,resnet50_fp32_fast_BS64,resnet50,fp32,fast,64,1266.9203010560013,1321.0,1324.411,1.0453783074563405,1.0025821347464043,1.0426859518305314
fixed_2026-03,resnet50_fp32_medium_BS128,resnet50,fp32,medium,128,1324.0319041280018,1422.0,1425.546,1.0766704303389538,1.0024936708860759,1.0739922471403884
fixed_2026-03,resnet50_fp32_medium_BS32,resnet50,fp32,medium,32,1396.2459654079867,1435.0,1437.952,1.0298701200399363,1.0020571428571428,1.027755879373796
fixed_2026-03,resnet50_fp32_medium_BS64,resnet50,fp32,medium,64,1352.4146086719993,1409.0,1412.661,1.0445472793192907,1.002598296664301,1.041840269223034
fixed_2026-03,resnet50_fp32_slow_BS128,resnet50,fp32,slow,128,2083.7970808320006,2245.0,2249.74,1.0796348745731725,1.0021113585746102,1.0773601809172493
fixed_2026-03,resnet50_fp32_slow_BS32,resnet50,fp32,slow,32,2101.6679957120004,2160.0,2163.175,1.0292658043104295,1.0014699074074076,1.0277550994767077
fixed_2026-03,resnet50_fp32_slow_BS64,resnet50,fp32,slow,64,2067.921393664001,2158.0,2162.342,1.0456596689919158,1.0020120481927712,1.0435599760281
fixed_2026-03,resnet50_fp64_fast_BS128,resnet50,fp64,fast,128,24597.595435391995,27263.0,27267.235,1.1085325421999104,1.000155338737483,1.1083603708992187
fixed_2026-03,resnet50_fp64_fast_BS32,resnet50,fp64,fast,32,22398.01036943996,23109.0,23113.08,1.0319255870840962,1.0001765545891212,1.0317434280470787
fixed_2026-03,resnet50_fp64_fast_BS64,resnet50,fp64,fast,64,22419.182798144,23828.0,23831.86,1.0630119846283135,1.0001619942924291,1.0628398106452226
fixed_2026-03,resnet50_fp64_medium_BS128,resnet50,fp64,medium,128,21598.414049760002,24269.0,24273.382,1.123850202337876,1.0001805595615807,1.1236473170709342
fixed_2026-03,resnet50_fp64_medium_BS32,resnet50,fp64,medium,32,22512.11967248001,23226.0,23230.46,1.0319090489021399,1.0001920261775596,1.0317109333952534
fixed_2026-03,resnet50_fp64_medium_BS64,resnet50,fp64,medium,64,22530.091780575982,23942.0,23945.932,1.0628421860511312,1.0001642302230391,1.062667663903672
fixed_2026-03,resnet50_fp64_slow_BS128,resnet50,fp64,slow,128,42044.84334822399,47318.0,47325.018,1.1255843578258697,1.000148315651549,1.1254174408048723
fixed_2026-03,resnet50_fp64_slow_BS32,resnet50,fp64,slow,32,44198.416271616,45603.0,45609.315,1.03192192950339,1.0001384777317281,1.0317790510807514
fixed_2026-03,resnet50_fp64_slow_BS64,resnet50,fp64,slow,64,44226.701279712,47017.0,47022.31,1.0632108802916853,1.000112937873535,1.06309081707543
random_2026-03,mobilenet_v2_fp16_fast_BS128,mobilenet_v2,fp16,fast,128,1181.806966759992,1234.0,1236.535,1.0463087752732148,1.002054294975689,1.044163754917691
random_2026-03,mobilenet_v2_fp16_fast_BS32,mobilenet_v2,fp16,fast,32,738.5713665730145,756.0,758.868,1.0274809373143754,1.003793650793651,1.0235977648414054
random_2026-03,mobilenet_v2_fp16_fast_BS64,mobilenet_v2,fp16,fast,64,752.9379953620082,774.0,776.978,1.031928266053878,1.0038475452196383,1.0279730930936288
random_2026-03,mobilenet_v2_fp16_medium_BS128,mobilenet_v2,fp16,medium,128,809.7310180519999,840.0,843.32,1.0414816540297622,1.003952380952381,1.0373815270419298
random_2026-03,mobilenet_v2_fp16_medium_BS32,mobilenet_v2,fp16,medium,32,802.3698849240027,822.0,824.131,1.027121051630768,1.0025924574209246,1.0244651693001372
random_2026-03,mobilenet_v2_fp16_medium_BS64,mobilenet_v2,fp16,medium,64,827.7826001570211,851.0,854.4,1.0321550608069436,1.0039952996474735,1.0280477021848187
random_2026-03,mobilenet_v2_fp16_slow_BS128,mobilenet_v2,fp16,slow,128,1182.8883073519974,1232.0,1234.646,1.0437553506331185,1.0021477272727273,1.0415184530464618
random_2026-03,mobilenet_v2_fp16_slow_BS32,mobilenet_v2,fp16,slow,32,1195.9883655149897,1220.0,1222.925,1.022522488731244,1.0023975409836066,1.0200768127662103
random_2026-03,mobilenet_v2_fp16_slow_BS64,mobilenet_v2,fp16,slow,64,1200.7611819139565,1237.0,1239.753,1.032472583785472,1.0022255456750202,1.0301798714281223
random_2026-03,mobilenet_v2_fp32_fast_BS128,mobilenet_v2,fp32,fast,128,818.288870964001,861.0,864.619,1.0566183051975506,1.0042032520325204,1.052195661644136
random_2026-03,mobilenet_v2_fp32_fast_BS32,mobilenet_v2,fp32,fast,32,1350.3476638089996,1381.0,1384.504,1.0252944757164637,1.0025372918175235,1.0226995884189836
random_2026-03,mobilenet_v2_fp32_fast_BS64,mobilenet_v2,fp32,fast,64,865.2320538309868,901.0,904.053,1.0448676698893964,1.0033884572697003,1.0413391367213494
random_2026-03,mobilenet_v2_fp32_medium_BS128,mobilenet_v2,fp32,medium,128,894.2999955390114,936.0,939.877,1.050963887608563,1.004142094017094,1.0466286533255043
random_2026-03,mobilenet_v2_fp32_medium_BS32,mobilenet_v2,fp32,medium,32,974.4555613389966,994.0,997.494,1.0236423697242245,1.0035150905432595,1.0200567777910234
random_2026-03,mobilenet_v2_fp32_medium_BS64,mobilenet_v2,fp32,medium,64,862.5520280290002,892.0,895.382,1.0380614396629717,1.0037914798206278,1.0341405167619753
random_2026-03,mobilenet_v2_fp32_slow_BS128,mobilenet_v2,fp32,slow,128,1361.7599804080091,1430.0,1434.14,1.053151818700315,1.002895104895105,1.050111635364365
random_2026-03,mobilenet_v2_fp32_slow_BS32,mobilenet_v2,fp32,slow,32,1364.8975054240145,1395.0,1398.123,1.0243428495135711,1.0022387096774195,1.0220547656189276
random_2026-03,mobilenet_v2_fp32_slow_BS64,mobilenet_v2,fp32,slow,64,1386.9424334429996,1432.0,1436.282,1.0355743435107958,1.0029902234636872,1.0324869767270353
random_2026-03,mobilenet_v2_fp64_fast_BS128,mobilenet_v2,fp64,fast,128,5533.956185118994,6140.0,6144.915,1.1104018164299703,1.0008004885993484,1.109513663391604
random_2026-03,mobilenet_v2_fp64_fast_BS32,mobilenet_v2,fp64,fast,32,2200.3879876339997,2271.0,2273.53,1.0332405070274209,1.0011140466754735,1.0320907098033774
random_2026-03,mobilenet_v2_fp64_fast_BS64,mobilenet_v2,fp64,fast,64,5523.779787351028,5833.0,5837.729,1.0568359392906808,1.000810732041831,1.0559798226129613
random_2026-03,mobilenet_v2_fp64_medium_BS128,mobilenet_v2,fp64,medium,128,3012.240836819983,3330.0,3334.644,1.107031004705579,1.0013945945945946,1.1054892953099575
random_2026-03,mobilenet_v2_fp64_medium_BS32,mobilenet_v2,fp64,medium,32,2872.510325389012,2955.0,2958.183,1.0298250188532867,1.001077157360406,1.0287169288416107
random_2026-03,mobilenet_v2_fp64_medium_BS64,mobilenet_v2,fp64,medium,64,3018.585734046006,3188.0,3191.459,1.0572696226594434,1.0010850062735257,1.0561237217956758
random_2026-03,mobilenet_v2_fp64_slow_BS128,mobilenet_v2,fp64,slow,128,5610.197114065988,6221.0,6225.998,1.1097645721555958,1.0008034078122487,1.1088736943667443
random_2026-03,mobilenet_v2_fp64_slow_BS32,mobilenet_v2,fp64,slow,32,5214.139624147996,5368.0,5371.033,1.0300899836140542,1.0005650149031298,1.0295082960838713
random_2026-03,mobilenet_v2_fp64_slow_BS64,mobilenet_v2,fp64,slow,64,5528.632734312001,5838.0,5842.068,1.0566930886442765,1.0006968139773895,1.0559572828500603
random_2026-03,resnet50_fp16_fast_BS128,resnet50,fp16,fast,128,707.1652770000001,754.0,757.918,1.0717692520414857,1.0051962864721486,1.0662288216393858
random_2026-03,resnet50_fp16_fast_BS32,resnet50,fp16,fast,32,844.7450985980004,868.0,870.741,1.0307736634934541,1.0031578341013825,1.0275288977001407
random_2026-03,resnet50_fp16_fast_BS64,resnet50,fp16,fast,64,1421.6445064370055,1471.0,1474.106,1.0369019774813297,1.0021114887831408,1.03471718375411
random_2026-03,resnet50_fp16_medium_BS128,resnet50,fp16,medium,128,860.7381008809998,906.0,909.191,1.0562922671477035,1.0035220750551876,1.0525849838326813
random_2026-03,resnet50_fp16_medium_BS32,resnet50,fp16,medium,32,1007.1953656489932,1030.0,1033.374,1.0259916151760076,1.0032757281553397,1.0226417189045667
random_2026-03,resnet50_fp16_medium_BS64,resnet50,fp16,medium,64,962.0674581930216,994.0,997.743,1.037082162485763,1.0037655935613683,1.033191582913484
random_2026-03,resnet50_fp16_slow_BS128,resnet50,fp16,slow,128,1409.408879968978,1486.0,1488.958,1.0564414778149922,1.0019905787348586,1.0543427256061475
random_2026-03,resnet50_fp16_slow_BS32,resnet50,fp16,slow,32,1420.4277686050045,1457.0,1460.551,1.0282472873889252,1.0024371997254633,1.0257473362625915
random_2026-03,resnet50_fp16_slow_BS64,resnet50,fp16,slow,64,1428.3136172490194,1479.0,1481.922,1.0375326413636188,1.0019756592292088,1.0354868721678956
random_2026-03,resnet50_fp32_fast_BS128,resnet50,fp32,fast,128,2036.3543244159955,2196.0,2198.483,1.0796171244071198,1.0011306921675776,1.0783977884741591
random_2026-03,resnet50_fp32_fast_BS32,resnet50,fp32,fast,32,2063.023434206989,2120.0,2123.262,1.0291991670061502,1.0015386792452832,1.0276179925289664
random_2026-03,resnet50_fp32_fast_BS64,resnet50,fp32,fast,64,2030.3141814659757,2118.0,2121.746,1.0450333349235668,1.0017686496694995,1.0431883002810487
random_2026-03,resnet50_fp32_medium_BS128,resnet50,fp32,medium,128,1181.7660273399997,1269.0,1273.07,1.0772606172014552,1.0032072498029945,1.0738166190615182
random_2026-03,resnet50_fp32_medium_BS32,resnet50,fp32,medium,32,1323.1907221529982,1360.0,1363.431,1.0304115477635196,1.002522794117647,1.027818573113261
random_2026-03,resnet50_fp32_medium_BS64,resnet50,fp32,medium,64,1262.477333197996,1312.0,1316.277,1.0426143625610478,1.0032599085365854,1.0392265789648338
random_2026-03,resnet50_fp32_slow_BS128,resnet50,fp32,slow,128,2038.4595013220096,2200.0,2202.898,1.080668023363401,1.0013172727272728,1.0792463615653025
random_2026-03,resnet50_fp32_slow_BS32,resnet50,fp32,slow,32,2088.0678198340465,2150.0,2153.595,1.0313817298190828,1.0016720930232557,1.029660042445784
random_2026-03,resnet50_fp32_slow_BS64,resnet50,fp32,slow,64,2042.2241604500014,2129.0,2132.888,1.0443946562310873,1.0018262094880226,1.0424908495504615
random_2026-03,resnet50_fp64_fast_BS128,resnet50,fp64,fast,128,42301.945166825,47571.0,47577.646,1.1247153248478141,1.000139706964327,1.1245582162332153
random_2026-03,resnet50_fp64_fast_BS32,resnet50,fp64,fast,32,44135.81007540203,45542.0,45547.671,1.0319890112402137,1.0001245224188662,1.0318605214721475
random_2026-03,resnet50_fp64_fast_BS64,resnet50,fp64,fast,64,44171.507465473,46954.0,46959.384,1.0631148152846304,1.0001146654172168,1.0629929267571852
random_2026-03,resnet50_fp64_medium_BS128,resnet50,fp64,medium,128,24217.59289258998,26879.0,26884.145,1.1101080573629563,1.0001914133710332,1.1098956085030378
random_2026-03,resnet50_fp64_medium_BS32,resnet50,fp64,medium,32,22437.483577257022,23151.0,23154.111,1.0319388500174487,1.0001343786445511,1.0318001981053797
random_2026-03,resnet50_fp64_medium_BS64,resnet50,fp64,medium,64,22423.49801293599,23828.0,23831.755,1.062802734267936,1.0001575877119355,1.0626352760061681
random_2026-03,resnet50_fp64_slow_BS128,resnet50,fp64,slow,128,43592.29254754301,48869.0,48876.204,1.121212057078535,1.00014741451636,1.1210467985069164
random_2026-03,resnet50_fp64_slow_BS32,resnet50,fp64,slow,32,44146.79309580801,45548.0,45553.713,1.0318691303610361,1.0001254281197858,1.031739721187699
random_2026-03,resnet50_fp64_slow_BS64,resnet50,fp64,slow,64,44170.712141613,46953.0,46959.015,1.0631256034416559,1.0001281068302346,1.06298942723556
Clone1,mobilenet_v2_fp16_fast_BS1,mobilenet_v2,fp16,fast,1,2224.640238241991,2241.0,2243.609,1.008526664865596,1.0011642124051763,1.007353890969327
Clone1,mobilenet_v2_fp16_fast_BS128,mobilenet_v2,fp16,fast,128,1180.7618563249707,1227.0,1230.156,1.0418324350591446,1.0025721271393642,1.0391595844897479
Clone1,mobilenet_v2_fp16_fast_BS16,mobilenet_v2,fp16,fast,16,771.1947825889802,786.0,789.576,1.0238347273944362,1.0045496183206106,1.019197766563354
Clone1,mobilenet_v2_fp16_fast_BS32,mobilenet_v2,fp16,fast,32,1181.0717692020116,1207.0,1210.082,1.0245626316321057,1.0025534382767192,1.0219531373741213
Clone1,mobilenet_v2_fp16_fast_BS4,mobilenet_v2,fp16,fast,4,1032.5532906620065,1049.0,1051.866,1.018703837867401,1.0027321258341277,1.0159281942024019
Clone1,mobilenet_v2_fp16_fast_BS64,mobilenet_v2,fp16,fast,64,767.6889164060121,792.0,794.789,1.0353008660341987,1.0035214646464645,1.031667884053611
Clone1,mobilenet_v2_fp16_fast_BS8,mobilenet_v2,fp16,fast,8,820.7666502159555,834.0,837.619,1.0205324494844064,1.0043393285371702,1.0161231572707818
Clone1,mobilenet_v2_fp16_medium_BS1,mobilenet_v2,fp16,medium,1,2341.4596967949765,2357.0,2361.088,1.0083829344711297,1.0017344081459483,1.0066370150322448
Clone1,mobilenet_v2_fp16_medium_BS128,mobilenet_v2,fp16,medium,128,817.695353714982,851.0,853.87,1.04423976010218,1.0033725029377203,1.040729895472326
Clone1,mobilenet_v2_fp16_medium_BS16,mobilenet_v2,fp16,medium,16,858.5738837110111,876.0,879.919,1.024861129244613,1.0044737442922373,1.020296583229003
Clone1,mobilenet_v2_fp16_medium_BS32,mobilenet_v2,fp16,medium,32,879.5803304599831,902.0,905.24,1.0291726277309976,1.0035920177383593,1.025489052862622
Clone1,mobilenet_v2_fp16_medium_BS4,mobilenet_v2,fp16,medium,4,1057.3439304960193,1073.0,1076.101,1.0177397996649789,1.0028900279589936,1.0148069791223335
Clone1,mobilenet_v2_fp16_medium_BS64,mobilenet_v2,fp16,medium,64,799.6090682239737,822.0,825.388,1.032239418986686,1.0041216545012166,1.028002348479813
Clone1,mobilenet_v2_fp16_medium_BS8,mobilenet_v2,fp16,medium,8,942.8786673860159,961.0,963.864,1.0222566628558505,1.0029802289282,1.0192191564416477
Clone1,mobilenet_v2_fp16_slow_BS1,mobilenet_v2,fp16,slow,1,3283.271857654996,3302.0,3305.444,1.0067530631961863,1.0010430042398546,1.0057041095458907
Clone1,mobilenet_v2_fp16_slow_BS128,mobilenet_v2,fp16,slow,128,1185.5990715599619,1234.0,1236.628,1.04304062786832,1.002129659643436,1.0408240269422226
Clone1,mobilenet_v2_fp16_slow_BS16,mobilenet_v2,fp16,slow,16,1231.925184966065,1254.0,1257.494,1.0207551686952803,1.002786283891547,1.0179189575010945
Clone1,mobilenet_v2_fp16_slow_BS32,mobilenet_v2,fp16,slow,32,1207.0379835470812,1233.0,1236.198,1.0241583254631534,1.002593673965937,1.0215088645152866
Clone1,mobilenet_v2_fp16_slow_BS4,mobilenet_v2,fp16,slow,4,1570.410240134981,1591.0,1594.334,1.0152340829508109,1.002095537397863,1.0131110708137316
Clone1,mobilenet_v2_fp16_slow_BS64,mobilenet_v2,fp16,slow,64,1184.273245060991,1216.0,1219.316,1.029590092561117,1.0027269736842106,1.0267900630798892
Clone1,mobilenet_v2_fp16_slow_BS8,mobilenet_v2,fp16,slow,8,1286.0112365999958,1307.0,1310.137,1.0187601497664893,1.0024001530221882,1.0163208242686084
Clone1,mobilenet_v2_fp32_fast_BS1,mobilenet_v2,fp32,fast,1,2982.495977587998,3003.0,3005.942,1.0078612083933012,1.000979686979687,1.0068747862750125
Clone1,mobilenet_v2_fp32_fast_BS128,mobilenet_v2,fp32,fast,128,1358.714994440088,1437.0,1440.423,1.0601362359981779,1.0023820459290187,1.0576169438625886
Clone1,mobilenet_v2_fp32_fast_BS16,mobilenet_v2,fp32,fast,16,1374.9649984549906,1401.0,1403.994,1.0211125385574384,1.00213704496788,1.0189350285820107
Clone1,mobilenet_v2_fp32_fast_BS32,mobilenet_v2,fp32,fast,32,873.4742496190593,894.0,896.494,1.0263542404266413,1.0027897091722595,1.0234989759456474
Clone1,mobilenet_v2_fp32_fast_BS4,mobilenet_v2,fp32,fast,4,969.6843411930604,985.0,988.239,1.0191347410891576,1.0032883248730964,1.0157944788384392
Clone1,mobilenet_v2_fp32_fast_BS64,mobilenet_v2,fp32,fast,64,866.1381825660355,895.0,899.174,1.0381415091713102,1.0046636871508379,1.0333224166939021
Clone1,mobilenet_v2_fp32_fast_BS8,mobilenet_v2,fp32,fast,8,890.8302547120256,907.0,910.704,1.0223092392550126,1.0040837927232635,1.0181513203019823
Clone1,mobilenet_v2_fp32_medium_BS1,mobilenet_v2,fp32,medium,1,2129.8262979550054,2144.0,2148.632,1.0088296881595702,1.002160447761194,1.0066548629146912
Clone1,mobilenet_v2_fp32_medium_BS128,mobilenet_v2,fp32,medium,128,927.0271616579994,975.0,979.465,1.0565655899965378,1.0045794871794873,1.051749118392821
Clone1,mobilenet_v2_fp32_medium_BS16,mobilenet_v2,fp32,medium,16,1077.9172545450274,1099.0,1102.11,1.0224439727195793,1.0028298453139217,1.0195587790863143
Clone1,mobilenet_v2_fp32_medium_BS32,mobilenet_v2,fp32,medium,32,930.2984177909966,952.0,955.825,1.027439133208048,1.0040178571428573,1.023327549304592
Clone1,mobilenet_v2_fp32_medium_BS4,mobilenet_v2,fp32,medium,4,1191.7962552100653,1206.0,1209.011,1.014444368921851,1.0024966832504145,1.0119179303742913
Clone1,mobilenet_v2_fp32_medium_BS64,mobilenet_v2,fp32,medium,64,958.7537471359828,989.0,991.955,1.0346295938484693,1.0029878665318503,1.0315474676937322
Clone1,mobilenet_v2_fp32_medium_BS8,mobilenet_v2,fp32,medium,8,1038.6972719560144,1056.0,1058.609,1.0191699050162024,1.0024706439393938,1.016658104831066
Clone1,mobilenet_v2_fp32_slow_BS1,mobilenet_v2,fp32,slow,1,3019.0417784550227,3036.0,3039.983,1.0069363801767903,1.0013119235836627,1.0056170874036912
Clone1,mobilenet_v2_fp32_slow_BS128,mobilenet_v2,fp32,slow,128,1359.4883290710277,1428.0,1431.752,1.053155050605217,1.002627450980392,1.0503951887367713
Clone1,mobilenet_v2_fp32_slow_BS16,mobilenet_v2,fp32,slow,16,1424.9570204820484,1453.0,1456.495,1.0221325829934733,1.0024053682037164,1.0196798774383138
Clone1,mobilenet_v2_fp32_slow_BS32,mobilenet_v2,fp32,slow,32,1373.7763952609967,1405.0,1409.003,1.025642167721415,1.0028491103202846,1.0227283019614493
Clone1,mobilenet_v2_fp32_slow_BS4,mobilenet_v2,fp32,slow,4,1593.1848212319892,1613.0,1616.746,1.0147887291254705,1.0023223806571606,1.0124374639426252
Clone1,mobilenet_v2_fp32_slow_BS64,mobilenet_v2,fp32,slow,64,1379.8136684440542,1426.0,1429.292,1.035858705191506,1.0023085553997195,1.033472875803606
Clone1,mobilenet_v2_fp32_slow_BS8,mobilenet_v2,fp32,slow,8,1484.2698369220016,1504.0,1507.797,1.0158510012753394,1.0025246010638298,1.0132928410907507
Clone1,mobilenet_v2_fp64_fast_BS1,mobilenet_v2,fp64,fast,1,2974.6190394359874,2991.0,2993.24,1.0062599480192742,1.0007489134068872,1.0055069104133478
Clone1,mobilenet_v2_fp64_fast_BS128,mobilenet_v2,fp64,fast,128,2956.2599199859833,3274.0,3278.136,1.1088794925770744,1.0012632864996946,1.1074804275043324
Clone1,mobilenet_v2_fp64_fast_BS16,mobilenet_v2,fp64,fast,16,5523.531377759995,5612.0,5615.341,1.016621544436168,1.0005953314326443,1.0160166777717994
Clone1,mobilenet_v2_fp64_fast_BS32,mobilenet_v2,fp64,fast,32,5198.807351264055,5351.0,5354.759,1.0299975817911442,1.000702485516726,1.029274531340143
Clone1,mobilenet_v2_fp64_fast_BS4,mobilenet_v2,fp64,fast,4,3266.2418565319967,3290.0,3293.892,1.0084654305108198,1.0011829787234041,1.0072738469811997
Clone1,mobilenet_v2_fp64_fast_BS64,mobilenet_v2,fp64,fast,64,2938.5602582590654,3099.0,3102.522,1.0557966239692063,1.001136495643756,1.0545980778478186
Clone1,mobilenet_v2_fp64_fast_BS8,mobilenet_v2,fp64,fast,8,5912.943249020958,5969.0,5972.496,1.0100715918403076,1.0005856927458536,1.0094803465242665
Clone1,mobilenet_v2_fp64_medium_BS1,mobilenet_v2,fp64,medium,1,2984.3895296220435,3001.0,3003.101,1.0062697815389825,1.0007000999666777,1.005565784966435
Clone1,mobilenet_v2_fp64_medium_BS128,mobilenet_v2,fp64,medium,128,2994.084027298959,3311.0,3315.237,1.107262511597165,1.0012796738145575,1.1058473876522894
Clone1,mobilenet_v2_fp64_medium_BS16,mobilenet_v2,fp64,medium,16,2931.711140210042,2982.0,2985.554,1.018365676976655,1.0011918175720993,1.0171534156623476
Clone1,mobilenet_v2_fp64_medium_BS32,mobilenet_v2,fp64,medium,32,2883.696695302031,2963.0,2967.082,1.0289161148028556,1.0013776577792777,1.0275005706484894
Clone1,mobilenet_v2_fp64_medium_BS4,mobilenet_v2,fp64,medium,4,3542.44525328101,3567.0,3570.331,1.0078718920760066,1.0009338379590693,1.0069315811433492
Clone1,mobilenet_v2_fp64_medium_BS64,mobilenet_v2,fp64,medium,64,3009.800236006966,3172.0,3174.62,1.054761030988454,1.000825977301387,1.0538905413231747
Clone1,mobilenet_v2_fp64_medium_BS8,mobilenet_v2,fp64,medium,8,3145.7827031519846,3180.0,3184.034,1.012159548340605,1.0012685534591195,1.0108771965761432
Clone1,mobilenet_v2_fp64_slow_BS1,mobilenet_v2,fp64,slow,1,5680.378726802999,5703.0,5706.562,1.0046094238529297,1.0006245835525163,1.0039823529882368
Clone1,mobilenet_v2_fp64_slow_BS128,mobilenet_v2,fp64,slow,128,5880.672884127009,6490.0,6494.708,1.104415791861231,1.0007254237288135,1.1036152032053466
Clone1,mobilenet_v2_fp64_slow_BS16,mobilenet_v2,fp64,slow,16,5536.527576071036,5628.0,5631.2,1.0170996030685624,1.0005685856432125,1.0165216234674437
Clone1,mobilenet_v2_fp64_slow_BS32,mobilenet_v2,fp64,slow,32,5226.080480344011,5381.0,5384.174,1.030250877354568,1.00058985318714,1.0296435388315701
Clone1,mobilenet_v2_fp64_slow_BS4,mobilenet_v2,fp64,slow,4,6097.8241863610165,6136.0,6139.856,1.0068929198931311,1.0006284224250326,1.0062605631897967
Clone1,mobilenet_v2_fp64_slow_BS64,mobilenet_v2,fp64,slow,64,5531.0760522909695,5840.0,5844.469,1.0566603938810828,1.0007652397260274,1.055852413669321
Clone1,mobilenet_v2_fp64_slow_BS8,mobilenet_v2,fp64,slow,8,5890.718420160003,5947.0,5950.671,1.0101774648801443,1.000617286026568,1.0095542811293412
Clone1,resnet50_fp16_fast_BS1,resnet50,fp16,fast,1,3561.0779553460015,3584.0,3588.049,1.0075738428060832,1.0011297433035715,1.0064368275397024
Clone1,resnet50_fp16_fast_BS128,resnet50,fp16,fast,128,1401.1572306859998,1481.0,1484.014,1.0591345264467098,1.0020351114112085,1.0569834473715056
Clone1,resnet50_fp16_fast_BS16,resnet50,fp16,fast,16,933.6558403249364,954.0,957.09,1.0250993553115975,1.0032389937106918,1.021789784625546
Clone1,resnet50_fp16_fast_BS32,resnet50,fp16,fast,32,912.6985939949518,939.0,943.042,1.0332458121494774,1.0043045793397232,1.0288171869422138
Clone1,resnet50_fp16_fast_BS4,resnet50,fp16,fast,4,1621.447677535005,1643.0,1646.121,1.0152168477631696,1.0018995739500913,1.0132920246293484
Clone1,resnet50_fp16_fast_BS64,resnet50,fp16,fast,64,915.4829349640058,951.0,953.925,1.0419910230631504,1.0030757097791798,1.0387959880840276
Clone1,resnet50_fp16_fast_BS8,resnet50,fp16,fast,8,961.9187808550196,977.0,980.894,1.0197264254764982,1.003985670419652,1.015678266653215
Clone1,resnet50_fp16_medium_BS1,resnet50,fp16,medium,1,2600.0880792100215,2619.0,2622.216,1.0085104504600866,1.0012279495990837,1.007273569284516
Clone1,resnet50_fp16_medium_BS128,resnet50,fp16,medium,128,925.3573946229881,974.0,978.054,1.0569473002357987,1.0041622176591376,1.0525662902351691
Clone1,resnet50_fp16_medium_BS16,resnet50,fp16,medium,16,988.0605062299874,1008.0,1011.256,1.0234757827316836,1.0032301587301586,1.020180437983594
Clone1,resnet50_fp16_medium_BS32,resnet50,fp16,medium,32,963.9131433030125,990.0,993.175,1.0303573583369936,1.0032070707070706,1.0270634930939904
Clone1,resnet50_fp16_medium_BS4,resnet50,fp16,medium,4,1286.2513183989795,1304.0,1307.744,1.0167095506870094,1.0028711656441718,1.013798766498535
Clone1,resnet50_fp16_medium_BS64,resnet50,fp16,medium,64,949.6629814069893,988.0,991.209,1.0437481710948209,1.003247975708502,1.04036907760289
Clone1,resnet50_fp16_medium_BS8,resnet50,fp16,medium,8,1105.6327999270288,1124.0,1127.415,1.0197011160255094,1.003038256227758,1.016612387109159
Clone1,resnet50_fp16_slow_BS1,resnet50,fp16,slow,1,3695.639625620912,3723.0,3727.202,1.0085404361832995,1.0011286596830513,1.0074034205579478
Clone1,resnet50_fp16_slow_BS128,resnet50,fp16,slow,128,1399.8520910399966,1477.0,1480.014,1.0572645563578422,1.0020406228842247,1.055111471743195
Clone1,resnet50_fp16_slow_BS16,resnet50,fp16,slow,16,1493.1527476720512,1523.0,1525.812,1.021872680058264,1.0018463558765593,1.0199894166048873
Clone1,resnet50_fp16_slow_BS32,resnet50,fp16,slow,32,1416.8796251990134,1452.0,1455.141,1.0270039699354223,1.002163223140496,1.0247871267088435
Clone1,resnet50_fp16_slow_BS4,resnet50,fp16,slow,4,1765.1037722319888,1787.0,1790.75,1.014529586402493,1.0020984890878568,1.012405065420218
Clone1,resnet50_fp16_slow_BS64,resnet50,fp16,slow,64,1438.8962190379389,1490.0,1493.079,1.037655794938629,1.0020664429530202,1.035515960279769
Clone1,resnet50_fp16_slow_BS8,resnet50,fp16,slow,8,1631.1847543340118,1657.0,1660.173,1.0177712828598766,1.0019149064574533,1.015826070956952
Clone1,resnet50_fp32_fast_BS1,resnet50,fp32,fast,1,2075.145875361981,2096.0,2100.128,1.0120387317993544,1.0019694656488551,1.0100494740565558
Clone1,resnet50_fp32_fast_BS128,resnet50,fp32,fast,128,2105.3989877509885,2268.0,2272.166,1.0792092203042019,1.0018368606701942,1.0772304979697478
Clone1,resnet50_fp32_fast_BS16,resnet50,fp32,fast,16,2126.074476873968,2168.0,2170.685,1.0209825778030244,1.0012384686346862,1.0197196869545588
Clone1,resnet50_fp32_fast_BS32,resnet50,fp32,fast,32,2063.858362688974,2121.0,2124.208,1.029241171972866,1.0015124941065536,1.0276868017418486
Clone1,resnet50_fp32_fast_BS4,resnet50,fp32,fast,4,1497.4955926700495,1516.0,1519.261,1.014534538489788,1.002151055408971,1.0123569026984294
Clone1,resnet50_fp32_fast_BS64,resnet50,fp32,fast,64,1241.9184458379168,1298.0,1301.183,1.0477201658133821,1.0024522342064714,1.0451571955872232
Clone1,resnet50_fp32_fast_BS8,resnet50,fp32,fast,8,1385.8443978590076,1407.0,1409.975,1.0174122016716103,1.0021144278606964,1.01526549602082
Clone1,resnet50_fp32_medium_BS1,resnet50,fp32,medium,1,2199.854941382997,2220.0,2223.056,1.0105466311348772,1.0013765765765765,1.0091574486290167
Clone1,resnet50_fp32_medium_BS128,resnet50,fp32,medium,128,1298.9984191320837,1395.0,1399.136,1.0770883007962568,1.0029648745519713,1.0739043092385432
Clone1,resnet50_fp32_medium_BS16,resnet50,fp32,medium,16,1479.4572996569914,1507.0,1510.435,1.0209385565573206,1.0022793629727935,1.018616759232858
Clone1,resnet50_fp32_medium_BS32,resnet50,fp32,medium,32,1286.0872939289548,1322.0,1326.152,1.0311524001987835,1.00314069591528,1.0279240034798363
Clone1,resnet50_fp32_medium_BS4,resnet50,fp32,medium,4,1732.6922716699773,1751.0,1753.704,1.0121266359142767,1.0015442604226157,1.0105660587453176
Clone1,resnet50_fp32_medium_BS64,resnet50,fp32,medium,64,1309.9765901990468,1365.0,1367.934,1.044243088185375,1.0021494505494506,1.0420033535046551
Clone1,resnet50_fp32_medium_BS8,resnet50,fp32,medium,8,1521.676922211016,1549.0,1551.982,1.0199155795469055,1.0019251129761135,1.0179558994357902
Clone1,resnet50_fp32_slow_BS1,resnet50,fp32,slow,1,3238.6148691020207,3261.0,3265.407,1.0082727128667226,1.0013514259429623,1.0069119459406997
Clone1,resnet50_fp32_slow_BS128,resnet50,fp32,slow,128,2042.6559355070349,2201.0,2204.299,1.0791337697568932,1.0014988641526579,1.077518715580292
Clone1,resnet50_fp32_slow_BS16,resnet50,fp32,slow,16,2156.864747780026,2193.0,2196.216,1.018244654543349,1.0014664842681258,1.0167536013823615
Clone1,resnet50_fp32_slow_BS32,resnet50,fp32,slow,32,2083.7235249130754,2138.0,2141.847,1.0278940437116528,1.0017993451824136,1.0260478294927293
Clone1,resnet50_fp32_slow_BS4,resnet50,fp32,slow,4,2567.6576613399666,2593.0,2596.68,1.0113030405482044,1.001419205553413,1.009869827680536
Clone1,resnet50_fp32_slow_BS64,resnet50,fp32,slow,64,2037.9713183069834,2125.0,2128.666,1.0445024328253845,1.0017251764705883,1.0427035851345123
Clone1,resnet50_fp32_slow_BS8,resnet50,fp32,slow,8,2283.243475755,2322.0,2325.602,1.0185519085874069,1.0015512489233418,1.016974328255634
Clone1,resnet50_fp64_fast_BS1,resnet50,fp64,fast,1,50514.066967408,50585.0,50590.937,1.0015217549725624,1.0001173668083423,1.0014042233550067
Clone1,resnet50_fp64_fast_BS128,resnet50,fp64,fast,128,42714.735835634,48000.0,48005.232,1.1238564645401015,1.0001090000000001,1.12373397753655
Clone1,resnet50_fp64_fast_BS16,resnet50,fp64,fast,16,21152.136998339993,21499.0,21502.845,1.016580263341124,1.000178845527699,1.0163984850177186
Clone1,resnet50_fp64_fast_BS32,resnet50,fp64,fast,32,22317.96442750402,23024.0,23028.46,1.031835142259676,1.0001937109103545,1.0316353032459307
Clone1,resnet50_fp64_fast_BS4,resnet50,fp64,fast,4,46243.711156542995,46443.0,46448.781,1.0044345455485355,1.0001244751631033,1.0043095339554902
Clone1,resnet50_fp64_fast_BS64,resnet50,fp64,fast,64,44162.92247565201,46945.0,46950.98,1.0631311826314283,1.0001273831078923,1.0629957749259418
Clone1,resnet50_fp64_fast_BS8,resnet50,fp64,fast,8,44749.955281232,45120.0,45126.319,1.008410370835071,1.0001400487588654,1.0082691639900518
Clone1,resnet50_fp64_medium_BS1,resnet50,fp64,medium,1,26033.063804330013,26074.0,26077.87,1.0017211264877142,1.0001484237171128,1.001572469378851
Clone1,resnet50_fp64_medium_BS128,resnet50,fp64,medium,128,21311.433881339995,23971.0,23975.362,1.1249999476099308,1.000181969880272,1.124795268749546
Clone1,resnet50_fp64_medium_BS16,resnet50,fp64,medium,16,21150.230736315018,21494.0,21498.765,1.0164789816257913,1.0002216897738903,1.0162536885753557
Clone1,resnet50_fp64_medium_BS32,resnet50,fp64,medium,32,22427.090808367997,23136.0,23140.166,1.0317952603717082,1.0001800656984785,1.031609502886014
Clone1,resnet50_fp64_medium_BS4,resnet50,fp64,medium,4,23692.60192031099,23799.0,23803.2,1.0046680427950043,1.0001764780032776,1.0044907722692036
Clone1,resnet50_fp64_medium_BS64,resnet50,fp64,medium,64,22558.514885590994,23968.0,23972.524,1.0626818352883767,1.0001887516688919,1.0624812901716902
Clone1,resnet50_fp64_medium_BS8,resnet50,fp64,medium,8,22624.82663893199,22815.0,22818.762,1.008571794346229,1.0001648915187376,1.0084055168290555
Clone1,resnet50_fp64_slow_BS1,resnet50,fp64,slow,1,50456.20476277999,50524.0,50529.722,1.0014570504770552,1.0001132531074342,1.0013436451976272
Clone1,resnet50_fp64_slow_BS128,resnet50,fp64,slow,128,44202.88104924897,49470.0,49476.763,1.119310819239929,1.0001367091166364,1.119157820162958
Clone1,resnet50_fp64_slow_BS16,resnet50,fp64,slow,16,41826.930671068025,42500.0,42504.541,1.0162003359572516,1.0001068470588235,1.0160917695401814
Clone1,resnet50_fp64_slow_BS32,resnet50,fp64,slow,32,44144.75319032601,45545.0,45552.007,1.0318781668935093,1.0001538478427927,1.031719439083439
Clone1,resnet50_fp64_slow_BS4,resnet50,fp64,slow,4,46223.20941910194,46424.0,46429.438,1.004461580740277,1.0001171376874032,1.0043439342144658
Clone1,resnet50_fp64_slow_BS64,resnet50,fp64,slow,64,44174.552031792,46958.0,46963.337,1.0631310299694932,1.0001136547553133,1.0630102138037478
Clone1,resnet50_fp64_slow_BS8,resnet50,fp64,slow,8,44742.483575022,45112.0,45116.842,1.0083669567504068,1.0001073328604362,1.0082587374560559
Clone2,mobilenet_v2_fp16_fast_BS1,mobilenet_v2,fp16,fast,1,2203.678447937942,2219.0,2222.755,1.00865668586082,1.0016922036953584,1.0069527167524803
Clone2,mobilenet_v2_fp16_fast_BS128,mobilenet_v2,fp16,fast,128,770.3237874040205,806.0,809.364,1.0506802635909043,1.0041736972704716,1.046313268757035
Clone2,mobilenet_v2_fp16_fast_BS16,mobilenet_v2,fp16,fast,16,776.4888257599669,792.0,795.754,1.0248106265034502,1.004739898989899,1.0199760430871005
Clone2,mobilenet_v2_fp16_fast_BS32,mobilenet_v2,fp16,fast,32,1149.422176254,1173.0,1176.945,1.0239449214697576,1.0033631713554987,1.0205127621800727
Clone2,mobilenet_v2_fp16_fast_BS4,mobilenet_v2,fp16,fast,4,1558.840675828993,1579.0,1582.433,1.0151345320511735,1.0021741608613046,1.012932254388529
Clone2,mobilenet_v2_fp16_fast_BS64,mobilenet_v2,fp16,fast,64,1173.648879447952,1205.0,1208.526,1.0297168268660157,1.0029261410788382,1.0267125211816286
Clone2,mobilenet_v2_fp16_fast_BS8,mobilenet_v2,fp16,fast,8,812.3049468999961,824.0,827.015,1.0181090280887022,1.0036589805825242,1.0143973678168965
Clone2,mobilenet_v2_fp16_medium_BS1,mobilenet_v2,fp16,medium,1,2328.7214184960176,2342.0,2345.718,1.007298675302673,1.0015875320239112,1.0057020910266536
Clone2,mobilenet_v2_fp16_medium_BS128,mobilenet_v2,fp16,medium,128,818.8319723490276,854.0,857.202,1.046859464391575,1.0037494145199064,1.0429490162066877
Clone2,mobilenet_v2_fp16_medium_BS16,mobilenet_v2,fp16,medium,16,900.6949899789179,917.0,920.266,1.0217287874794776,1.0035616139585606,1.0181026986965518
Clone2,mobilenet_v2_fp16_medium_BS32,mobilenet_v2,fp16,medium,32,824.0342820670921,843.0,846.556,1.0273310448643134,1.0042182680901544,1.0230156904216805
Clone2,mobilenet_v2_fp16_medium_BS4,mobilenet_v2,fp16,medium,4,1067.763167030993,1082.0,1086.291,1.0173520060825147,1.0039658040665433,1.0133333246628031
Clone2,mobilenet_v2_fp16_medium_BS64,mobilenet_v2,fp16,medium,64,785.5119064770406,808.0,810.963,1.0324006463977173,1.0036670792079208,1.0286285839050062
Clone2,mobilenet_v2_fp16_medium_BS8,mobilenet_v2,fp16,medium,8,924.5855648249853,938.0,939.982,1.0166522556275568,1.0021130063965884,1.014508592482248
Clone2,mobilenet_v2_fp16_slow_BS1,mobilenet_v2,fp16,slow,1,3403.9254418469973,3429.0,3431.816,1.0081936454336289,1.0008212306794984,1.0073663652689753
Clone2,mobilenet_v2_fp16_slow_BS128,mobilenet_v2,fp16,slow,128,1180.3663227100042,1227.0,1230.9,1.0428118596047162,1.0031784841075795,1.0395078005808651
Clone2,mobilenet_v2_fp16_slow_BS16,mobilenet_v2,fp16,slow,16,1236.2815335530322,1258.0,1262.069,1.0208588947962811,1.0032344992050874,1.0175675732893539
Clone2,mobilenet_v2_fp16_slow_BS32,mobilenet_v2,fp16,slow,32,1191.10455925297,1216.0,1219.134,1.0235323091741075,1.002577302631579,1.020901137984598
Clone2,mobilenet_v2_fp16_slow_BS4,mobilenet_v2,fp16,slow,4,1579.1118175180163,1597.0,1600.631,1.0136273962636837,1.002273638071384,1.0113280024147369
Clone2,mobilenet_v2_fp16_slow_BS64,mobilenet_v2,fp16,slow,64,1192.6103728150483,1227.0,1230.922,1.032124177399632,1.00319641401793,1.0288355928883781
Clone2,mobilenet_v2_fp16_slow_BS8,mobilenet_v2,fp16,slow,8,1272.427074960986,1292.0,1295.398,1.018052842077192,1.0026300309597522,1.015382355047431
Clone2,mobilenet_v2_fp32_fast_BS1,mobilenet_v2,fp32,fast,1,1936.9326530329417,1949.0,1951.492,1.0075167027331904,1.0012786044125193,1.0062301324458351
Clone2,mobilenet_v2_fp32_fast_BS128,mobilenet_v2,fp32,fast,128,1360.6225021680002,1432.0,1434.783,1.0545048297480257,1.0019434357541899,1.0524594424377576
Clone2,mobilenet_v2_fp32_fast_BS16,mobilenet_v2,fp32,fast,16,880.0581251189578,897.0,901.338,1.0241800788762285,1.0048361204013379,1.0192508590029234
Clone2,mobilenet_v2_fp32_fast_BS32,mobilenet_v2,fp32,fast,32,863.2207734590047,884.0,887.866,1.0285503167888785,1.004373303167421,1.0240717406020374
Clone2,mobilenet_v2_fp32_fast_BS4,mobilenet_v2,fp32,fast,4,964.8597860530717,978.0,981.407,1.0171498638311143,1.0034836400817997,1.01361878081859
Clone2,mobilenet_v2_fp32_fast_BS64,mobilenet_v2,fp32,fast,64,884.1566825580085,915.0,917.694,1.0379314188351352,1.002944262295082,1.0348844475763694
Clone2,mobilenet_v2_fp32_fast_BS8,mobilenet_v2,fp32,fast,8,1388.4291877379874,1409.0,1412.889,1.0176168957538714,1.0027601135557132,1.0148158886630194
Clone2,mobilenet_v2_fp32_medium_BS1,mobilenet_v2,fp32,medium,1,2050.451697926037,2062.0,2064.848,1.007021039358559,1.0013811833171677,1.0056320771104452
Clone2,mobilenet_v2_fp32_medium_BS128,mobilenet_v2,fp32,medium,128,926.9585501539987,976.0,978.812,1.0559393403700594,1.0028811475409836,1.0529057635186103
Clone2,mobilenet_v2_fp32_medium_BS16,mobilenet_v2,fp32,medium,16,1085.3768084229669,1105.0,1109.236,1.021982404075595,1.003833484162896,1.018079612006401
Clone2,mobilenet_v2_fp32_medium_BS32,mobilenet_v2,fp32,medium,32,998.4996786649572,1021.0,1024.846,1.026385908676775,1.0037668952007837,1.0225341297707045
Clone2,mobilenet_v2_fp32_medium_BS4,mobilenet_v2,fp32,medium,4,1233.9157398849493,1249.0,1252.572,1.0151195576099792,1.002859887910328,1.0122247084038796
Clone2,mobilenet_v2_fp32_medium_BS64,mobilenet_v2,fp32,medium,64,915.4311643920373,946.0,949.905,1.0376585776723668,1.0041279069767441,1.0333928282070932
Clone2,mobilenet_v2_fp32_medium_BS8,mobilenet_v2,fp32,medium,8,1219.6355669610202,1236.0,1238.389,1.0153762595540796,1.00193284789644,1.0134174777140643
Clone2,mobilenet_v2_fp32_slow_BS1,mobilenet_v2,fp32,slow,1,3031.6658459639875,3049.0,3052.991,1.007034137375134,1.0013089537553297,1.0057176994156825
Clone2,mobilenet_v2_fp32_slow_BS128,mobilenet_v2,fp32,slow,128,1363.2538529690355,1432.0,1435.111,1.0527100267308738,1.0021724860335197,1.0504279866007655
Clone2,mobilenet_v2_fp32_slow_BS16,mobilenet_v2,fp32,slow,16,1427.023588386015,1452.0,1455.498,1.019953707735266,1.002409090909091,1.017502451828588
Clone2,mobilenet_v2_fp32_slow_BS32,mobilenet_v2,fp32,slow,32,1364.2547261650034,1394.0,1397.24,1.0241782368075205,1.0023242467718796,1.021803313754032
Clone2,mobilenet_v2_fp32_slow_BS4,mobilenet_v2,fp32,slow,4,1570.6275376509875,1589.0,1592.272,1.013780773499861,1.0020591567023285,1.0116975297507453
Clone2,mobilenet_v2_fp32_slow_BS64,mobilenet_v2,fp32,slow,64,1379.7846374970395,1423.0,1426.985,1.0342084998051455,1.002800421644413,1.0313203679244858
Clone2,mobilenet_v2_fp32_slow_BS8,mobilenet_v2,fp32,slow,8,1478.2685103518888,1501.0,1504.471,1.0177251219684533,1.0023124583610925,1.015377104693044
Clone2,mobilenet_v2_fp64_fast_BS1,mobilenet_v2,fp64,fast,1,5748.936816871981,5775.0,5779.234,1.0052700497662634,1.0007331601731602,1.004533565763243
Clone2,mobilenet_v2_fp64_fast_BS128,mobilenet_v2,fp64,fast,128,7083.066090098,7697.0,7700.326,1.0871458633945148,1.0004321164089904,1.086676292737162
Clone2,mobilenet_v2_fp64_fast_BS16,mobilenet_v2,fp64,fast,16,2951.9211881530064,3004.0,3006.982,1.0186525345148,1.0009926764314248,1.017642344943355
Clone2,mobilenet_v2_fp64_fast_BS32,mobilenet_v2,fp64,fast,32,2779.001658127003,2858.0,2861.958,1.0298511307578377,1.0013848845346396,1.0284268782791013
Clone2,mobilenet_v2_fp64_fast_BS4,mobilenet_v2,fp64,fast,4,6111.398825193988,6150.0,6153.37,1.006867687088754,1.0005479674796747,1.0063162585048255
Clone2,mobilenet_v2_fp64_fast_BS64,mobilenet_v2,fp64,fast,64,2950.5539567520027,3109.0,3112.294,1.054816839691365,1.001059504663879,1.0537004391617417
Clone2,mobilenet_v2_fp64_fast_BS8,mobilenet_v2,fp64,fast,8,5913.045621061989,5969.0,5972.675,1.010084376607144,1.0006156810185962,1.0094628694794276
Clone2,mobilenet_v2_fp64_medium_BS1,mobilenet_v2,fp64,medium,1,3098.9702279269695,3117.0,3120.795,1.0070425884948337,1.0012175168431183,1.0058179881531457
Clone2,mobilenet_v2_fp64_medium_BS128,mobilenet_v2,fp64,medium,128,3136.131344469002,3460.0,3463.234,1.1043013252961769,1.0009346820809248,1.103270118486008
Clone2,mobilenet_v2_fp64_medium_BS16,mobilenet_v2,fp64,medium,16,3071.3858465800295,3122.0,3124.644,1.0173401051122486,1.0008468930172965,1.0164792559281763
Clone2,mobilenet_v2_fp64_medium_BS32,mobilenet_v2,fp64,medium,32,2802.231187196914,2884.0,2887.227,1.0303314777136956,1.001118932038835,1.029179895355058
Clone2,mobilenet_v2_fp64_medium_BS4,mobilenet_v2,fp64,medium,4,3289.302040501003,3312.0,3314.839,1.007763640792047,1.0008571859903381,1.0069005397557045
Clone2,mobilenet_v2_fp64_medium_BS64,mobilenet_v2,fp64,medium,64,2981.1453339540167,3142.0,3145.874,1.0552568384270944,1.0012329726288987,1.0539573378774645
Clone2,mobilenet_v2_fp64_medium_BS8,mobilenet_v2,fp64,medium,8,3154.5666224660818,3185.0,3188.72,1.0108266464530138,1.0011679748822606,1.0096474036456162
Clone2,mobilenet_v2_fp64_slow_BS1,mobilenet_v2,fp64,slow,1,5700.723979668983,5721.0,5725.348,1.0043194549356953,1.0007600069917846,1.0035567447929998
Clone2,mobilenet_v2_fp64_slow_BS128,mobilenet_v2,fp64,slow,128,6346.454153764993,6957.0,6961.234,1.0968698160169161,1.0006085956590485,1.0962026718294033
Clone2,mobilenet_v2_fp64_slow_BS16,mobilenet_v2,fp64,slow,16,5534.014885478071,5625.0,5628.618,1.0170948428003292,1.0006432,1.0164410679054523
Clone2,mobilenet_v2_fp64_slow_BS32,mobilenet_v2,fp64,slow,32,5236.410062459996,5389.0,5392.737,1.0298538379682518,1.0006934496195954,1.0291401811011567
Clone2,mobilenet_v2_fp64_slow_BS4,mobilenet_v2,fp64,slow,4,6104.919291185914,6142.0,6146.133,1.006750901502267,1.0006729078476067,1.0060739064753277
Clone2,mobilenet_v2_fp64_slow_BS64,mobilenet_v2,fp64,slow,64,5532.098449522979,5841.0,5844.105,1.0563993127244373,1.0005315870570106,1.0558380428865393
Clone2,mobilenet_v2_fp64_slow_BS8,mobilenet_v2,fp64,slow,8,5902.59853830497,5958.0,5962.396,1.0101307011322171,1.000737831487076,1.009385944399827
Clone2,resnet50_fp16_fast_BS1,resnet50,fp16,fast,1,3900.2819503939827,3940.0,3943.475,1.0110743403054885,1.0008819796954314,1.0101833790764807
Clone2,resnet50_fp16_fast_BS128,resnet50,fp16,fast,128,908.5547302468913,958.0,961.791,1.0585944555466045,1.0039572025052192,1.0544218945837995
Clone2,resnet50_fp16_fast_BS16,resnet50,fp16,fast,16,1443.2660936100874,1468.0,1472.508,1.0202609252163397,1.0030708446866485,1.0171374540699178
Clone2,resnet50_fp16_fast_BS32,resnet50,fp16,fast,32,1569.941654936003,1617.0,1620.41,1.0321466373640837,1.002108843537415,1.029974582122872
Clone2,resnet50_fp16_fast_BS4,resnet50,fp16,fast,4,1046.3324321339605,1062.0,1065.81,1.0186150856724527,1.003587570621469,1.0149737955021483
Clone2,resnet50_fp16_fast_BS64,resnet50,fp16,fast,64,1426.7013021300081,1481.0,1485.806,1.0414275208004302,1.0032451046590143,1.0380589109920388
Clone2,resnet50_fp16_fast_BS8,resnet50,fp16,fast,8,1560.408013524022,1590.0,1593.216,1.0210252614647142,1.002022641509434,1.0189642620516588
Clone2,resnet50_fp16_medium_BS1,resnet50,fp16,medium,1,2578.045364980004,2597.0,2600.361,1.0086560288360826,1.0012941855987678,1.0073523279603511
Clone2,resnet50_fp16_medium_BS128,resnet50,fp16,medium,128,934.1949556299951,986.0,989.634,1.059344191526509,1.0036855983772819,1.0554542111984206
Clone2,resnet50_fp16_medium_BS16,resnet50,fp16,medium,16,1016.5173814839218,1037.0,1040.495,1.0235880064156653,1.0033702989392477,1.0201497966381818
Clone2,resnet50_fp16_medium_BS32,resnet50,fp16,medium,32,970.0264961429639,995.0,998.469,1.0293213679936886,1.0034864321608041,1.0257451770197372
Clone2,resnet50_fp16_medium_BS4,resnet50,fp16,medium,4,1297.7044554329998,1326.0,1328.531,1.0237546726744606,1.0019087481146305,1.0218043056325632
Clone2,resnet50_fp16_medium_BS64,resnet50,fp16,medium,64,994.4787019030191,1030.0,1033.733,1.039472236078927,1.0036242718446602,1.0357185106418145
Clone2,resnet50_fp16_medium_BS8,resnet50,fp16,medium,8,1193.2182353510289,1210.0,1213.399,1.016912886554264,1.0028090909090908,1.0140642877822212
Clone2,resnet50_fp16_slow_BS1,resnet50,fp16,slow,1,3549.4794835930225,3573.0,3575.578,1.0073527728579963,1.0007215225300867,1.0066264691811004
Clone2,resnet50_fp16_slow_BS128,resnet50,fp16,slow,128,1403.6175452400348,1480.0,1484.65,1.0577311497955861,1.003141891891892,1.0544182815461336
Clone2,resnet50_fp16_slow_BS16,resnet50,fp16,slow,16,1501.1438020350033,1528.0,1532.314,1.0207642984787608,1.0028232984293195,1.017890489857527
Clone2,resnet50_fp16_slow_BS32,resnet50,fp16,slow,32,1444.6946959709749,1483.0,1487.048,1.0293164390698892,1.0027296021577883,1.0265144629767469
Clone2,resnet50_fp16_slow_BS4,resnet50,fp16,slow,4,1771.544542497024,1795.0,1798.256,1.015078061466818,1.0018139275766018,1.0132401172763712
Clone2,resnet50_fp16_slow_BS64,resnet50,fp16,slow,64,1434.3260293810163,1486.0,1489.747,1.0386390328863382,1.002521534320323,1.0360266561161715
Clone2,resnet50_fp16_slow_BS8,resnet50,fp16,slow,8,1632.128296130977,1659.0,1661.767,1.0181595429350025,1.0016678722121761,1.0164642105235988
Clone2,resnet50_fp32_fast_BS1,resnet50,fp32,fast,1,3233.175162440006,3255.0,3258.927,1.0079648754757105,1.0012064516129033,1.0067502799766417
Clone2,resnet50_fp32_fast_BS128,resnet50,fp32,fast,128,2035.3700056930102,2195.0,2197.7,1.0797545379232996,1.0012300683371298,1.0784279977893447
Clone2,resnet50_fp32_fast_BS16,resnet50,fp32,fast,16,2124.966364277003,2163.0,2167.323,1.0199328499665021,1.0019986130374479,1.017898464823907
Clone2,resnet50_fp32_fast_BS32,resnet50,fp32,fast,32,1263.5586934540188,1301.0,1304.499,1.0324007952761325,1.0026894696387394,1.029631632262078
Clone2,resnet50_fp32_fast_BS4,resnet50,fp32,fast,4,2573.5990035370924,2600.0,2603.407,1.0115822225692273,1.0013103846153846,1.0102583955101874
Clone2,resnet50_fp32_fast_BS64,resnet50,fp32,fast,64,2040.5871851750126,2132.0,2134.961,1.0462483619963012,1.001388836772983,1.0447973090731466
Clone2,resnet50_fp32_fast_BS8,resnet50,fp32,fast,8,2274.6082378720166,2305.0,2307.768,1.014578230033584,1.0012008676789588,1.0133613171806746
Clone2,resnet50_fp32_medium_BS1,resnet50,fp32,medium,1,2238.40664345806,2255.0,2259.029,1.0092129625339572,1.0017866962305986,1.0074130214858126
Clone2,resnet50_fp32_medium_BS128,resnet50,fp32,medium,128,1291.2583700789837,1385.0,1389.511,1.0760906044814302,1.0032570397111913,1.072597113089987
Clone2,resnet50_fp32_medium_BS16,resnet50,fp32,medium,16,1493.2281594160013,1519.0,1523.114,1.0200142492595954,1.0027083607636604,1.0172591445061403
Clone2,resnet50_fp32_medium_BS32,resnet50,fp32,medium,32,1294.9623380730627,1331.0,1333.537,1.029788250046204,1.0019060856498874,1.0278291197105873
Clone2,resnet50_fp32_medium_BS4,resnet50,fp32,medium,4,1562.9940335289575,1581.0,1584.591,1.013817689644202,1.0022713472485767,1.0115201760753931
Clone2,resnet50_fp32_medium_BS64,resnet50,fp32,medium,64,1325.266772566014,1382.0,1385.292,1.045292939260647,1.002382054992764,1.042808911087492
Clone2,resnet50_fp32_medium_BS8,resnet50,fp32,medium,8,1658.9469915959926,1681.0,1684.661,1.0155001989420225,1.0021778703152886,1.0132933773747594
Clone2,resnet50_fp32_slow_BS1,resnet50,fp32,slow,1,3196.6659790870035,3219.0,3221.354,1.0077230530416716,1.000731283007145,1.006986660808201
Clone2,resnet50_fp32_slow_BS128,resnet50,fp32,slow,128,2034.5141153139994,2193.0,2196.775,1.0797541208805808,1.0017213862289103,1.0778986410037958
Clone2,resnet50_fp32_slow_BS16,resnet50,fp32,slow,16,2151.520635148976,2192.0,2195.235,1.0203178924416856,1.0014758211678834,1.0188143047246307
Clone2,resnet50_fp32_slow_BS32,resnet50,fp32,slow,32,2084.3830700980034,2141.0,2145.405,1.0292757750614083,1.002057449789818,1.0271624399152957
Clone2,resnet50_fp32_slow_BS4,resnet50,fp32,slow,4,2570.267058997997,2597.0,2600.277,1.0116758065652922,1.0012618405852907,1.0104008417757275
Clone2,resnet50_fp32_slow_BS64,resnet50,fp32,slow,64,2045.203465175,2135.0,2138.801,1.0457644124013799,1.0017803278688524,1.04390591760381
Clone2,resnet50_fp32_slow_BS8,resnet50,fp32,slow,8,2241.4814012100687,2269.0,2271.869,1.0135569265814681,1.0012644336712209,1.0122769694966354
Clone2,resnet50_fp64_fast_BS1,resnet50,fp64,fast,1,25801.525915944017,25842.0,25846.062,1.0017261027197024,1.0001571859763176,1.0015686701704325
Clone2,resnet50_fp64_fast_BS128,resnet50,fp64,fast,128,21346.007903279,24018.0,24022.365,1.1253797482343235,1.0001817386959782,1.1251752603497607
Clone2,resnet50_fp64_fast_BS16,resnet50,fp64,fast,16,21274.376449942007,21621.0,21624.129,1.0164400846662158,1.000144720410712,1.016293006324937
Clone2,resnet50_fp64_fast_BS32,resnet50,fp64,fast,32,44133.73727673199,45535.0,45540.689,1.031879278984374,1.0001249368617546,1.031750375330366
Clone2,resnet50_fp64_fast_BS4,resnet50,fp64,fast,4,23533.91674895602,23640.0,23643.609,1.0046610282603659,1.0001526649746193,1.0045076751216384
Clone2,resnet50_fp64_fast_BS64,resnet50,fp64,fast,64,44159.89625174599,46944.0,46948.553,1.0631490783482933,1.000096987900477,1.0630459757509945
Clone2,resnet50_fp64_fast_BS8,resnet50,fp64,fast,8,44742.36695979099,45118.0,45123.906,1.008527466607922,1.0001309011924289,1.0083954664389254
Clone2,resnet50_fp64_medium_BS1,resnet50,fp64,medium,1,26119.276629625005,26158.0,26162.359,1.001649447302309,1.0001666411805183,1.0014825590663976
Clone2,resnet50_fp64_medium_BS128,resnet50,fp64,medium,128,22326.037890724954,24997.0,25001.553,1.1198383305793167,1.000182141857023,1.1196343982908252
Clone2,resnet50_fp64_medium_BS16,resnet50,fp64,medium,16,21383.506342118024,21727.0,21730.868,1.016244373225068,1.0001780273392553,1.016063486146115
Clone2,resnet50_fp64_medium_BS32,resnet50,fp64,medium,32,22544.939178030007,23259.0,23262.861,1.0318440345436641,1.0001660002579646,1.0316727765966138
Clone2,resnet50_fp64_medium_BS4,resnet50,fp64,medium,4,23506.583351621986,23613.0,23618.122,1.00474499618722,1.000216914411553,1.0045270997824816
Clone2,resnet50_fp64_medium_BS64,resnet50,fp64,medium,64,22496.801775658038,23907.0,23911.753,1.062895661278972,1.0001988120634124,1.0626843868032754
Clone2,resnet50_fp64_medium_BS8,resnet50,fp64,medium,8,22736.964460468967,22929.0,22933.166,1.0086291879407276,1.0001816913079506,1.0084459620748807
Clone2,resnet50_fp64_slow_BS1,resnet50,fp64,slow,1,50461.07239214005,50527.0,50532.302,1.001411575388379,1.0001049339956856,1.0013065042959772
Clone2,resnet50_fp64_slow_BS128,resnet50,fp64,slow,128,41986.96080180805,47255.0,47260.42,1.1255975449874636,1.0001146968574754,1.1254684572922244
Clone2,resnet50_fp64_slow_BS16,resnet50,fp64,slow,16,41828.66407618194,42504.0,42509.046,1.0162659252654804,1.0001187182382836,1.0161452902867774
Clone2,resnet50_fp64_slow_BS32,resnet50,fp64,slow,32,44147.055361278006,45548.0,45553.095,1.0318490016427064,1.0001118600158074,1.0317335919068067
Clone2,resnet50_fp64_slow_BS4,resnet50,fp64,slow,4,46227.67255783199,46428.0,46433.587,1.0044543545191553,1.0001203368656846,1.0043334961741237
Clone2,resnet50_fp64_slow_BS64,resnet50,fp64,slow,64,44166.524115898006,46951.0,46956.262,1.0631640804873257,1.0001120742902174,1.063044940480152
Clone2,resnet50_fp64_slow_BS8,resnet50,fp64,slow,8,44705.88854542201,45073.0,45078.738,1.0083400524340136,1.0001273045947685,1.0082117024517923
Clone3,mobilenet_v2_fp16_fast_BS1,mobilenet_v2,fp16,fast,1,2213.532606140012,2229.0,2233.081,1.0088313105511812,1.0018308658591297,1.006987651239961
Clone3,mobilenet_v2_fp16_fast_BS128,mobilenet_v2,fp16,fast,128,771.3435789770447,803.0,806.049,1.04499346590657,1.0037970112079702,1.0410406229931128
Clone3,mobilenet_v2_fp16_fast_BS16,mobilenet_v2,fp16,fast,16,1184.4161679109966,1206.0,1209.474,1.0211562732491222,1.0028805970149253,1.018223182588829
Clone3,mobilenet_v2_fp16_fast_BS32,mobilenet_v2,fp16,fast,32,1175.110109257992,1201.0,1204.47,1.0249847997312753,1.0028892589508742,1.0220318849595769
Clone3,mobilenet_v2_fp16_fast_BS4,mobilenet_v2,fp16,fast,4,1034.8350312600087,1050.0,1053.237,1.0177825142985208,1.0030828571428572,1.0146544794888965
Clone3,mobilenet_v2_fp16_fast_BS64,mobilenet_v2,fp16,fast,64,1184.970350664982,1219.0,1222.621,1.0317734948506425,1.0029704675963906,1.0287177221910415
Clone3,mobilenet_v2_fp16_fast_BS8,mobilenet_v2,fp16,fast,8,1247.1322631119983,1266.0,1269.311,1.0177837888923333,1.0026153238546602,1.0151288980696567
Clone3,mobilenet_v2_fp16_medium_BS1,mobilenet_v2,fp16,medium,1,2269.790718629025,2290.0,2293.176,1.0103028359306623,1.0013868995633188,1.0089035879850552
Clone3,mobilenet_v2_fp16_medium_BS128,mobilenet_v2,fp16,medium,128,818.272534185031,852.0,855.797,1.045858151468254,1.004456572769953,1.041217888180202
Clone3,mobilenet_v2_fp16_medium_BS16,mobilenet_v2,fp16,medium,16,902.3808492210228,920.0,923.189,1.0230591670877542,1.003466304347826,1.0195251825148848
Clone3,mobilenet_v2_fp16_medium_BS32,mobilenet_v2,fp16,medium,32,875.6747334279935,897.0,899.64,1.0273677721386227,1.002943143812709,1.0243529540797927
Clone3,mobilenet_v2_fp16_medium_BS4,mobilenet_v2,fp16,medium,4,1064.606351090013,1078.0,1082.422,1.0167344942961745,1.0041020408163266,1.0125808463346793
Clone3,mobilenet_v2_fp16_medium_BS64,mobilenet_v2,fp16,medium,64,800.35450785805,826.0,829.016,1.0358109960780446,1.0036513317191282,1.0320426659563444
Clone3,mobilenet_v2_fp16_medium_BS8,mobilenet_v2,fp16,medium,8,967.0764333129991,984.0,987.35,1.0209637687246167,1.0034044715447155,1.017499719881524
Clone3,mobilenet_v2_fp16_slow_BS1,mobilenet_v2,fp16,slow,1,3366.919264994969,3385.0,3388.691,1.0064663668153218,1.001090398818316,1.0053701124327548
Clone3,mobilenet_v2_fp16_slow_BS128,mobilenet_v2,fp16,slow,128,1182.9722112790041,1230.0,1233.814,1.0429780076287902,1.0031008130081303,1.0397539251324852
Clone3,mobilenet_v2_fp16_slow_BS16,mobilenet_v2,fp16,slow,16,1229.335675781942,1251.0,1254.699,1.0206317320140614,1.002956834532374,1.0176227898082255
Clone3,mobilenet_v2_fp16_slow_BS32,mobilenet_v2,fp16,slow,32,1197.4669393590302,1225.0,1228.538,1.0259473223182272,1.0028881632653062,1.0229927522305604
Clone3,mobilenet_v2_fp16_slow_BS4,mobilenet_v2,fp16,slow,4,1567.4431461900094,1587.0,1590.895,1.014961852917597,1.0024543163201007,1.0124769143030976
Clone3,mobilenet_v2_fp16_slow_BS64,mobilenet_v2,fp16,slow,64,1188.8080344680056,1221.0,1224.359,1.0299047150601597,1.0027510237510238,1.0270791957983363
Clone3,mobilenet_v2_fp16_slow_BS8,mobilenet_v2,fp16,slow,8,1281.5559250710066,1303.0,1306.38,1.0193702626965875,1.0025940138142748,1.01673284365472
Clone3,mobilenet_v2_fp32_fast_BS1,mobilenet_v2,fp32,fast,1,2991.884366486993,3010.0,3014.33,1.0075021727993325,1.00143853820598,1.0060549243533359
Clone3,mobilenet_v2_fp32_fast_BS128,mobilenet_v2,fp32,fast,128,879.5921921100089,926.0,929.239,1.0564429838456113,1.0034978401727863,1.0527605955421975
Clone3,mobilenet_v2_fp32_fast_BS16,mobilenet_v2,fp32,fast,16,1385.550334282976,1411.0,1414.794,1.021106173477384,1.0026888731396173,1.0183679113542954
Clone3,mobilenet_v2_fp32_fast_BS32,mobilenet_v2,fp32,fast,32,1366.1690569339553,1398.0,1401.502,1.025862789738,1.0025050071530759,1.0232994173777306
Clone3,mobilenet_v2_fp32_fast_BS4,mobilenet_v2,fp32,fast,4,986.4209713729797,1002.0,1005.835,1.0196812813093363,1.0038273453093813,1.0157934888644309
Clone3,mobilenet_v2_fp32_fast_BS64,mobilenet_v2,fp32,fast,64,886.4429330059793,918.0,921.15,1.0391531882106917,1.0034313725490196,1.0355996599657113
Clone3,mobilenet_v2_fp32_fast_BS8,mobilenet_v2,fp32,fast,8,905.0452906759456,922.0,924.473,1.021466007860827,1.0026822125813448,1.0187335479215538
Clone3,mobilenet_v2_fp32_medium_BS1,mobilenet_v2,fp32,medium,1,2034.3807189600775,2050.0,2052.37,1.00884263248873,1.0011560975609755,1.007677658805136
Clone3,mobilenet_v2_fp32_medium_BS128,mobilenet_v2,fp32,medium,128,928.9929856209783,976.0,979.327,1.0541812641840091,1.0034088114754098,1.0505999669605688
Clone3,mobilenet_v2_fp32_medium_BS16,mobilenet_v2,fp32,medium,16,1072.0005459479871,1091.0,1094.736,1.0212084351430135,1.0034243813015582,1.0177233622910251
Clone3,mobilenet_v2_fp32_medium_BS32,mobilenet_v2,fp32,medium,32,928.3259925119346,950.0,953.48,1.027096093065327,1.0036631578947368,1.023347409921614
Clone3,mobilenet_v2_fp32_medium_BS4,mobilenet_v2,fp32,medium,4,1194.3540748819942,1209.0,1212.349,1.0150666586202954,1.0027700578990901,1.012262632519132
Clone3,mobilenet_v2_fp32_medium_BS64,mobilenet_v2,fp32,medium,64,968.1593269520001,1009.0,1012.839,1.0461490911714524,1.0038047571853321,1.042183834737797
Clone3,mobilenet_v2_fp32_medium_BS8,mobilenet_v2,fp32,medium,8,1052.8422646249965,1070.0,1073.113,1.0192533450224128,1.0029093457943925,1.0162965868216878
Clone3,mobilenet_v2_fp32_slow_BS1,mobilenet_v2,fp32,slow,1,3002.068202639988,3022.0,3025.073,1.0076629829195025,1.0010168762409,1.0066393552759674
Clone3,mobilenet_v2_fp32_slow_BS128,mobilenet_v2,fp32,slow,128,1361.893545444007,1433.0,1436.715,1.0549392827407809,1.0025924633635728,1.0522114630720352
Clone3,mobilenet_v2_fp32_slow_BS16,mobilenet_v2,fp32,slow,16,1419.992838708975,1443.0,1447.459,1.0193424646535518,1.00309009009009,1.0162023079721605
Clone3,mobilenet_v2_fp32_slow_BS32,mobilenet_v2,fp32,slow,32,1380.3549277380007,1412.0,1415.507,1.0254659664377794,1.0024837110481586,1.0229253155301559
Clone3,mobilenet_v2_fp32_slow_BS4,mobilenet_v2,fp32,slow,4,1590.4509863419808,1612.0,1616.655,1.0164758385407953,1.002887717121588,1.0135489957521933
Clone3,mobilenet_v2_fp32_slow_BS64,mobilenet_v2,fp32,slow,64,1386.4373114670161,1433.0,1436.655,1.0362206701432808,1.0025505931612002,1.033584416798272
Clone3,mobilenet_v2_fp32_slow_BS8,mobilenet_v2,fp32,slow,8,1477.5631443880266,1499.0,1502.339,1.016768051982127,1.0022274849899933,1.014508250082843
Clone3,mobilenet_v2_fp64_fast_BS1,mobilenet_v2,fp64,fast,1,2983.2262711980147,3000.0,3002.107,1.0063289630371897,1.0007023333333334,1.0056226807077726
Clone3,mobilenet_v2_fp64_fast_BS128,mobilenet_v2,fp64,fast,128,3046.4978693010053,3362.0,3366.462,1.1050268683668596,1.0013271861986912,1.1035622357981114
Clone3,mobilenet_v2_fp64_fast_BS16,mobilenet_v2,fp64,fast,16,5525.6360736889765,5616.0,5620.147,1.0171040808787697,1.000738425925926,1.0163535790460945
Clone3,mobilenet_v2_fp64_fast_BS32,mobilenet_v2,fp64,fast,32,2776.1653028170113,2858.0,2862.035,1.0309310461793668,1.0014118264520644,1.029477602468394
Clone3,mobilenet_v2_fp64_fast_BS4,mobilenet_v2,fp64,fast,4,3280.7369789150544,3305.0,3307.402,1.0081277533847788,1.0007267776096822,1.0073956008180118
Clone3,mobilenet_v2_fp64_fast_BS64,mobilenet_v2,fp64,fast,64,5526.61911603203,5836.0,5840.355,1.0567681393237072,1.0007462302947223,1.0559801349563775
Clone3,mobilenet_v2_fp64_fast_BS8,mobilenet_v2,fp64,fast,8,5915.094646632002,5974.0,5978.228,1.0106732617379073,1.0007077335118848,1.009958480275804
Clone3,mobilenet_v2_fp64_medium_BS1,mobilenet_v2,fp64,medium,1,2986.064848410999,3002.0,3005.248,1.0064242247113988,1.0010819453697535,1.0053365055341918
Clone3,mobilenet_v2_fp64_medium_BS128,mobilenet_v2,fp64,medium,128,3004.5464120259276,3329.0,3331.925,1.108961068687012,1.0008786422349054,1.1079875440350737
Clone3,mobilenet_v2_fp64_medium_BS16,mobilenet_v2,fp64,medium,16,2949.175190269998,3001.0,3004.43,1.0187356824078475,1.0011429523492168,1.0175726453623317
Clone3,mobilenet_v2_fp64_medium_BS32,mobilenet_v2,fp64,medium,32,2885.704836190038,2968.0,2972.143,1.0299539172287924,1.0013958894878707,1.0285182194581672
Clone3,mobilenet_v2_fp64_medium_BS4,mobilenet_v2,fp64,medium,4,3285.201411491027,3309.0,3312.608,1.0083424378222625,1.0010903596252645,1.0072441794362226
Clone3,mobilenet_v2_fp64_medium_BS64,mobilenet_v2,fp64,medium,64,2974.0668192219455,3136.0,3138.799,1.055389535875038,1.0008925382653062,1.0544484003289538
Clone3,mobilenet_v2_fp64_medium_BS8,mobilenet_v2,fp64,medium,8,3154.8873712050263,3189.0,3192.623,1.0119610066398537,1.0011360928190656,1.010812629669865
Clone3,mobilenet_v2_fp64_slow_BS1,mobilenet_v2,fp64,slow,1,5612.3567369080265,5634.0,5637.311,1.0044463073645815,1.0005876819311323,1.003856359120874
Clone3,mobilenet_v2_fp64_slow_BS128,mobilenet_v2,fp64,slow,128,5599.567884463002,6222.0,6227.482,1.1121361734499653,1.0008810671809707,1.1111571693351636
Clone3,mobilenet_v2_fp64_slow_BS16,mobilenet_v2,fp64,slow,16,5520.869292937976,5610.0,5614.063,1.0168802596325244,1.0007242424242424,1.0161443248033486
Clone3,mobilenet_v2_fp64_slow_BS32,mobilenet_v2,fp64,slow,32,5217.713910475024,5371.0,5374.402,1.0300300269837352,1.0006334016011915,1.0293780172993465
Clone3,mobilenet_v2_fp64_slow_BS4,mobilenet_v2,fp64,slow,4,6098.0724919629865,6135.0,6138.905,1.006695969602006,1.000636511817441,1.0060556033214894
Clone3,mobilenet_v2_fp64_slow_BS64,mobilenet_v2,fp64,slow,64,5533.439605562016,5843.0,5846.152,1.0565132027687907,1.0005394489132295,1.055943575154742
Clone3,mobilenet_v2_fp64_slow_BS8,mobilenet_v2,fp64,slow,8,5914.6583928659675,5972.0,5976.224,1.0104089878137832,1.0007073007367717,1.0096948299166686
Clone3,resnet50_fp16_fast_BS1,resnet50,fp16,fast,1,2322.6338616909998,2342.0,2345.369,1.0097885158242066,1.001438514090521,1.0083380073925645
Clone3,resnet50_fp16_fast_BS128,resnet50,fp16,fast,128,909.915960530052,968.0,971.566,1.0677535532336802,1.0036838842975206,1.0638345099871778
Clone3,resnet50_fp16_fast_BS16,resnet50,fp16,fast,16,940.286722082994,961.0,963.978,1.0251958018342782,1.003098855359001,1.0220286827736123
Clone3,resnet50_fp16_fast_BS32,resnet50,fp16,fast,32,918.960935768002,944.0,947.513,1.0310699433683068,1.0037213983050848,1.0272471475744203
Clone3,resnet50_fp16_fast_BS4,resnet50,fp16,fast,4,1059.1598719800022,1077.0,1081.098,1.0207127635783504,1.0038050139275765,1.0168436592925743
Clone3,resnet50_fp16_fast_BS64,resnet50,fp16,fast,64,1427.0253212999087,1479.0,1481.905,1.0384573965724029,1.0019641649763353,1.0364216933815487
Clone3,resnet50_fp16_fast_BS8,resnet50,fp16,fast,8,979.6286455239169,1002.0,1005.821,1.0267370238669113,1.003813373253493,1.0228365662624317
Clone3,resnet50_fp16_medium_BS1,resnet50,fp16,medium,1,2470.445532307989,2488.0,2491.887,1.0086791906203167,1.0015622990353699,1.0071057902157474
Clone3,resnet50_fp16_medium_BS128,resnet50,fp16,medium,128,929.4370737219579,982.0,985.264,1.060065310343692,1.0033238289205704,1.0565535072401968
Clone3,resnet50_fp16_medium_BS16,resnet50,fp16,medium,16,1126.970021094021,1151.0,1154.384,1.0243253843428475,1.0029400521285838,1.0213226425336954
Clone3,resnet50_fp16_medium_BS32,resnet50,fp16,medium,32,1040.7176004559733,1067.0,1069.945,1.0280838908953025,1.0027600749765697,1.0252541126742851
Clone3,resnet50_fp16_medium_BS4,resnet50,fp16,medium,4,1285.5735095640412,1304.0,1307.21,1.016830224234549,1.002461656441718,1.0143332841715194
Clone3,resnet50_fp16_medium_BS64,resnet50,fp16,medium,64,997.5133762159967,1034.0,1036.261,1.0388442147322274,1.00218665377176,1.0365775784605646
Clone3,resnet50_fp16_medium_BS8,resnet50,fp16,medium,8,1120.2713578450057,1140.0,1142.208,1.019581543347848,1.0019368421052632,1.017610592305908
Clone3,resnet50_fp16_slow_BS1,resnet50,fp16,slow,1,3515.9165094659984,3538.0,3541.468,1.0072673769315081,1.0009802148106275,1.0062810053863753
Clone3,resnet50_fp16_slow_BS128,resnet50,fp16,slow,128,1403.0659132859946,1480.0,1483.862,1.0575853820899834,1.0026094594594595,1.054832838561251
Clone3,resnet50_fp16_slow_BS16,resnet50,fp16,slow,16,1497.736312725996,1527.0,1529.832,1.021429464586852,1.0018546168958744,1.0195386110527973
Clone3,resnet50_fp16_slow_BS32,resnet50,fp16,slow,32,1439.2105079669855,1474.0,1477.713,1.0267525089761906,1.0025189959294436,1.024172622309545
Clone3,resnet50_fp16_slow_BS4,resnet50,fp16,slow,4,1767.3020041639975,1788.0,1792.437,1.0142222414600226,1.002481543624161,1.0117116349029398
Clone3,resnet50_fp16_slow_BS64,resnet50,fp16,slow,64,1435.05086092907,1487.0,1490.08,1.038346472985148,1.0020712844653665,1.0362002075921528
Clone3,resnet50_fp16_slow_BS8,resnet50,fp16,slow,8,1612.7542919099797,1637.0,1640.315,1.017089217017293,1.0020250458155162,1.0150337272153878
Clone3,resnet50_fp32_fast_BS1,resnet50,fp32,fast,1,3180.916469611984,3202.0,3205.717,1.0077966619447385,1.0011608369768894,1.006628130788542
Clone3,resnet50_fp32_fast_BS128,resnet50,fp32,fast,128,1249.758802308992,1346.0,1349.972,1.0801860307011713,1.0029509658246656,1.077007817439011
Clone3,resnet50_fp32_fast_BS16,resnet50,fp32,fast,16,2133.6628654489996,2172.0,2175.39,1.0195565734524885,1.0015607734806629,1.0179677563741696
Clone3,resnet50_fp32_fast_BS32,resnet50,fp32,fast,32,1265.2774594509974,1302.0,1305.571,1.0318456163492282,1.002742703533026,1.0290233104800084
Clone3,resnet50_fp32_fast_BS4,resnet50,fp32,fast,4,1504.5116062770248,1523.0,1526.165,1.014392307531982,1.0020781352593564,1.0122886348273015
Clone3,resnet50_fp32_fast_BS64,resnet50,fp32,fast,64,2044.4901514418889,2135.0,2138.09,1.04578151109806,1.0014473067915692,1.0442701318440093
Clone3,resnet50_fp32_fast_BS8,resnet50,fp32,fast,8,1394.36509297695,1417.0,1420.507,1.0187482511967059,1.0024749470712775,1.016233127992845
Clone3,resnet50_fp32_medium_BS1,resnet50,fp32,medium,1,2215.06658930704,2234.0,2237.51,1.0101321607220763,1.0015711727842436,1.0085475582469434
Clone3,resnet50_fp32_medium_BS128,resnet50,fp32,medium,128,1267.7627144369762,1366.0,1368.669,1.0795939842794928,1.001953879941435,1.077488700720033
Clone3,resnet50_fp32_medium_BS16,resnet50,fp32,medium,16,1486.228062151,1516.0,1518.175,1.021495313311985,1.0014346965699208,1.0200318770767332
Clone3,resnet50_fp32_medium_BS32,resnet50,fp32,medium,32,1367.2746956039919,1405.0,1408.581,1.0302106844577863,1.0025487544483984,1.027591605781414
Clone3,resnet50_fp32_medium_BS4,resnet50,fp32,medium,4,1566.9191709709703,1586.0,1589.187,1.0142112174268894,1.0020094577553593,1.0121772899218573
Clone3,resnet50_fp32_medium_BS64,resnet50,fp32,medium,64,1330.027080570988,1387.0,1390.563,1.0455148021520162,1.0025688536409518,1.0428359093294202
Clone3,resnet50_fp32_medium_BS8,resnet50,fp32,medium,8,1633.2698159029824,1655.0,1658.313,1.015333157971313,1.0020018126888217,1.0133047117417056
Clone3,resnet50_fp32_slow_BS1,resnet50,fp32,slow,1,3274.433426109026,3296.0,3299.822,1.0077535776688986,1.0011595873786407,1.0065863528386347
Clone3,resnet50_fp32_slow_BS128,resnet50,fp32,slow,128,2043.162176272017,2203.0,2206.629,1.080006778525162,1.0016472991375396,1.0782306101709584
Clone3,resnet50_fp32_slow_BS16,resnet50,fp32,slow,16,2168.2448699009838,2209.0,2212.279,1.020308651808791,1.0014843820733363,1.0187963687426491
Clone3,resnet50_fp32_slow_BS32,resnet50,fp32,slow,32,2071.6450505999965,2127.0,2130.357,1.0283407378995737,1.0015782792665726,1.0267202865587286
Clone3,resnet50_fp32_slow_BS4,resnet50,fp32,slow,4,2566.5529909059987,2593.0,2595.727,1.0113670004856212,1.001051677593521,1.0103044858951715
Clone3,resnet50_fp32_slow_BS64,resnet50,fp32,slow,64,2042.5039238,2132.0,2135.903,1.0457277340384417,1.0018306754221387,1.0438168441965565
Clone3,resnet50_fp32_slow_BS8,resnet50,fp32,slow,8,2273.032272891025,2303.0,2306.719,1.014820171059925,1.0016148501953974,1.0131840306300886
Clone3,resnet50_fp64_fast_BS1,resnet50,fp64,fast,1,50505.898634853016,50577.0,50582.442,1.001515533179607,1.00010759831544,1.001407783389046
Clone3,resnet50_fp64_fast_BS128,resnet50,fp64,fast,128,24263.818004424043,26927.0,26930.903,1.1099202522492406,1.0001449474505142,1.1097593954541851
Clone3,resnet50_fp64_fast_BS16,resnet50,fp64,fast,16,21194.193143225042,21539.0,21543.979,1.0165038534098085,1.0002311620780908,1.0162689305719184
Clone3,resnet50_fp64_fast_BS32,resnet50,fp64,fast,32,22388.74746376599,23099.0,23102.95,1.031900066646867,1.000171003073726,1.0317236387334077
Clone3,resnet50_fp64_fast_BS4,resnet50,fp64,fast,4,23444.78354171601,23551.0,23554.426,1.0046766248913708,1.0001454715298712,1.004530494303562
Clone3,resnet50_fp64_fast_BS64,resnet50,fp64,fast,64,22425.378665711003,23833.0,23836.891,1.0629426309954462,1.0001632610246296,1.0627691222196076
Clone3,resnet50_fp64_fast_BS8,resnet50,fp64,fast,8,22687.77484320698,22878.0,22881.61,1.0085435948713612,1.000157793513419,1.0083844783416465
Clone3,resnet50_fp64_medium_BS1,resnet50,fp64,medium,1,25738.328367184964,25780.0,25783.499,1.001754994814373,1.0001357253685028,1.001619049699753
Clone3,resnet50_fp64_medium_BS128,resnet50,fp64,medium,128,22757.537994676037,25421.0,25425.247,1.11722309355028,1.0001670665984816,1.117036474066178
Clone3,resnet50_fp64_medium_BS16,resnet50,fp64,medium,16,21200.057263709023,21545.0,21548.587,1.0164400374940308,1.0001664887444883,1.0162708398378462
Clone3,resnet50_fp64_medium_BS32,resnet50,fp64,medium,32,22482.644456737995,23193.0,23197.112,1.0317786257144623,1.0001772948734533,1.03159572908022
Clone3,resnet50_fp64_medium_BS4,resnet50,fp64,medium,4,23453.03374263004,23560.0,23563.985,1.0047307848778766,1.000169142614601,1.004560870825659
Clone3,resnet50_fp64_medium_BS64,resnet50,fp64,medium,64,22467.391250375076,23876.0,23880.832,1.0629107640434814,1.0002023789579493,1.0626956967957466
Clone3,resnet50_fp64_medium_BS8,resnet50,fp64,medium,8,22901.85746487,23095.0,23098.321,1.0085784978546548,1.0001437973587357,1.008433487782651
Clone3,resnet50_fp64_slow_BS1,resnet50,fp64,slow,1,50520.441043736995,50588.0,50595.285,1.001481458885092,1.0001440064837512,1.0013372598272552
Clone3,resnet50_fp64_slow_BS128,resnet50,fp64,slow,128,42160.614145684,47436.0,47442.379,1.1252772276054879,1.0001344759254576,1.1251259252554329
Clone3,resnet50_fp64_slow_BS16,resnet50,fp64,slow,16,41844.12264565198,42517.0,42522.789,1.0162189170530629,1.000136157301785,1.0160805702642193
Clone3,resnet50_fp64_slow_BS32,resnet50,fp64,slow,32,44147.528810947995,45548.0,45553.61,1.0318496012556724,1.0001231667691226,1.0317225273253507
Clone3,resnet50_fp64_slow_BS4,resnet50,fp64,slow,4,46234.58076834702,46441.0,46446.733,1.0045886050684865,1.0001234469542,1.0044646069721541
Clone3,resnet50_fp64_slow_BS64,resnet50,fp64,slow,64,44181.924526254996,46967.0,46972.329,1.063157150886146,1.000113462643984,1.0630365359501255
Clone3,resnet50_fp64_slow_BS8,resnet50,fp64,slow,8,44722.254256799,45092.0,45097.512,1.0083908503593364,1.0001222389780893,1.0082676007581792
MasterJetson,mobilenet_v2_fp16_fast_BS1,mobilenet_v2,fp16,fast,1,1635.640654362,1654.0,1658.467,1.0139555993409224,1.0027007255139058,1.0112245593731353
MasterJetson,mobilenet_v2_fp16_fast_BS16,mobilenet_v2,fp16,fast,16,1193.7160136499988,1216.0,1219.196,1.021345098883353,1.0026282894736842,1.0186677451715371
MasterJetson,mobilenet_v2_fp16_fast_BS4,mobilenet_v2,fp16,fast,4,1580.3150816639973,1600.0,1603.993,1.01498303636454,1.002495625,1.0124563250483414
MasterJetson,mobilenet_v2_fp16_fast_BS8,mobilenet_v2,fp16,fast,8,831.0962910689996,845.0,848.687,1.021165668912292,1.0043633136094674,1.016729359859273
MasterJetson,mobilenet_v2_fp16_medium_BS1,mobilenet_v2,fp16,medium,1,2250.390240014007,2264.0,2267.525,1.0076141282882058,1.0015569787985865,1.0060477332970963
MasterJetson,mobilenet_v2_fp16_medium_BS16,mobilenet_v2,fp16,medium,16,832.4188430600002,851.0,853.489,1.0253119653833702,1.002924794359577,1.0223218841030735
MasterJetson,mobilenet_v2_fp16_medium_BS4,mobilenet_v2,fp16,medium,4,1046.999394126,1063.0,1066.035,1.0181811049565033,1.0028551269990593,1.0152823449218487
MasterJetson,mobilenet_v2_fp16_medium_BS8,mobilenet_v2,fp16,medium,8,962.5633449829766,978.0,980.916,1.0190664387052346,1.0029815950920247,1.0160370276901582
MasterJetson,mobilenet_v2_fp16_slow_BS1,mobilenet_v2,fp16,slow,1,3374.4393325810015,3395.0,3399.109,1.007310745575067,1.0012103092783504,1.0060930618074773
MasterJetson,mobilenet_v2_fp16_slow_BS16,mobilenet_v2,fp16,slow,16,1229.4438700430328,1252.0,1255.165,1.0209209469286848,1.0025279552715656,1.0183466122419869
MasterJetson,mobilenet_v2_fp16_slow_BS4,mobilenet_v2,fp16,slow,4,1571.2750119080301,1592.0,1595.25,1.0152583016405616,1.0020414572864322,1.0131899177005323
MasterJetson,mobilenet_v2_fp16_slow_BS8,mobilenet_v2,fp16,slow,8,1287.0361192839991,1309.0,1311.186,1.0187639494759757,1.0016699770817417,1.0170654734446922
MasterJetson,mobilenet_v2_fp32_fast_BS1,mobilenet_v2,fp32,fast,1,3000.4540758850053,3021.0,3024.175,1.0079057780972696,1.0010509764978484,1.0068476049275756
MasterJetson,mobilenet_v2_fp32_fast_BS16,mobilenet_v2,fp32,fast,16,1374.446809006,1398.0,1401.567,1.019731713745702,1.0025515021459228,1.0171364878143474
MasterJetson,mobilenet_v2_fp32_fast_BS4,mobilenet_v2,fp32,fast,4,1490.1942959750013,1512.0,1514.209,1.0161151496082506,1.001460978835979,1.0146327925720127
MasterJetson,mobilenet_v2_fp32_fast_BS8,mobilenet_v2,fp32,fast,8,1397.8848799879997,1420.0,1422.66,1.0177232906419398,1.0018732394366199,1.0158204157785797
MasterJetson,mobilenet_v2_fp32_medium_BS1,mobilenet_v2,fp32,medium,1,1910.718274687999,1924.0,1927.141,1.0085950532475452,1.0016325363825365,1.0069511688289943
MasterJetson,mobilenet_v2_fp32_medium_BS16,mobilenet_v2,fp32,medium,16,971.4933211809985,990.0,993.109,1.022249951026657,1.0031404040404042,1.0190497231586768
MasterJetson,mobilenet_v2_fp32_medium_BS4,mobilenet_v2,fp32,medium,4,1187.643687806005,1202.0,1205.807,1.0152935702689998,1.0031672212978369,1.0120880633993148
MasterJetson,mobilenet_v2_fp32_medium_BS8,mobilenet_v2,fp32,medium,8,1172.2267427159823,1188.0,1191.93,1.0168084011104939,1.0033080808080808,1.013455807404182
MasterJetson,mobilenet_v2_fp32_slow_BS1,mobilenet_v2,fp32,slow,1,3042.2860516530054,3060.0,3064.073,1.00716137403817,1.001331045751634,1.0058225781686012
MasterJetson,mobilenet_v2_fp32_slow_BS16,mobilenet_v2,fp32,slow,16,1410.657963251011,1435.0,1438.492,1.0197312441953275,1.002433449477352,1.0172558035917438
MasterJetson,mobilenet_v2_fp32_slow_BS4,mobilenet_v2,fp32,slow,4,1589.4051797419997,1608.0,1612.137,1.0143020927248332,1.0025727611940298,1.0116992322001988
MasterJetson,mobilenet_v2_fp32_slow_BS8,mobilenet_v2,fp32,slow,8,1479.2343672260176,1501.0,1504.285,1.016934863960036,1.002188540972685,1.0147141205316903
MasterJetson,mobilenet_v2_fp64_fast_BS1,mobilenet_v2,fp64,fast,1,2959.8446640309994,2976.0,2979.826,1.0067508056121393,1.00128561827957,1.0054581702091754
MasterJetson,mobilenet_v2_fp64_fast_BS16,mobilenet_v2,fp64,fast,16,5502.300555191003,5593.0,5596.885,1.0171899815105092,1.0006946182728411,1.0164839132103443
MasterJetson,mobilenet_v2_fp64_fast_BS4,mobilenet_v2,fp64,fast,4,3175.4318561570008,3198.0,3201.461,1.0081970405985976,1.001082238899312,1.0071071101082647
MasterJetson,mobilenet_v2_fp64_fast_BS8,mobilenet_v2,fp64,fast,8,5877.146436534997,5935.0,5938.171,1.0103833661665544,1.0005342881213142,1.0098438186098886
MasterJetson,mobilenet_v2_fp64_medium_BS1,mobilenet_v2,fp64,medium,1,3072.302899011993,3089.0,3091.944,1.00639295721601,1.0009530592424734,1.0054347183649688
MasterJetson,mobilenet_v2_fp64_medium_BS16,mobilenet_v2,fp64,medium,16,2930.5197848109965,2981.0,2984.656,1.0184732467835889,1.0012264340825225,1.0172256865320086
MasterJetson,mobilenet_v2_fp64_medium_BS4,mobilenet_v2,fp64,medium,4,3175.6403756679993,3198.0,3201.354,1.0080971461784591,1.0010487804878048,1.0070409812469074
MasterJetson,mobilenet_v2_fp64_medium_BS8,mobilenet_v2,fp64,medium,8,3115.9744226460025,3147.0,3151.418,1.011374797269324,1.0014038767079758,1.009956942242052
MasterJetson,mobilenet_v2_fp64_slow_BS1,mobilenet_v2,fp64,slow,1,5487.426241602021,5509.0,5512.711,1.0046077627807162,1.0006736249773098,1.0039314894539122
MasterJetson,mobilenet_v2_fp64_slow_BS16,mobilenet_v2,fp64,slow,16,5515.792430846999,5607.0,5609.176,1.016930218155193,1.0003880863206707,1.0165357145499028
MasterJetson,mobilenet_v2_fp64_slow_BS4,mobilenet_v2,fp64,slow,4,6032.220511847991,6070.0,6073.624,1.0068637225828678,1.0005970345963755,1.0062629487893895
MasterJetson,mobilenet_v2_fp64_slow_BS8,mobilenet_v2,fp64,slow,8,5870.367962305001,5928.0,5930.83,1.0102995311508989,1.000477395411606,1.009817448934218
MasterJetson,resnet50_fp16_fast_BS1,resnet50,fp16,fast,1,2247.6879641410196,2265.0,2268.185,1.0091191643083846,1.0014061810154524,1.0077021526720664
MasterJetson,resnet50_fp16_fast_BS16,resnet50,fp16,fast,16,1443.4874517499993,1473.0,1476.163,1.0226365308616898,1.0021473183978276,1.0204453098738209
MasterJetson,resnet50_fp16_fast_BS4,resnet50,fp16,fast,4,1629.0588748780428,1652.0,1655.622,1.0163058103863472,1.0021924939467313,1.0140824407734648
MasterJetson,resnet50_fp16_fast_BS8,resnet50,fp16,fast,8,945.1565059389977,964.0,967.962,1.024128801862656,1.004109958506224,1.0199369035102621
MasterJetson,resnet50_fp16_medium_BS1,resnet50,fp16,medium,1,2474.6041619560274,2493.0,2496.732,1.0089419707540142,1.001496991576414,1.0074338507656238
MasterJetson,resnet50_fp16_medium_BS16,resnet50,fp16,medium,16,1099.2822478999733,1121.0,1123.576,1.0220996492451657,1.0022979482604817,1.0197563020248126
MasterJetson,resnet50_fp16_medium_BS4,resnet50,fp16,medium,4,1248.66067474999,1267.0,1270.524,1.0175094208475712,1.0027813733228097,1.0146871969469864
MasterJetson,resnet50_fp16_medium_BS8,resnet50,fp16,medium,8,1103.5639391059958,1121.0,1123.774,1.0183134480729557,1.0024745762711864,1.0157997740558007
MasterJetson,resnet50_fp16_slow_BS1,resnet50,fp16,slow,1,3471.0597068240168,3493.0,3496.889,1.0074413278242387,1.0011133695963355,1.0063209207069672
MasterJetson,resnet50_fp16_slow_BS16,resnet50,fp16,slow,16,1483.149919418036,1511.0,1514.912,1.0214152865911403,1.0025890138980809,1.0187776570779115
MasterJetson,resnet50_fp16_slow_BS4,resnet50,fp16,slow,4,1765.911979202996,1788.0,1791.265,1.0143568994919252,1.001826062639821,1.0125079964670567
MasterJetson,resnet50_fp16_slow_BS8,resnet50,fp16,slow,8,1601.0130739099986,1628.0,1631.815,1.0192390222115906,1.002343366093366,1.016856155973851
MasterJetson,resnet50_fp32_fast_BS1,resnet50,fp32,fast,1,3222.611982806993,3245.0,3248.611,1.0080676846395764,1.0011127889060092,1.006947165005421
MasterJetson,resnet50_fp32_fast_BS16,resnet50,fp32,fast,16,2113.0086035800014,2151.0,2154.707,1.019734134706953,1.0017233844723383,1.0179797641881965
MasterJetson,resnet50_fp32_fast_BS4,resnet50,fp32,fast,4,1441.1338432320044,1460.0,1462.88,1.0150896163254524,1.001972602739726,1.013091189868725
MasterJetson,resnet50_fp32_fast_BS8,resnet50,fp32,fast,8,2229.7828890400124,2260.0,2263.932,1.0153149937277928,1.0017398230088495,1.013551593345035
MasterJetson,resnet50_fp32_medium_BS1,resnet50,fp32,medium,1,2156.5910867159837,2176.0,2178.199,1.0100194763008692,1.0010105698529412,1.008999811509734
MasterJetson,resnet50_fp32_medium_BS16,resnet50,fp32,medium,16,1409.0384748669967,1436.0,1438.776,1.0211048354345402,1.0019331476323121,1.0191346976068545
MasterJetson,resnet50_fp32_medium_BS4,resnet50,fp32,medium,4,1497.3589981650002,1516.0,1519.531,1.0148074054800293,1.002329155672823,1.01244925355766
MasterJetson,resnet50_fp32_medium_BS8,resnet50,fp32,medium,8,1359.7185509210103,1380.0,1382.807,1.0169803148330592,1.0020340579710145,1.0149159170221307
MasterJetson,resnet50_fp32_slow_BS1,resnet50,fp32,slow,1,3180.0969489290146,3203.0,3206.739,1.0083777480683278,1.001167343115829,1.0072019977500053
MasterJetson,resnet50_fp32_slow_BS16,resnet50,fp32,slow,16,2149.9905238349966,2189.0,2192.004,1.019541237833022,1.001372316126085,1.0181440223724434
MasterJetson,resnet50_fp32_slow_BS4,resnet50,fp32,slow,4,2488.215762679989,2515.0,2518.375,1.0121208288173238,1.0013419483101391,1.0107644351915697
MasterJetson,resnet50_fp32_slow_BS8,resnet50,fp32,slow,8,2247.9786453359993,2278.0,2282.138,1.0151955868152363,1.0018165057067603,1.0133548219981037
MasterJetson,resnet50_fp64_fast_BS1,resnet50,fp64,fast,1,25433.438882821,25473.0,25477.536,1.0017338244105396,1.0001780708985986,1.0015554765268382
MasterJetson,resnet50_fp64_fast_BS16,resnet50,fp64,fast,16,41808.366200099,42482.0,42486.95,1.016230813628383,1.0001165199378559,1.0161124162727844
MasterJetson,resnet50_fp64_fast_BS4,resnet50,fp64,fast,4,23320.831041725993,23428.0,23431.626,1.0047509009467017,1.0001547720676114,1.004595417636801
MasterJetson,resnet50_fp64_fast_BS8,resnet50,fp64,fast,8,44741.972918035,45112.0,45117.415,1.0083912723887432,1.0001200345805994,1.0082702450927425
MasterJetson,resnet50_fp64_medium_BS1,resnet50,fp64,medium,1,25441.661034898993,25485.0,25489.567,1.0018829731689016,1.0001792034530115,1.0017034644491787
MasterJetson,resnet50_fp64_medium_BS16,resnet50,fp64,medium,16,21130.742960348958,21472.0,21476.532,1.016364263211185,1.0002110655737704,1.0161497889729385
MasterJetson,resnet50_fp64_medium_BS4,resnet50,fp64,medium,4,23322.019028580995,23427.0,23431.275,1.0046846703660226,1.0001824817518248,1.004501367196826
MasterJetson,resnet50_fp64_medium_BS8,resnet50,fp64,medium,8,22821.269572968013,23013.0,23016.575,1.0085580439075716,1.0001553469777953,1.0084013917989512
MasterJetson,resnet50_fp64_slow_BS1,resnet50,fp64,slow,1,50235.582863460004,50304.0,50310.213,1.001485603078257,1.0001235090648857,1.0013619258031892
MasterJetson,resnet50_fp64_slow_BS16,resnet50,fp64,slow,16,41808.81586986,42483.0,42487.829,1.0162409079523704,1.0001136689970105,1.0161254059966338
MasterJetson,resnet50_fp64_slow_BS4,resnet50,fp64,slow,4,46165.67592122499,46369.0,46374.238,1.0045176871043953,1.000112963402273,1.004404226185748
MasterJetson,resnet50_fp64_slow_BS8,resnet50,fp64,slow,8,44709.302912920015,45078.0,45084.416,1.008390045530582,1.0001423310705888,1.008246540721024
