iter,batch,latency_ms,img_per_s,acc_top1
0,128,1418.9732529994217,90.20606958547947,0.9453125
1,128,1436.8592070004524,89.08318878869785,0.859375
2,128,1430.2853219996905,89.49263341459901,0.828125
3,128,1438.0895480007894,89.00697468940213,0.921875
4,128,1432.4783140000363,89.35562845804921,0.984375
5,128,1427.5427159991523,89.6645673474026,0.9765625
6,128,1421.4873099990655,90.04653020791592,0.9453125
7,128,1435.1825199992163,89.18726239786552,0.9609375
8,128,1425.583235000886,89.78781235451359,0.9375
9,128,1421.4235630006442,90.05056855100268,0.96875
10,128,1426.414523000858,89.7354856782561,0.7578125
11,128,1430.4031179999583,89.48526355211966,0.8984375
12,128,1434.7827640012838,89.21211155550616,0.7265625
13,128,1436.6537620007875,89.09592790244601,0.7421875
14,128,1431.1231390001922,89.44024208107142,0.7421875
15,128,1431.0419199991884,89.44531827556288,0.8203125
16,128,1434.4782440002746,89.23105005974249,0.890625
17,128,1437.858884999514,89.02125329221252,0.8125
18,128,1427.1654570002283,89.68826940994236,0.6875
19,128,1420.5020009994769,90.10898957547272,0.890625
20,128,1426.219189999756,89.74777572584891,0.8828125
21,128,1427.701023998452,89.65462505694664,0.71875
22,128,1430.2831789991615,89.49276750186478,0.8984375
23,128,1421.8215589989995,90.02536161437546,0.6328125
24,128,1432.1356479995302,89.37700851088792,0.78125
25,128,1429.4052010009182,89.54773629644697,0.7421875
26,128,1423.1477410012303,89.94147010341166,0.640625
27,128,1418.7070699990727,90.22299437760867,0.9609375
28,128,1422.3072690001572,89.99461845539219,0.71875
29,128,1431.7221960009192,89.40281875738819,0.828125
30,128,1430.852475001302,89.45716084384138,0.7890625
31,128,1430.3501240010519,89.4885789515308,0.9140625
32,128,1428.4693989993684,89.60639975183437,0.9296875
33,128,1437.5695639992045,89.03916944646083,0.8984375
34,128,1426.7429170013202,89.71483122483345,0.9765625
35,128,1437.100269999064,89.06824573909749,0.953125
36,128,1425.5584349994024,89.78937436545957,0.96875
37,128,1423.3655389998603,89.92770760063523,0.953125
38,128,1427.0890389998385,89.6930720522579,0.8828125
39,128,1428.0849710012262,89.63052101182717,0.84375
40,128,1440.4897119984525,88.8586700299443,0.8984375
41,128,1431.9787789991096,89.38679949535732,0.8984375
42,128,1452.0387159991515,88.1519194974928,0.8671875
43,128,1437.9642960011552,89.01472752554155,0.90625
44,128,1442.1596489992226,88.75577685787061,0.8671875
45,128,1431.865304000894,89.39388337879586,0.9296875
46,128,1442.7267369992478,88.72088990755755,0.8046875
47,128,1442.0662379998248,88.76152608463991,0.8359375
48,128,1434.8774229983974,89.20622622420547,0.8515625
49,128,1445.6050589997176,88.54423910813459,0.8828125
50,128,1438.046889999896,89.00961497855558,0.9609375
51,128,1429.8400619991298,89.5205019091694,0.9375
52,128,1432.95051899986,89.32618279753211,0.8828125
53,128,1439.210827998977,88.93762992178584,0.96875
54,128,1438.542073001372,88.97897559085011,0.953125
55,128,1436.7521650001436,89.08982573204419,0.9375
56,128,1433.6750840011518,89.28103824108668,0.984375
57,128,1430.0491560006776,89.50741270878338,0.953125
58,128,1435.9075640004448,89.14222837812166,0.9375
59,128,1435.0016829994274,89.19850165782076,0.8046875
60,128,1421.6032809999888,90.03918442700964,0.8671875
61,128,1420.050499998979,90.13763947133714,0.8515625
62,128,1428.347795001173,89.61402849359591,0.8671875
63,128,1422.5960459989437,89.97635018036247,0.765625
64,128,1434.9659370000154,89.20072365452855,0.7734375
65,128,1426.9763640004385,89.70015427666934,0.59375
66,128,1434.0832559992123,89.2556268714083,0.875
67,128,1419.8356779997994,90.1512773508556,0.828125
68,128,1433.6897080011113,89.28012755177063,0.8671875
69,128,1437.754369000686,89.02772459593821,0.9375
70,128,1436.370714000077,89.1134849467511,0.796875
71,128,1434.2866530005267,89.24296948048989,0.921875
72,128,1424.848877999466,89.83408835589368,0.78125
73,128,1440.0659559996711,88.88481771735546,0.7890625
74,128,1418.7182699988625,90.22228211673247,0.8515625
75,128,1427.5987179989897,89.66104997587325,0.71875
76,128,1431.7195399999036,89.40298460968732,0.84375
77,128,1428.8674580002407,89.58143688088559,0.8671875
78,128,1422.538220000206,89.9800077076182,0.796875
79,128,1436.8900249992294,89.08127815840928,0.8125
80,128,1440.4308310004126,88.86230233707302,0.8515625
81,128,1445.466432000103,88.5527309152973,0.890625
82,128,1447.1164629994746,88.45176132865711,0.8671875
83,128,1445.7466320000094,88.53556852000273,0.875
84,128,1434.006548999605,89.260401278708,0.9296875
85,128,1432.3809669986076,89.36170121571045,0.890625
86,128,1431.0912979999557,89.44223207763783,0.78125
87,128,1452.716944999338,88.11076406908596,0.8828125
88,128,1447.1198549999826,88.45155400068886,0.734375
89,128,1435.1323419996334,89.19038074332012,0.9453125
90,128,1440.489295999214,88.85869569146028,0.7578125
91,128,1450.4284949998691,88.24978304084652,0.8984375
92,128,1435.2580419999867,89.18256944349606,0.859375
93,128,1451.634192999336,88.17648455602242,0.734375
94,128,1446.1244659996737,88.51243652220242,0.703125
95,128,1436.9223459998466,89.07927443423144,0.921875
96,128,1428.571993001242,89.59996459897609,0.84375
97,128,1431.0311040007946,89.44599431986136,0.6171875
98,128,1427.4597370003903,89.66977959670817,0.921875
99,128,1422.0635820001917,90.01004007145916,0.953125
100,128,1419.6630330006883,90.16224063357572,0.8671875
101,128,1423.5885540001618,89.91361980280817,0.953125
102,128,1437.2035050000704,89.06184792528302,0.9453125
103,128,1418.4100370002852,90.24188821358027,0.7109375
104,128,1429.6743610011617,89.53087744426298,0.890625
105,128,1431.3091280000663,89.42861992283338,0.828125
106,128,1439.4207530003769,88.92465926532775,0.6875
107,128,1427.867429001708,89.6441766232395,0.9609375
108,128,1423.0621709994011,89.94687836449688,0.7109375
109,128,1424.7082659985608,89.84295455763805,0.84375
110,128,1432.7668980004091,89.33763069110454,0.625
111,128,1429.077672000858,89.56825965994321,0.8203125
112,128,1435.884716000146,89.14364682184345,0.859375
113,128,1426.4062989986996,89.73600305176211,0.8984375
114,128,1439.0049970006658,88.95035129606349,0.953125
115,128,1432.4500570000964,89.35739111774937,0.9453125
116,128,1431.573648000267,89.41209568840577,0.8203125
117,128,1424.142073999974,89.87867315828093,0.9375
118,128,1442.9608560003544,88.70649502911294,0.7265625
119,128,1451.5880789986113,88.17928574358487,0.9375
120,128,1431.7887580000388,89.39866253650004,0.890625
121,128,1441.0402880002948,88.82471993730533,0.7265625
122,128,1435.6119399999443,89.16058471901883,0.7890625
123,128,1432.0143639997696,89.38457826811337,0.921875
124,128,1448.5888889994385,88.36185405813202,0.859375
125,128,1438.834496000709,88.96089185780609,0.9609375
126,128,1434.3780480012356,89.23728314049724,0.953125
127,128,1444.021941999381,88.64131234929314,0.9453125
128,128,1445.4052780001803,88.55647751411078,0.8671875
129,128,1438.0580270008068,89.00892564603598,0.90625
130,128,1438.0589230004261,89.00887018797218,0.9609375
131,128,1443.0273539983318,88.70240723111613,0.890625
132,128,1444.3766080003115,88.61954651648055,0.921875
133,128,1449.5285960001638,88.3045704329006,0.7734375
134,128,1424.3026860003738,89.86853795764478,0.9140625
135,128,1419.7742039996228,90.15518076002034,0.796875
136,128,1421.518446999471,90.04455782489583,0.8515625
137,128,1419.9201920000633,90.14591152457835,0.921875
138,128,1425.73674400046,89.7781449055217,0.921875
139,128,1433.2463999999163,89.30774219981119,0.6484375
140,128,1436.6777300001559,89.09444152098474,0.765625
141,128,1427.659038999991,89.65726164537021,0.9140625
142,128,1425.9256130007998,89.76625346579577,0.9609375
143,128,1423.0050169990136,89.95049101790252,0.8671875
144,128,1425.7544409992988,89.77703054551661,0.7890625
145,128,1434.566566000285,89.22555636918041,0.8203125
146,128,1432.0564459994785,89.38195163855058,0.8359375
147,128,1421.3013199987472,90.0583136024336,0.859375
148,128,1425.1895920006064,89.8126121032924,0.7578125
149,128,1432.5543800005107,89.35088383866751,0.65625
150,128,1433.9274119993206,89.26532746977058,0.7734375
151,128,1431.6071209996153,89.41000510714447,0.8828125
152,128,1422.1160639990558,90.00671832653245,0.875
153,128,1436.1606599995866,89.12651875594256,0.9375
154,128,1424.5601660004468,89.8522948029419,0.890625
155,128,1427.7560979990085,89.65116673596508,0.890625
156,128,1420.3817419984262,90.11661880411712,0.75
157,128,1442.3328369994124,88.74511951505417,0.796875
158,128,1445.2379450012813,88.56673078832463,0.796875
159,128,1438.1704780007567,89.00196601027201,0.84375
160,128,1445.4014700004336,88.55671082163877,0.84375
161,128,1431.1645800007682,89.43765223698541,0.5625
162,128,1439.9014079990593,88.89497523158448,0.71875
163,128,1434.337343000152,89.23981560172378,0.8125
164,128,1453.072410000459,88.08920953908935,0.84375
165,128,1439.46590700034,88.92186982513215,0.7109375
166,128,1436.2587420000636,89.12043231274154,0.8828125
167,128,1436.4982699989923,89.10557198240816,0.8203125
168,128,1446.067184999265,88.51594263932147,0.8828125
169,128,1443.3779240007425,88.68086304466311,0.78125
170,128,1441.8888569998671,88.77244551728427,0.640625
171,128,1434.9178400007077,89.20371357285298,0.78125
172,128,1436.6414420001092,89.09669194966065,0.8125
173,128,1444.745803000842,88.59690039184382,0.7734375
174,128,1438.2445279989042,88.99738362161008,0.6796875
175,128,1432.4115269992035,89.35979471496614,0.8984375
176,128,1419.2722059997323,90.1870687376965,0.859375
177,128,1426.1449149998953,89.7524498763924,0.734375
178,128,1418.9946289989166,90.20471070443898,0.8125
179,128,1422.2023380007158,90.00125831598483,0.75
180,128,1432.482666001306,89.3553569882313,0.6015625
181,128,1428.562649000014,89.6005506581033,0.6796875
182,128,1427.8846770012024,89.64309377478683,0.8828125
183,128,1425.8789560008154,89.76919075866269,0.71875
184,128,1419.721019001372,90.15855811590002,0.8828125
185,128,1426.144787999874,89.75245786896309,0.875
186,128,1434.0479910006252,89.25782177672197,0.8125
187,128,1431.969723000293,89.38736479135306,0.6171875
188,128,1421.4227640004538,90.05061916959643,0.6015625
189,128,1424.137594000058,89.87895589532116,0.734375
190,128,1430.700214999888,89.46668118031283,0.6640625
191,128,1431.3192719982908,89.4279861272998,0.84375
192,128,1428.6482509996858,89.59518195639338,0.671875
193,128,1430.9431339988805,89.45149318568248,0.8359375
194,128,1435.409597999751,89.1731532089297,0.734375
195,128,1426.5524479997111,89.72680967985407,0.703125
196,128,1437.948871000117,89.01568239416879,0.65625
197,128,1430.6030280004052,89.47275903568391,0.65625
198,128,1428.836865001358,89.58335491986227,0.78125
199,128,1428.7564149999525,89.5883991534024,0.8671875
200,128,1440.133349999087,88.88065816966267,0.875
201,128,1439.4160489991918,88.92494987046783,0.6328125
202,128,1439.6076389984955,88.91311530483881,0.828125
203,128,1429.1353699991305,89.564643550931,0.84375
204,128,1446.231412999623,88.50589113848363,0.6796875
205,128,1437.3866470014036,89.05050027216164,0.671875
206,128,1428.621529999873,89.59685774860986,0.765625
207,128,1431.1563880000904,89.43816418195097,0.65625
208,128,1432.9115100008494,89.32861457713054,0.8203125
209,128,1434.3063659998734,89.24174293179655,0.796875
210,128,1433.4363899997697,89.29590520582539,0.796875
211,128,1439.7672600007354,88.903257877898,0.7109375
212,128,1436.0456480007997,89.13365684314843,0.7578125
213,128,1420.1611599983153,90.1306158803497,0.84375
214,128,1423.6621880008897,89.90896933192975,0.796875
215,128,1429.9519369997142,89.51349810299644,0.8046875
216,128,1435.1092380002228,89.19181663018472,0.9375
217,128,1424.8716310012242,89.83265384409216,0.703125
218,128,1430.9406060001493,89.45165121688261,0.734375
219,128,1418.165934001081,90.257421174173,0.9453125
220,128,1419.8905590001232,90.1477928623856,0.9296875
221,128,1430.0018579997413,89.5103732096152,0.7578125
222,128,1433.8026400000672,89.27309549380799,0.9296875
223,128,1433.4589179998147,89.29450184634908,0.8359375
224,128,1423.2586570014973,89.93446087281754,0.90625
225,128,1428.0404259989155,89.63331686528684,0.875
226,128,1432.3947270004282,89.36084278112658,0.796875
227,128,1425.3882209995936,89.80009664331055,0.7890625
228,128,1420.3532289993746,90.1184278576779,0.640625
229,128,1424.6392080003716,89.84730960736454,0.7421875
230,128,1418.72393399899,90.22192192049896,0.71875
231,128,1432.4829219985986,89.35534101964339,0.84375
232,128,1431.0429439992731,89.4452542718837,0.9140625
233,128,1431.368425999608,89.42491511967657,0.765625
234,128,1436.405755001033,89.11131103057154,0.5859375
235,128,1442.22413100033,88.75180857722779,0.890625
236,128,1430.4259669988824,89.48383415364832,0.9296875
237,128,1443.2366069995624,88.68954638429484,0.828125
238,128,1439.9585609990027,88.89144692552625,0.8671875
239,128,1447.9489349996584,88.40090759142014,0.9296875
240,128,1443.5825370001112,88.668293443058,0.875
241,128,1444.2784300008498,88.62557062485845,0.640625
242,128,1434.200282999882,89.24834384516053,0.578125
243,128,1446.3054000007105,88.5013635432303,0.5078125
244,128,1439.6864569989702,88.90824761025834,0.8203125
245,128,1438.2454229998984,88.99732823972215,0.875
246,128,1441.7417799995746,88.78150149747188,0.734375
247,128,1444.6040380007616,88.60559477401414,0.625
248,128,1438.197774999935,89.00027675262241,0.7734375
249,128,1429.9722889991244,89.51222410721721,0.4140625
250,128,1432.7044320016284,89.34152581713694,0.8984375
251,128,1441.7836379998334,88.77892398444237,0.734375
252,128,1436.2150609995297,89.12314281881905,0.875
253,128,1427.6415029999043,89.65836292306821,0.7578125
254,128,1434.4965479995153,89.22991148253585,0.6875
255,128,1420.5402099996718,90.10656586766352,0.796875
256,128,1428.2981300002575,89.61714456629367,0.5234375
257,128,1426.8030150014965,89.71105236966838,0.84375
258,128,1426.2191260004329,89.74777975313812,0.8125
259,128,1428.3501310001157,89.61388193409955,0.578125
260,128,1419.866270998682,90.14933491586463,0.7890625
261,128,1432.8861340000003,89.33019656117348,0.9453125
262,128,1423.3801319987833,89.92678562982036,0.8671875
263,128,1431.7990620002092,89.39801917538992,0.703125
264,128,1435.9847510004329,89.13743680831149,0.6640625
265,128,1422.0094680003967,90.01346536742207,0.90625
266,128,1421.8089189998864,90.02616194730048,0.6328125
267,128,1439.2610369995964,88.93452730912487,0.9140625
268,128,1423.5107919994334,89.91853150632872,0.875
269,128,1428.4613020008692,89.60690767100817,0.65625
270,128,1425.8466669998597,89.77122362625867,0.6875
271,128,1422.7041759986605,89.96951169427123,0.828125
272,128,1425.7856410004024,89.7750659841046,0.765625
273,128,1425.5468179999298,89.79010607283072,0.84375
274,128,1430.4775199998403,89.48060924439714,0.875
275,128,1444.310750999648,88.62358734878045,0.71875
276,128,1436.8504710000707,89.08373041135587,0.78125
277,128,1444.8058689995378,88.59321708641325,0.765625
278,128,1439.0128049999475,88.94986865666193,0.84375
279,128,1442.5126500009355,88.73405720214446,0.84375
280,128,1450.521425000261,88.24412917580791,0.7578125
281,128,1443.5922659995413,88.66769586866204,0.890625
282,128,1444.147898000665,88.63358121229011,0.8671875
283,128,1433.1371799999033,89.31454838120146,0.7578125
284,128,1439.4688829997904,88.92168598549597,0.6640625
285,128,1432.480712999677,89.35547881266926,0.7734375
286,128,1428.1144439992204,89.62867124399021,0.75
287,128,1441.1919720005244,88.8153712251968,0.7890625
288,128,1443.346849999216,88.68277226646494,0.84375
289,128,1440.1872399994318,88.87733236690147,0.7109375
290,128,1441.527117998703,88.79472220939181,0.5546875
291,128,1427.414839999983,89.67260001304282,0.8203125
292,128,1419.7540109998954,90.15646302689645,0.703125
293,128,1423.115132998646,89.94353094277847,0.75
294,128,1427.1641129998898,89.68835387189272,0.828125
295,128,1432.749554000111,89.33871215847546,0.859375
296,128,1421.187877000193,90.06550229669783,0.84375
297,128,1428.5139120001986,89.60360758459467,0.7578125
298,128,1426.9725550002477,89.70039371218165,0.734375
299,128,1427.094319000389,89.69274020350515,0.796875
300,128,1434.1141370005062,89.25370491620419,0.84375
301,128,1436.4670680006384,89.10750747537716,0.7578125
302,128,1434.8678549995384,89.20682106997315,0.7734375
303,128,1433.551431999149,89.2887392407669,0.765625
304,128,1434.3844800005172,89.236882986878,0.8671875
305,128,1424.5105650006735,89.85542343095186,0.640625
306,128,1423.1036119999771,89.94425909727931,0.75
307,128,1437.0554689994606,89.07102249095442,0.84375
308,128,1436.2311250006314,89.12214599160961,0.8046875
309,128,1422.4852259994805,89.98335986938872,0.8203125
310,128,1427.9532549990108,89.63878863113672,0.828125
311,128,1430.2764909989492,89.49318597175632,0.796875
312,128,1420.4242379983043,90.11392271113358,0.78125
313,128,1429.368623999835,89.55002778906302,0.8984375
314,128,1440.533905999473,88.85594394336097,0.8203125
315,128,1434.7509230010473,89.2140914133474,0.7734375
316,128,1436.4177229999768,89.11056856961522,0.53125
317,128,1442.5424760011083,88.7322225372736,0.7109375
318,128,1437.6379510013066,89.03493394206012,0.8671875
319,128,1436.6712030005147,89.09484628958221,0.5546875
320,128,1441.8556399996305,88.77449062794719,0.875
321,128,1438.545625000188,88.97875588755363,0.8359375
322,128,1438.344178999614,88.99121772719626,0.7578125
323,128,1437.2063540013187,89.06167137630297,0.765625
324,128,1434.9148959990998,89.20389659128628,0.796875
325,128,1442.4594970005273,88.7373269517551,0.859375
326,128,1439.7598350005865,88.90371636179715,0.5234375
327,128,1440.651988999889,88.84866086837427,0.4921875
328,128,1432.2854759993788,89.3676589931821,0.7109375
329,128,1436.6141770005925,89.09838288470907,0.765625
330,128,1434.0701040000567,89.25644544361475,0.640625
331,128,1430.6531740003265,89.46962291502999,0.7109375
332,128,1425.2543300008256,89.80853262864731,0.8046875
333,128,1433.6894850002864,89.28014143869824,0.90625
334,128,1424.1664580003999,89.87713429209555,0.703125
335,128,1425.7151430010708,89.77950513351871,0.75
336,128,1428.5020389997953,89.60435232533703,0.6875
337,128,1435.1656550006737,89.18831046018859,0.859375
338,128,1428.4705179998127,89.60632955815528,0.8125
339,128,1431.5028940000047,89.41651500426487,0.7578125
340,128,1433.3849959984946,89.29910690940038,0.84375
341,128,1421.873848999894,90.0220508943403,0.953125
342,128,1430.5876350008475,89.47372175485367,0.6875
343,128,1427.8725490003126,89.64385518134362,0.8515625
344,128,1426.535550999688,89.72787247419114,0.84375
345,128,1432.4519769998005,89.35727134677816,0.6015625
346,128,1433.067067000593,89.31891810751314,0.765625
347,128,1430.478768001194,89.48053117828111,0.8671875
348,128,1430.3091629990377,89.49114171345494,0.765625
349,128,1424.770764000641,89.83901356916277,0.7734375
350,128,1421.7320839998138,90.03102725226026,0.8203125
351,128,1424.9517610005569,89.82760224116105,0.609375
352,128,1436.3599619991874,89.11415201370839,0.8046875
353,128,1428.8058239999373,89.58530113046741,0.671875
354,128,1439.0369989996543,88.94837317524089,0.53125
355,128,1450.587026998619,88.24013838372888,0.59375
356,128,1438.494071000605,88.98194478546876,0.7734375
357,128,1449.9283829991327,88.2802223205231,0.9140625
358,128,1433.0527299989626,89.3198117002245,0.8828125
359,128,1441.3592100008827,88.80506615691006,0.8125
360,128,1434.7797560003528,89.21229858777609,0.71875
361,128,1452.631341999222,88.11595640214993,0.765625
362,128,1440.1371900003141,88.88042117707694,0.8359375
363,128,1436.7709180005477,89.08866291512118,0.8046875
364,128,1446.3395769998897,88.49927225631727,0.8984375
365,128,1447.6203810008883,88.4209711882479,0.8203125
366,128,1434.2945580010564,89.24247762495222,0.8984375
367,128,1454.8983509994287,87.97865494319353,0.8828125
368,128,1436.2082129991904,89.12356776786665,0.796875
369,128,1419.5481820006535,90.16953536554286,0.8671875
370,128,1425.5743710000388,89.78837064123715,0.65625
371,128,1433.5234640002454,89.29048126133642,0.8125
372,128,1423.9160190008988,89.89294192350764,0.921875
373,128,1426.803270000164,89.71103633648477,0.9609375
374,128,1427.7688020010828,89.6503690377617,0.9140625
375,128,1427.927238999473,89.64042179746333,0.625
376,128,1428.6345229993458,89.59604289225105,0.828125
377,128,1420.4966249999416,90.10933060119397,0.78125
378,128,1435.065843999837,89.19451364213121,0.5390625
379,128,1436.475963999328,89.10695563859771,0.734375
380,128,1422.671023001385,89.9716082850697,0.8359375
381,128,1430.8918369988533,89.45469999218577,0.578125
382,128,1427.2834759995021,89.68085327994413,0.7109375
383,128,1433.0781070002558,89.31823002162237,0.796875
384,128,1434.0557670002454,89.25733778662605,0.953125
385,128,1434.3494070017186,89.2390650250024,0.765625
386,128,1417.554907999147,90.29632593256629,1.0
387,128,1432.3422770012257,89.36411502701911,0.9375
388,128,1435.8764270000393,89.14416142859103,0.953125
389,128,1430.678293998426,89.46805199809708,0.8359375
390,80,1425.6561330003024,56.11451327441737,0.525
