sample_index,elapsed_s,power_W
0,0.0,4.75
1,1.0,4.79
2,2.0,5.193
3,3.0,5.434
4,4.0,5.313
5,5.0,5.233
6,6.0,5.273
7,7.0,5.273
8,8.0,5.313
9,9.0,5.273
10,10.0,5.434
11,11.0,5.635
12,12.0,6.993
13,13.0,6.832
14,14.0,6.078
15,15.0,7.395
16,16.0,6.521
17,17.0,5.957
18,18.0,7.314
19,19.0,6.481
20,20.0,5.998
21,21.0,7.073
22,22.0,6.4
23,24.0,5.998
24,25.0,7.234
25,26.0,6.32
26,27.0,5.957
27,28.0,7.194
28,29.0,6.279
29,30.0,6.642
30,31.0,7.154
31,32.0,6.239
32,33.0,6.682
33,34.0,7.113
34,35.0,6.118
35,36.0,6.843
36,37.0,6.913
37,38.0,6.078
38,39.0,7.475
39,40.0,6.792
40,41.0,6.078
41,42.0,7.194
42,43.0,6.671
43,44.0,6.038
44,45.0,7.395
45,46.0,6.561
46,47.0,5.957
47,48.0,7.314
48,49.0,6.4
49,50.0,6.038
50,51.0,7.355
51,52.0,6.44
52,53.0,5.957
53,54.0,7.314
54,55.0,6.279
55,56.0,6.682
56,57.0,7.154
57,58.0,6.279
58,59.0,6.642
59,60.0,7.073
60,61.0,6.159
61,62.0,7.355
62,63.0,6.792
63,64.0,6.159
64,65.0,7.274
65,66.0,6.752
66,67.0,6.038
67,68.0,7.395
68,69.0,6.521
69,70.0,5.957
70,71.0,7.274
71,72.0,6.4
72,73.0,5.998
73,74.0,7.314
74,75.0,6.4
75,76.0,5.957
76,77.0,7.274
77,78.0,6.279
78,79.0,6.642
79,80.0,7.154
80,81.0,6.239
81,82.0,6.642
82,83.0,7.033
83,84.0,6.159
84,85.0,7.314
85,86.0,6.792
86,87.0,6.118
87,88.0,7.274
88,89.0,6.763
89,90.0,6.038
90,91.0,7.395
91,92.0,6.521
92,93.0,5.998
93,94.0,7.274
94,95.0,6.481
95,96.0,5.998
96,97.0,7.355
97,98.0,6.4
98,99.0,6.038
99,100.0,7.274
100,101.0,6.32
101,102.0,6.642
102,103.0,7.194
103,104.0,6.239
104,105.0,6.682
105,106.0,6.993
106,107.0,6.199
107,108.0,7.314
108,109.0,6.832
109,110.0,6.118
110,111.0,7.314
111,112.0,6.752
112,113.0,6.078
113,114.0,7.395
114,115.0,6.561
115,116.0,5.957
116,117.0,7.274
117,118.0,6.4
118,119.0,5.998
119,120.0,7.355
120,122.0,6.36
121,123.0,5.957
122,124.0,7.234
123,125.0,6.32
124,126.0,6.601
125,127.0,7.194
126,128.0,6.199
127,129.0,6.642
128,130.0,6.993
129,131.0,6.159
130,132.0,7.355
131,133.0,6.832
132,134.0,6.118
133,135.0,7.234
134,136.0,6.712
135,137.0,6.038
136,138.0,7.435
137,139.0,6.591
138,140.0,5.998
139,141.0,7.274
140,142.0,6.4
141,143.0,6.038
142,144.0,7.355
143,145.0,6.4
144,146.0,5.957
145,147.0,7.274
146,148.0,6.32
147,149.0,6.642
148,150.0,7.194
149,151.0,6.239
150,152.0,6.682
151,153.0,7.033
152,154.0,6.159
153,155.0,7.395
154,156.0,6.832
155,157.0,6.159
156,158.0,5.676
157,159.0,7.274
158,160.0,6.36
159,161.0,5.917
160,162.0,5.796
161,163.0,7.234
162,164.0,6.32
163,165.0,5.595
164,166.0,5.716
165,167.0,7.314
166,168.0,6.36
167,169.0,5.716
168,170.0,6.642
169,171.0,7.113
170,172.0,6.118
171,173.0,5.515
172,174.0,7.435
173,175.0,6.913
174,176.0,6.118
175,177.0,5.434
176,178.0,7.515
177,179.0,6.561
178,180.0,5.957
179,181.0,5.676
180,182.0,7.194
181,183.0,6.32
182,184.0,5.837
183,185.0,5.837
184,186.0,7.234
185,187.0,6.239
186,188.0,5.595
187,189.0,6.883
188,190.0,6.872
189,191.0,6.038
190,192.0,5.515
191,193.0,7.274
192,194.0,6.521
193,195.0,5.957
194,196.0,5.756
195,197.0,7.113
196,198.0,6.481
197,199.0,5.716
198,200.0,6.521
199,201.0,7.194
200,202.0,6.239
201,203.0,5.595
202,204.0,6.964
203,205.0,6.872
204,206.0,6.118
205,207.0,5.515
206,208.0,7.194
207,209.0,6.682
208,210.0,6.078
209,211.0,5.474
210,212.0,7.314
211,213.0,6.481
212,214.0,5.877
213,215.0,5.796
214,216.0,7.274
215,217.0,6.199
216,219.0,5.635
217,220.0,6.561
218,221.0,6.913
219,222.0,6.118
220,223.0,5.515
221,224.0,7.234
222,225.0,6.511
223,226.0,6.159
224,227.0,5.474
225,228.0,7.435
226,229.0,6.481
227,230.0,5.917
228,231.0,5.676
229,232.0,7.194
230,233.0,6.32
231,234.0,5.837
232,235.0,5.635
233,236.0,7.113
234,237.0,6.32
235,238.0,5.756
236,239.0,5.716
237,240.0,7.033
238,241.0,6.44
239,242.0,5.756
240,243.0,6.481
241,244.0,7.194
242,245.0,6.239
243,246.0,5.595
244,247.0,7.234
245,248.0,6.792
246,249.0,6.118
247,250.0,5.515
248,251.0,7.435
249,252.0,6.601
250,253.0,5.957
251,254.0,5.837
252,255.0,7.154
253,256.0,6.36
254,257.0,5.676
255,258.0,6.601
256,259.0,7.073
257,260.0,6.199
258,261.0,5.595
259,262.0,6.561
260,263.0,7.033
261,264.0,6.159
262,265.0,5.515
263,266.0,7.435
264,267.0,6.843
265,268.0,6.078
266,269.0,5.434
267,270.0,7.355
268,271.0,6.481
269,272.0,5.917
270,273.0,5.796
271,274.0,7.274
272,275.0,6.239
273,276.0,5.635
274,277.0,6.561
275,278.0,7.113
276,279.0,6.159
277,280.0,5.515
278,281.0,7.314
279,282.0,6.671
280,283.0,6.038
281,284.0,5.434
282,285.0,7.044
283,286.0,6.601
284,287.0,6.038
285,288.0,5.716
286,289.0,7.154
287,290.0,6.4
288,291.0,5.756
289,292.0,6.481
290,293.0,7.274
291,294.0,6.239
292,295.0,5.595
293,296.0,6.561
294,297.0,7.113
295,298.0,6.159
296,299.0,5.595
297,300.0,7.194
298,301.0,6.752
299,302.0,5.998
300,303.0,5.595
301,304.0,7.113
302,305.0,6.642
303,306.0,5.957
304,307.0,5.676
305,308.0,7.234
306,309.0,6.4
307,310.0,5.837
308,311.0,5.796
309,312.0,7.154
310,313.0,6.279
311,314.0,5.595
312,316.0,6.722
313,317.0,6.913
314,318.0,6.078
315,319.0,5.474
316,320.0,7.355
317,321.0,6.872
318,322.0,6.118
319,323.0,5.474
320,324.0,7.475
321,325.0,6.561
322,326.0,5.957
323,327.0,5.756
324,328.0,7.154
325,329.0,6.44
326,330.0,5.716
327,331.0,6.239
328,332.0,7.274
329,333.0,6.199
330,334.0,5.555
331,335.0,7.435
332,336.0,6.832
333,337.0,6.118
334,338.0,5.434
335,339.0,7.515
336,340.0,6.561
337,341.0,5.998
338,342.0,5.756
339,343.0,7.314
340,344.0,6.239
341,345.0,5.716
342,346.0,6.481
343,347.0,7.234
344,348.0,6.159
345,349.0,5.635
346,350.0,7.395
347,351.0,6.832
348,352.0,6.078
349,353.0,5.515
350,354.0,7.435
351,355.0,6.561
352,356.0,5.957
353,357.0,5.756
354,358.0,7.194
355,359.0,6.4
356,360.0,5.676
357,361.0,6.561
358,362.0,7.073
359,363.0,6.118
360,364.0,5.515
361,365.0,7.274
362,366.0,6.752
363,367.0,6.038
364,368.0,5.515
365,369.0,7.475
366,370.0,6.601
367,371.0,5.957
368,372.0,5.716
369,373.0,7.073
370,374.0,6.4
371,375.0,5.796
372,376.0,5.716
373,377.0,7.194
374,378.0,6.44
375,379.0,5.716
376,380.0,6.4
377,381.0,7.234
378,382.0,6.239
379,383.0,5.555
380,384.0,6.843
381,385.0,6.913
382,386.0,6.078
383,387.0,5.474
384,388.0,6.642
385,389.0,6.993
386,390.0,6.159
387,391.0,5.676
388,392.0,7.314
389,393.0,6.44
390,394.0,5.917
391,395.0,5.837
392,396.0,7.234
393,397.0,6.279
394,398.0,5.676
395,399.0,6.601
396,400.0,7.033
397,401.0,6.118
398,402.0,5.515
399,403.0,7.154
400,404.0,6.561
401,405.0,5.998
402,406.0,5.716
403,407.0,7.033
404,408.0,6.44
405,409.0,5.756
406,410.0,6.078
407,412.0,7.274
408,413.0,6.199
409,414.0,5.595
410,415.0,6.803
411,416.0,6.913
412,417.0,6.078
413,418.0,5.474
414,419.0,7.355
415,420.0,6.481
416,421.0,5.957
417,422.0,5.756
418,423.0,7.234
419,424.0,6.4
420,425.0,5.716
421,426.0,6.481
422,427.0,7.154
423,428.0,6.239
424,429.0,5.555
425,430.0,7.234
426,431.0,6.803
427,432.0,6.159
428,433.0,5.474
429,434.0,7.475
430,435.0,6.561
431,436.0,5.998
432,437.0,5.756
433,438.0,7.355
434,439.0,6.199
435,440.0,5.676
436,441.0,6.561
437,442.0,7.073
438,443.0,6.159
439,444.0,5.555
440,445.0,7.234
441,446.0,6.792
442,447.0,6.038
443,448.0,5.756
444,449.0,7.234
445,450.0,6.4
446,451.0,5.837
447,452.0,5.796
448,453.0,7.154
449,454.0,6.239
450,455.0,5.595
451,456.0,6.521
452,457.0,6.913
453,458.0,6.118
454,459.0,5.555
455,460.0,7.475
456,461.0,6.872
457,462.0,6.118
458,463.0,5.515
459,464.0,7.073
460,465.0,6.631
461,466.0,5.998
462,467.0,5.515
463,468.0,7.515
464,469.0,6.601
465,470.0,5.957
466,471.0,5.676
467,472.0,7.274
468,473.0,6.481
469,474.0,5.877
470,475.0,5.796
471,476.0,7.355
472,477.0,6.279
473,478.0,5.676
474,479.0,6.601
475,480.0,7.073
476,481.0,6.118
477,482.0,5.515
478,483.0,7.475
479,484.0,6.872
480,485.0,6.118
481,486.0,5.515
482,487.0,7.314
483,488.0,6.521
484,489.0,6.038
485,490.0,5.796
486,491.0,7.355
487,492.0,6.36
488,493.0,5.837
489,494.0,6.521
490,495.0,7.194
491,496.0,6.239
492,497.0,5.595
493,498.0,7.113
494,499.0,6.832
495,500.0,6.078
496,501.0,5.474
497,502.0,7.073
498,503.0,6.631
499,504.0,5.998
500,505.0,5.716
501,506.0,7.234
502,508.0,6.4
503,509.0,5.917
504,510.0,5.756
505,511.0,7.314
506,512.0,6.36
507,513.0,5.716
508,514.0,6.199
509,515.0,7.274
510,516.0,6.199
511,517.0,5.595
512,518.0,6.561
513,519.0,7.113
514,520.0,6.159
515,521.0,5.555
516,522.0,5.676
517,523.0,7.274
518,524.0,6.32
519,525.0,5.676
520,526.0,5.877
521,527.0,7.274
522,528.0,6.239
523,529.0,5.635
524,530.0,6.682
525,531.0,6.993
526,532.0,6.078
527,533.0,5.555
528,534.0,7.073
529,535.0,6.601
530,536.0,5.998
531,537.0,5.796
532,538.0,7.113
533,539.0,6.481
534,540.0,5.756
535,541.0,6.561
536,542.0,7.234
537,543.0,6.279
538,544.0,5.555
539,545.0,7.515
540,546.0,6.792
541,547.0,6.118
542,548.0,5.474
543,549.0,7.515
544,550.0,6.561
545,551.0,5.998
546,552.0,5.756
547,553.0,7.274
548,554.0,6.36
549,555.0,5.716
550,556.0,6.239
551,557.0,7.234
552,558.0,6.159
553,559.0,5.595
554,560.0,6.722
555,561.0,6.953
556,562.0,6.078
557,563.0,5.474
558,564.0,7.154
559,565.0,6.642
560,566.0,5.998
561,567.0,5.635
562,568.0,7.194
563,569.0,6.36
564,570.0,5.837
565,571.0,5.796
566,572.0,7.194
567,573.0,6.239
568,574.0,5.635
569,575.0,6.682
570,576.0,6.953
571,577.0,6.078
572,578.0,5.515
573,579.0,7.154
574,580.0,6.601
575,581.0,5.957
576,582.0,5.796
577,583.0,7.154
578,584.0,6.44
579,585.0,5.716
580,586.0,6.521
581,587.0,7.194
582,588.0,6.239
583,589.0,5.555
584,590.0,7.435
585,591.0,6.752
586,592.0,6.118
587,593.0,5.515
588,594.0,7.274
589,595.0,6.481
590,596.0,5.877
591,597.0,5.796
592,598.0,7.274
593,599.0,6.199
594,600.0,5.676
595,601.0,6.561
596,602.0,6.993
597,604.0,6.159
598,605.0,5.515
599,606.0,7.556
600,607.0,6.792
601,608.0,6.078
602,609.0,5.434
603,610.0,7.194
604,611.0,6.521
605,612.0,5.957
606,613.0,5.716
607,614.0,7.033
608,615.0,6.44
609,616.0,5.756
610,617.0,6.561
611,618.0,7.073
612,619.0,6.118
613,620.0,5.555
614,621.0,7.274
615,622.0,6.792
616,623.0,6.038
617,624.0,5.716
618,625.0,7.234
619,626.0,6.4
620,627.0,5.837
621,628.0,6.32
622,629.0,7.234
623,630.0,6.199
624,631.0,5.595
625,632.0,7.395
626,633.0,6.872
627,634.0,6.159
628,635.0,5.474
629,636.0,7.395
630,637.0,6.481
631,638.0,5.957
632,639.0,5.796
633,640.0,7.314
634,641.0,6.239
635,642.0,5.676
636,643.0,6.481
637,644.0,7.154
638,645.0,6.239
639,646.0,5.555
640,647.0,7.234
641,648.0,6.792
642,649.0,6.118
643,650.0,5.434
644,651.0,7.475
645,652.0,6.561
646,653.0,5.957
647,654.0,5.796
648,655.0,7.194
649,656.0,6.279
650,657.0,5.635
651,658.0,6.601
652,659.0,6.993
653,660.0,6.078
654,661.0,5.515
655,662.0,7.395
656,663.0,6.561
657,664.0,5.957
658,665.0,5.796
659,666.0,7.274
660,667.0,6.36
661,668.0,5.676
662,669.0,6.601
663,670.0,7.033
664,671.0,6.159
665,672.0,5.515
666,673.0,7.314
667,674.0,6.752
668,675.0,6.038
669,676.0,5.474
670,677.0,7.194
671,678.0,6.682
672,679.0,6.038
673,680.0,5.434
674,681.0,7.556
675,682.0,6.561
676,683.0,5.998
677,684.0,5.756
678,685.0,7.234
679,686.0,6.32
680,687.0,5.796
681,688.0,6.561
682,689.0,7.113
683,690.0,6.159
684,691.0,5.555
685,692.0,7.395
686,693.0,6.763
687,694.0,6.078
688,695.0,5.635
689,696.0,7.274
690,697.0,6.4
691,698.0,5.877
692,699.0,5.957
693,701.0,7.274
694,702.0,6.239
695,703.0,5.635
696,704.0,7.435
697,705.0,6.763
698,706.0,6.078
699,707.0,5.474
700,708.0,7.556
701,709.0,6.601
702,710.0,5.957
703,711.0,5.796
704,712.0,7.234
705,713.0,6.32
706,714.0,5.676
707,715.0,6.521
708,716.0,7.154
709,717.0,6.239
710,718.0,5.555
711,719.0,7.314
712,720.0,6.832
713,721.0,6.118
714,722.0,5.434
715,723.0,7.274
716,724.0,6.763
717,725.0,6.038
718,726.0,5.434
719,727.0,7.556
720,728.0,6.561
721,729.0,5.998
722,730.0,5.756
723,731.0,7.274
724,732.0,6.279
725,733.0,5.756
726,734.0,6.561
727,735.0,7.113
728,736.0,6.159
729,737.0,5.635
730,738.0,7.314
731,739.0,6.843
732,740.0,6.038
733,741.0,5.837
734,742.0,7.355
735,743.0,6.36
736,744.0,5.716
737,745.0,6.481
738,746.0,7.113
739,747.0,6.159
740,748.0,5.515
741,749.0,7.395
742,750.0,6.763
743,751.0,6.038
744,752.0,5.515
745,753.0,7.395
746,754.0,6.601
747,755.0,5.998
748,756.0,5.796
749,757.0,7.314
750,758.0,6.4
751,759.0,5.756
752,760.0,6.521
753,761.0,7.154
754,762.0,6.279
755,763.0,5.555
756,764.0,7.355
757,765.0,6.722
758,766.0,6.078
759,767.0,5.555
760,768.0,7.355
761,769.0,6.481
762,770.0,5.917
763,771.0,5.796
764,772.0,7.274
765,773.0,6.279
766,774.0,5.716
767,775.0,6.159
768,776.0,7.556
769,777.0,6.4
770,778.0,5.877
771,779.0,5.796
772,780.0,7.274
773,781.0,6.199
774,782.0,5.716
775,783.0,5.756
776,784.0,7.314
777,785.0,6.199
778,786.0,5.716
779,787.0,6.32
780,788.0,7.274
781,789.0,6.199
782,790.0,5.635
783,791.0,6.561
784,792.0,7.033
785,793.0,6.118
786,794.0,5.515
787,795.0,7.194
788,797.0,6.832
789,798.0,6.038
790,799.0,5.555
791,800.0,7.314
792,801.0,6.722
793,802.0,6.078
794,803.0,5.635
795,804.0,7.314
796,805.0,6.44
797,806.0,5.917
798,807.0,5.756
799,808.0,7.314
800,809.0,6.199
801,810.0,5.635
802,811.0,6.601
803,812.0,6.953
804,813.0,6.118
805,814.0,5.515
806,815.0,7.194
807,816.0,6.763
808,817.0,6.038
809,818.0,5.756
810,819.0,7.113
811,820.0,6.36
812,821.0,5.796
813,822.0,6.521
814,823.0,7.154
815,824.0,6.199
816,825.0,5.555
817,826.0,7.355
818,827.0,6.722
819,828.0,6.078
820,829.0,5.756
821,830.0,7.073
822,831.0,6.481
823,832.0,5.837
824,833.0,6.601
825,834.0,7.113
826,835.0,6.118
827,836.0,5.555
828,837.0,6.601
829,838.0,6.953
830,839.0,6.078
831,840.0,5.474
832,841.0,7.395
833,842.0,6.561
834,843.0,5.998
835,844.0,5.756
836,845.0,7.194
837,846.0,6.279
838,847.0,5.676
839,848.0,6.561
840,849.0,7.073
841,850.0,6.118
842,851.0,5.555
843,852.0,7.234
844,853.0,6.792
845,854.0,6.118
846,855.0,5.474
847,856.0,7.475
848,857.0,6.642
849,858.0,5.957
850,859.0,5.756
851,860.0,7.314
852,861.0,6.4
853,862.0,5.716
854,863.0,6.601
855,864.0,7.033
856,865.0,6.159
857,866.0,5.515
858,867.0,7.274
859,868.0,6.752
860,869.0,6.078
861,870.0,5.676
862,871.0,7.274
863,872.0,6.4
864,873.0,5.877
865,874.0,6.481
866,875.0,7.234
867,876.0,6.199
868,877.0,5.595
869,878.0,7.515
870,879.0,6.872
871,880.0,6.078
872,881.0,5.515
873,882.0,7.515
874,883.0,6.642
875,884.0,5.957
876,885.0,5.837
877,886.0,7.314
878,887.0,6.199
879,888.0,5.635
880,889.0,6.561
881,890.0,6.953
882,891.0,6.159
883,893.0,5.515
884,894.0,7.033
885,895.0,6.561
886,896.0,5.957
887,897.0,5.635
888,898.0,7.194
889,899.0,6.36
890,900.0,5.796
891,901.0,5.957
892,902.0,7.234
893,903.0,6.279
894,904.0,5.595
895,905.0,7.355
896,906.0,6.832
897,907.0,6.118
898,908.0,5.595
899,909.0,7.314
900,910.0,6.44
901,911.0,5.877
902,912.0,5.796
903,913.0,7.274
904,914.0,6.239
905,915.0,5.635
906,916.0,6.561
907,917.0,7.033
908,918.0,6.159
909,919.0,5.595
910,920.0,7.475
911,921.0,6.872
912,922.0,6.078
913,923.0,5.555
914,924.0,7.355
915,925.0,6.521
916,926.0,5.917
917,927.0,5.837
918,928.0,7.194
919,929.0,6.32
920,930.0,5.595
921,931.0,6.803
922,932.0,6.913
923,933.0,6.118
924,934.0,5.474
925,935.0,7.274
926,936.0,6.792
927,937.0,6.038
928,938.0,5.515
929,939.0,7.274
930,940.0,6.44
931,941.0,5.877
932,942.0,5.837
933,943.0,7.194
934,944.0,6.239
935,945.0,5.635
936,946.0,7.234
937,947.0,6.792
938,948.0,6.118
939,949.0,5.474
940,950.0,7.435
941,951.0,6.642
942,952.0,5.998
943,953.0,5.394
944,954.0,7.314
945,955.0,6.481
946,956.0,5.998
947,957.0,5.756
948,958.0,7.355
949,959.0,6.4
950,960.0,5.716
951,961.0,6.32
952,962.0,7.234
953,963.0,6.159
954,964.0,5.595
955,965.0,6.36
956,966.0,7.274
957,967.0,6.159
958,968.0,5.635
959,969.0,6.843
960,970.0,6.913
961,971.0,6.038
962,972.0,5.515
963,973.0,7.125
964,974.0,6.601
965,975.0,5.957
966,976.0,5.796
967,977.0,7.033
968,978.0,6.521
969,979.0,5.756
970,980.0,6.601
971,981.0,7.073
972,982.0,6.199
973,983.0,5.555
974,984.0,7.194
975,985.0,6.682
976,986.0,5.998
977,987.0,5.474
978,989.0,7.314
979,990.0,6.481
980,991.0,5.877
981,992.0,5.796
982,993.0,7.314
983,994.0,6.239
984,995.0,5.635
985,996.0,5.716
986,997.0,7.274
987,998.0,6.36
988,999.0,5.716
989,1000.0,6.601
990,1001.0,7.113
991,1002.0,6.118
992,1003.0,5.515
993,1004.0,7.435
994,1005.0,6.752
995,1006.0,6.078
996,1007.0,5.515
997,1008.0,7.314
998,1009.0,6.44
999,1010.0,5.917
1000,1011.0,6.521
1001,1012.0,7.194
1002,1013.0,6.159
1003,1014.0,5.595
1004,1015.0,7.314
1005,1016.0,6.752
1006,1017.0,6.038
1007,1018.0,5.796
1008,1019.0,7.073
1009,1020.0,6.4
1010,1021.0,5.796
1011,1022.0,6.642
1012,1023.0,6.993
1013,1024.0,6.199
1014,1025.0,5.595
1015,1026.0,7.395
1016,1027.0,6.521
1017,1028.0,5.998
1018,1029.0,5.354
1019,1030.0,6.682
1020,1031.0,6.953
1021,1032.0,6.159
1022,1033.0,5.555
1023,1034.0,7.274
1024,1035.0,6.722
1025,1036.0,5.998
1026,1037.0,5.434
1027,1038.0,7.355
1028,1039.0,6.561
1029,1040.0,5.957
1030,1041.0,6.199
1031,1042.0,7.355
1032,1043.0,6.199
1033,1044.0,5.595
1034,1045.0,5.716
1035,1046.0,7.033
1036,1047.0,6.481
1037,1048.0,5.796
1038,1049.0,5.796
1039,1050.0,7.274
1040,1051.0,6.199
1041,1052.0,5.676
1042,1053.0,6.601
1043,1054.0,7.113
1044,1055.0,6.118
1045,1056.0,5.515
1046,1057.0,7.435
1047,1058.0,6.832
1048,1059.0,6.159
1049,1060.0,5.474
1050,1061.0,7.475
1051,1062.0,6.561
1052,1063.0,6.038
1053,1064.0,5.756
1054,1065.0,7.234
1055,1066.0,6.32
1056,1067.0,5.716
1057,1068.0,6.561
1058,1069.0,7.113
1059,1070.0,6.118
1060,1071.0,5.595
1061,1072.0,7.355
1062,1073.0,6.763
1063,1074.0,6.078
1064,1075.0,5.515
1065,1076.0,7.515
1066,1077.0,6.642
1067,1078.0,5.957
1068,1079.0,5.837
1069,1080.0,7.154
1070,1081.0,6.36
1071,1082.0,5.676
1072,1083.0,6.601
1073,1084.0,7.073
1074,1086.0,6.118
1075,1087.0,5.515
1076,1088.0,6.561
1077,1089.0,6.993
1078,1090.0,6.159
1079,1091.0,5.515
1080,1092.0,7.044
1081,1093.0,6.832
1082,1094.0,6.038
1083,1095.0,5.515
1084,1096.0,7.475
1085,1097.0,6.561
1086,1098.0,5.957
1087,1099.0,5.716
1088,1100.0,7.113
1089,1101.0,6.44
1090,1102.0,5.756
1091,1103.0,5.796
1092,1104.0,7.234
1093,1105.0,6.199
1094,1106.0,5.635
1095,1107.0,6.561
1096,1108.0,6.953
1097,1109.0,6.159
1098,1110.0,5.515
1099,1111.0,7.194
1100,1112.0,6.561
1101,1113.0,5.998
1102,1114.0,5.716
1103,1115.0,7.113
1104,1116.0,6.36
1105,1117.0,5.796
1106,1118.0,6.481
1107,1119.0,7.194
1108,1120.0,6.239
1109,1121.0,5.595
1110,1122.0,7.314
1111,1123.0,6.872
1112,1124.0,6.118
1113,1125.0,5.515
1114,1126.0,7.314
1115,1127.0,6.561
1116,1128.0,5.957
1117,1129.0,5.635
1118,1130.0,7.274
1119,1131.0,6.481
1120,1132.0,5.877
1121,1133.0,5.354
1122,1134.0,7.234
1123,1135.0,6.843
1124,1136.0,6.118
1125,1137.0,5.474
1126,1138.0,7.044
1127,1139.0,6.601
1128,1140.0,5.998
1129,1141.0,5.796
1130,1142.0,7.314
1131,1143.0,6.239
1132,1144.0,5.676
1133,1145.0,6.561
1134,1146.0,6.993
1135,1147.0,6.159
1136,1148.0,5.515
1137,1149.0,7.044
1138,1150.0,6.601
1139,1151.0,5.998
1140,1152.0,5.796
1141,1153.0,7.033
1142,1154.0,6.481
1143,1155.0,5.796
1144,1156.0,6.44
1145,1157.0,7.194
1146,1158.0,6.239
1147,1159.0,5.555
1148,1160.0,7.475
1149,1161.0,6.872
1150,1162.0,6.118
1151,1163.0,5.474
1152,1164.0,7.395
1153,1165.0,6.481
1154,1166.0,5.957
1155,1167.0,5.796
1156,1168.0,7.274
1157,1169.0,6.279
1158,1170.0,5.676
1159,1171.0,6.561
1160,1172.0,6.993
1161,1173.0,6.118
1162,1174.0,5.555
1163,1175.0,7.125
1164,1176.0,6.722
1165,1177.0,5.998
1166,1178.0,5.796
1167,1179.0,7.274
1168,1180.0,6.44
1169,1182.0,5.837
1170,1183.0,6.038
1171,1184.0,7.274
1172,1185.0,6.239
1173,1186.0,5.595
1174,1187.0,6.601
1175,1188.0,6.953
1176,1189.0,6.078
1177,1190.0,5.474
1178,1191.0,7.274
1179,1192.0,6.521
1180,1193.0,5.998
1181,1194.0,5.716
1182,1195.0,7.033
1183,1196.0,6.44
1184,1197.0,5.756
1185,1198.0,6.239
1186,1199.0,7.274
1187,1200.0,6.199
1188,1201.0,5.555
1189,1202.0,6.561
1190,1203.0,6.953
1191,1204.0,6.118
1192,1205.0,5.474
1193,1206.0,7.154
1194,1207.0,6.521
1195,1208.0,5.998
1196,1209.0,5.716
1197,1210.0,7.274
1198,1211.0,6.4
1199,1212.0,5.756
1200,1213.0,6.481
1201,1214.0,7.234
1202,1215.0,6.159
1203,1216.0,5.595
1204,1217.0,7.194
1205,1218.0,6.763
1206,1219.0,5.998
1207,1220.0,5.756
1208,1221.0,7.355
1209,1222.0,6.481
1210,1223.0,5.877
1211,1224.0,5.796
1212,1225.0,7.314
1213,1226.0,6.4
1214,1227.0,5.756
1215,1228.0,6.642
1216,1229.0,7.073
1217,1230.0,6.159
1218,1231.0,5.515
1219,1232.0,7.113
1220,1233.0,6.642
1221,1234.0,5.998
1222,1235.0,5.716
1223,1236.0,7.033
1224,1237.0,6.481
1225,1238.0,5.756
1226,1239.0,6.118
1227,1240.0,7.314
1228,1241.0,6.199
1229,1242.0,5.635
1230,1243.0,7.274
1231,1244.0,6.763
1232,1245.0,6.038
1233,1246.0,5.796
1234,1247.0,7.395
1235,1248.0,6.36
1236,1249.0,5.716
1237,1250.0,6.118
1238,1251.0,7.355
1239,1252.0,6.199
1240,1253.0,5.635
1241,1254.0,7.435
1242,1255.0,6.752
1243,1256.0,6.038
1244,1257.0,5.515
1245,1258.0,7.435
1246,1259.0,6.551
1247,1260.0,5.917
1248,1261.0,5.837
1249,1262.0,7.274
1250,1263.0,6.239
1251,1264.0,5.635
1252,1265.0,6.642
1253,1266.0,6.953
1254,1267.0,6.118
1255,1268.0,5.515
1256,1269.0,7.314
1257,1270.0,6.481
1258,1271.0,5.998
1259,1272.0,5.756
1260,1273.0,7.314
1261,1274.0,6.32
1262,1275.0,5.796
1263,1276.0,5.676
1264,1278.0,7.085
1265,1279.0,6.481
1266,1280.0,5.756
1267,1281.0,6.239
1268,1282.0,7.234
1269,1283.0,6.199
1270,1284.0,5.595
1271,1285.0,5.716
1272,1286.0,7.274
1273,1287.0,6.239
1274,1288.0,5.676
1275,1289.0,5.796
1276,1290.0,7.154
1277,1291.0,6.279
1278,1292.0,5.635
1279,1293.0,6.722
1280,1294.0,6.993
1281,1295.0,6.118
1282,1296.0,5.515
1283,1297.0,7.475
1284,1298.0,6.792
1285,1299.0,6.078
1286,1300.0,5.474
1287,1301.0,7.113
1288,1302.0,6.642
1289,1303.0,5.998
1290,1304.0,5.394
1291,1305.0,7.004
1292,1306.0,6.883
1293,1307.0,6.078
1294,1308.0,5.515
1295,1309.0,7.475
1296,1310.0,6.561
1297,1311.0,5.957
1298,1312.0,5.796
1299,1313.0,7.314
1300,1314.0,6.199
1301,1315.0,5.676
1302,1316.0,6.561
1303,1317.0,7.154
1304,1318.0,6.159
1305,1319.0,5.595
1306,1320.0,7.435
1307,1321.0,6.832
1308,1322.0,6.078
1309,1323.0,5.515
1310,1324.0,7.355
1311,1325.0,6.763
1312,1326.0,6.038
1313,1327.0,5.434
1314,1328.0,7.515
1315,1329.0,6.601
1316,1330.0,5.998
1317,1331.0,5.756
1318,1332.0,7.234
1319,1333.0,6.279
1320,1334.0,5.676
1321,1335.0,6.561
1322,1336.0,7.113
1323,1337.0,6.118
1324,1338.0,5.515
1325,1339.0,7.314
1326,1340.0,6.872
1327,1341.0,6.118
1328,1342.0,5.515
1329,1343.0,7.113
1330,1344.0,6.682
1331,1345.0,5.998
1332,1346.0,5.796
1333,1347.0,7.274
1334,1348.0,6.44
1335,1349.0,5.796
1336,1350.0,6.601
1337,1351.0,7.154
1338,1352.0,6.159
1339,1353.0,5.555
1340,1354.0,7.194
1341,1355.0,6.671
1342,1356.0,6.038
1343,1357.0,5.796
1344,1358.0,7.194
1345,1359.0,6.44
1346,1360.0,5.796
1347,1361.0,6.561
1348,1362.0,7.113
1349,1363.0,6.078
1350,1364.0,5.595
1351,1365.0,7.515
1352,1366.0,6.803
1353,1367.0,6.078
1354,1368.0,5.515
1355,1369.0,7.515
1356,1370.0,6.642
1357,1371.0,5.998
1358,1372.0,5.877
1359,1373.0,7.234
1360,1375.0,6.199
1361,1376.0,5.676
1362,1377.0,6.642
1363,1378.0,7.033
1364,1379.0,6.159
1365,1380.0,5.515
1366,1381.0,7.314
1367,1382.0,6.803
1368,1383.0,6.118
1369,1384.0,5.474
1370,1385.0,7.435
1371,1386.0,6.561
1372,1387.0,5.957
1373,1388.0,5.796
1374,1389.0,7.314
1375,1390.0,6.239
1376,1391.0,5.676
1377,1392.0,6.601
1378,1393.0,7.113
1379,1394.0,6.159
1380,1395.0,5.555
1381,1396.0,7.274
1382,1397.0,6.752
1383,1398.0,6.038
1384,1399.0,5.716
1385,1400.0,7.194
1386,1401.0,6.36
1387,1402.0,5.837
1388,1403.0,6.521
1389,1404.0,7.194
1390,1405.0,6.199
1391,1406.0,5.595
1392,1407.0,7.395
1393,1408.0,6.763
1394,1409.0,6.038
1395,1410.0,5.474
1396,1411.0,6.521
1397,1412.0,6.993
1398,1413.0,6.159
1399,1414.0,5.555
1400,1415.0,7.113
1401,1416.0,6.601
1402,1417.0,5.998
1403,1418.0,5.796
1404,1419.0,7.314
1405,1420.0,6.44
1406,1421.0,5.716
1407,1422.0,6.642
1408,1423.0,7.073
1409,1424.0,6.118
1410,1425.0,5.555
1411,1426.0,7.355
1412,1427.0,6.561
1413,1428.0,5.957
1414,1429.0,5.756
1415,1430.0,7.234
1416,1431.0,6.32
1417,1432.0,5.676
1418,1433.0,6.561
1419,1434.0,7.113
1420,1435.0,6.118
1421,1436.0,5.515
1422,1437.0,7.154
1423,1438.0,6.631
1424,1439.0,5.998
1425,1440.0,5.756
1426,1441.0,7.033
1427,1442.0,6.481
1428,1443.0,5.756
1429,1444.0,6.481
1430,1445.0,7.234
1431,1446.0,6.199
1432,1447.0,5.555
1433,1448.0,7.395
1434,1449.0,6.752
1435,1450.0,6.038
1436,1451.0,5.676
1437,1452.0,7.274
1438,1453.0,6.44
1439,1454.0,5.837
1440,1455.0,6.038
1441,1456.0,7.234
1442,1457.0,6.279
1443,1458.0,5.595
1444,1459.0,7.515
1445,1460.0,6.832
1446,1461.0,6.159
1447,1462.0,5.555
1448,1463.0,7.355
1449,1464.0,6.481
1450,1465.0,5.957
1451,1466.0,5.957
1452,1467.0,7.314
1453,1468.0,6.239
1454,1469.0,5.676
1455,1471.0,6.561
1456,1472.0,7.073
1457,1473.0,6.159
1458,1474.0,5.515
1459,1475.0,7.113
1460,1476.0,6.642
1461,1477.0,5.998
1462,1478.0,5.716
1463,1479.0,7.033
1464,1480.0,6.481
1465,1481.0,5.756
1466,1482.0,6.561
1467,1483.0,7.113
1468,1484.0,6.078
1469,1485.0,5.515
1470,1486.0,7.033
1471,1487.0,6.601
1472,1488.0,5.957
1473,1489.0,5.716
1474,1490.0,7.073
1475,1491.0,6.36
1476,1492.0,5.796
1477,1493.0,6.239
1478,1494.0,7.234
1479,1495.0,6.199
1480,1496.0,5.555
1481,1497.0,6.642
1482,1498.0,6.953
1483,1499.0,6.118
1484,1500.0,5.474
1485,1501.0,7.113
1486,1502.0,6.642
1487,1503.0,5.998
1488,1504.0,5.434
1489,1505.0,7.274
1490,1506.0,6.521
1491,1507.0,5.998
1492,1508.0,5.716
1493,1509.0,7.234
1494,1510.0,6.4
1495,1511.0,5.756
1496,1512.0,5.756
1497,1513.0,7.355
1498,1514.0,6.239
1499,1515.0,5.716
1500,1516.0,6.561
1501,1517.0,7.033
1502,1518.0,6.159
1503,1519.0,5.555
1504,1520.0,7.314
1505,1521.0,6.752
1506,1522.0,6.038
1507,1523.0,5.796
1508,1524.0,7.154
1509,1525.0,6.44
1510,1526.0,5.756
1511,1527.0,6.481
1512,1528.0,7.194
1513,1529.0,6.199
1514,1530.0,5.555
1515,1531.0,7.435
1516,1532.0,6.792
1517,1533.0,6.078
1518,1534.0,5.676
1519,1535.0,6.521
1520,1536.0,6.913
1521,1537.0,6.118
1522,1538.0,5.555
1523,1539.0,7.475
1524,1540.0,6.792
1525,1541.0,6.078
1526,1542.0,5.474
1527,1543.0,7.314
1528,1544.0,6.722
1529,1545.0,6.038
1530,1546.0,5.434
1531,1547.0,6.924
1532,1548.0,6.913
1533,1549.0,6.078
1534,1550.0,5.515
1535,1551.0,7.355
1536,1552.0,6.521
1537,1553.0,5.957
1538,1554.0,5.837
1539,1555.0,7.274
1540,1556.0,6.279
1541,1557.0,5.676
1542,1558.0,6.601
1543,1559.0,6.993
1544,1560.0,6.199
1545,1561.0,5.515
1546,1562.0,7.355
1547,1563.0,6.481
1548,1564.0,5.998
1549,1565.0,5.756
1550,1566.0,7.395
1551,1568.0,6.36
1552,1569.0,5.756
1553,1570.0,6.601
1554,1571.0,7.154
1555,1572.0,6.118
1556,1573.0,5.515
1557,1574.0,6.601
1558,1575.0,6.953
1559,1576.0,6.078
1560,1577.0,5.474
1561,1578.0,7.073
1562,1579.0,6.561
1563,1580.0,5.998
1564,1581.0,5.756
1565,1582.0,7.314
1566,1583.0,6.36
1567,1584.0,5.716
1568,1585.0,6.561
1569,1586.0,7.073
1570,1587.0,6.118
1571,1588.0,5.555
1572,1589.0,7.073
1573,1590.0,6.682
1574,1591.0,5.998
1575,1592.0,5.756
1576,1593.0,7.073
1577,1594.0,6.4
1578,1595.0,5.756
1579,1596.0,5.796
1580,1597.0,7.234
1581,1598.0,6.32
1582,1599.0,5.635
1583,1600.0,6.883
1584,1601.0,6.872
1585,1602.0,6.078
1586,1603.0,5.595
1587,1604.0,7.355
1588,1605.0,6.481
1589,1606.0,5.957
1590,1607.0,6.078
1591,1608.0,7.314
1592,1609.0,6.199
1593,1610.0,5.676
1594,1611.0,6.561
1595,1612.0,7.073
1596,1613.0,6.159
1597,1614.0,5.595
1598,1615.0,7.154
1599,1616.0,6.561
1600,1617.0,5.998
1601,1618.0,5.796
1602,1619.0,7.234
1603,1620.0,6.32
1604,1621.0,5.716
1605,1622.0,6.601
1606,1623.0,7.113
1607,1624.0,6.118
1608,1625.0,5.595
1609,1626.0,7.355
1610,1627.0,6.712
1611,1628.0,6.038
1612,1629.0,5.474
1613,1630.0,7.435
1614,1631.0,6.561
1615,1632.0,5.957
1616,1633.0,5.756
1617,1634.0,7.274
1618,1635.0,6.36
1619,1636.0,5.676
1620,1637.0,6.561
1621,1638.0,7.194
1622,1639.0,6.199
1623,1640.0,5.555
1624,1641.0,7.435
1625,1642.0,6.872
1626,1643.0,6.118
1627,1644.0,5.515
1628,1645.0,7.395
1629,1646.0,6.44
1630,1647.0,5.998
1631,1648.0,5.796
1632,1649.0,7.274
1633,1650.0,6.32
1634,1651.0,5.716
1635,1652.0,6.481
1636,1653.0,7.194
1637,1654.0,6.239
1638,1655.0,5.635
1639,1656.0,7.395
1640,1657.0,6.792
1641,1658.0,6.078
1642,1659.0,5.676
1643,1660.0,7.274
1644,1661.0,6.521
1645,1662.0,5.917
1646,1664.0,6.038
1647,1665.0,7.234
1648,1666.0,6.239
1649,1667.0,5.635
1650,1668.0,6.601
1651,1669.0,6.953
1652,1670.0,6.118
1653,1671.0,5.515
1654,1672.0,7.073
1655,1673.0,6.631
1656,1674.0,5.998
1657,1675.0,5.434
1658,1676.0,7.073
1659,1677.0,6.671
1660,1678.0,5.998
1661,1679.0,5.837
1662,1680.0,7.234
1663,1681.0,6.279
1664,1682.0,5.676
1665,1683.0,6.561
1666,1684.0,6.993
1667,1685.0,6.199
1668,1686.0,5.515
1669,1687.0,7.113
1670,1688.0,6.631
1671,1689.0,6.038
1672,1690.0,5.756
1673,1691.0,7.033
1674,1692.0,6.44
1675,1693.0,5.796
1676,1694.0,6.521
1677,1695.0,7.154
1678,1696.0,6.239
1679,1697.0,5.676
1680,1698.0,6.763
1681,1699.0,6.913
1682,1700.0,6.078
1683,1701.0,5.595
1684,1702.0,7.314
1685,1703.0,6.521
1686,1704.0,5.957
1687,1705.0,5.434
1688,1706.0,7.435
1689,1707.0,6.682
1690,1708.0,6.038
1691,1709.0,5.595
1692,1710.0,7.314
1693,1711.0,6.481
1694,1712.0,5.877
1695,1713.0,5.796
1696,1714.0,7.154
1697,1715.0,6.279
1698,1716.0,5.595
1699,1717.0,6.44
1700,1718.0,7.154
1701,1719.0,6.239
1702,1720.0,5.555
1703,1721.0,7.355
1704,1722.0,6.712
1705,1723.0,6.038
1706,1724.0,5.434
1707,1725.0,7.073
1708,1726.0,6.601
1709,1727.0,5.998
1710,1728.0,5.756
1711,1729.0,7.033
1712,1730.0,6.481
1713,1731.0,5.756
1714,1732.0,6.561
1715,1733.0,7.154
1716,1734.0,6.199
1717,1735.0,5.515
1718,1736.0,7.274
1719,1737.0,6.752
1720,1738.0,6.038
1721,1739.0,5.676
1722,1740.0,7.274
1723,1741.0,6.4
1724,1742.0,5.877
1725,1743.0,6.32
1726,1744.0,7.274
1727,1745.0,6.159
1728,1746.0,5.635
1729,1747.0,6.481
1730,1748.0,7.274
1731,1749.0,6.199
1732,1750.0,5.595
1733,1751.0,7.395
1734,1752.0,6.832
1735,1753.0,6.078
1736,1754.0,5.515
1737,1755.0,7.556
1738,1756.0,6.591
1739,1757.0,5.957
1740,1758.0,5.756
1741,1759.0,7.274
1742,1761.0,6.239
1743,1762.0,5.716
1744,1763.0,7.113
1745,1764.0,6.832
1746,1765.0,6.118
1747,1766.0,5.474
1748,1767.0,7.113
1749,1768.0,6.642
1750,1769.0,5.998
1751,1770.0,5.676
1752,1771.0,7.194
1753,1772.0,6.36
1754,1773.0,5.796
1755,1774.0,5.796
1756,1775.0,7.194
1757,1776.0,6.32
1758,1777.0,5.635
1759,1778.0,6.561
1760,1779.0,6.953
1761,1780.0,6.159
1762,1781.0,5.474
1763,1782.0,7.274
1764,1783.0,6.521
1765,1784.0,5.998
1766,1785.0,5.796
1767,1786.0,7.314
1768,1787.0,6.239
1769,1788.0,5.676
1770,1789.0,7.395
1771,1790.0,6.872
1772,1791.0,6.118
1773,1792.0,5.917
1774,1793.0,7.274
1775,1794.0,6.239
1776,1795.0,5.635
1777,1796.0,6.883
1778,1797.0,6.913
1779,1798.0,6.118
1780,1799.0,5.474
1781,1800.0,7.435
1782,1801.0,6.481
1783,1802.0,5.957
1784,1803.0,5.796
1785,1804.0,7.234
1786,1805.0,6.32
1787,1806.0,5.635
1788,1807.0,6.481
1789,1808.0,7.154
1790,1809.0,6.159
1791,1810.0,5.515
1792,1811.0,5.595
1793,1812.0,7.154
1794,1813.0,6.36
1795,1814.0,5.796
1796,1815.0,5.756
1797,1816.0,7.274
1798,1817.0,6.279
1799,1818.0,5.635
1800,1819.0,6.561
1801,1820.0,7.113
1802,1821.0,6.159
1803,1822.0,5.515
1804,1823.0,7.234
1805,1824.0,6.792
1806,1825.0,6.118
1807,1826.0,5.474
1808,1827.0,7.556
1809,1828.0,6.561
1810,1829.0,5.998
1811,1830.0,5.796
1812,1831.0,7.234
1813,1832.0,6.32
1814,1833.0,5.716
1815,1834.0,6.481
1816,1835.0,7.234
1817,1836.0,6.159
1818,1837.0,5.595
1819,1838.0,7.395
1820,1839.0,6.792
1821,1840.0,6.038
1822,1841.0,5.676
1823,1842.0,7.274
1824,1843.0,6.481
1825,1844.0,5.877
1826,1845.0,5.756
1827,1846.0,7.073
1828,1847.0,6.481
1829,1848.0,5.756
1830,1849.0,6.521
1831,1850.0,7.113
1832,1851.0,6.159
1833,1852.0,5.555
1834,1853.0,7.314
1835,1854.0,6.671
1836,1855.0,6.038
1837,1856.0,5.434
1838,1858.0,7.194
1839,1859.0,6.561
1840,1860.0,5.957
1841,1861.0,5.756
1842,1862.0,7.234
1843,1863.0,6.44
1844,1864.0,5.756
1845,1865.0,5.796
1846,1866.0,7.194
1847,1867.0,6.32
1848,1868.0,5.595
1849,1869.0,7.033
1850,1870.0,6.832
1851,1871.0,6.078
1852,1872.0,5.515
1853,1873.0,7.355
1854,1874.0,6.481
1855,1875.0,5.917
1856,1876.0,6.118
1857,1877.0,7.314
1858,1878.0,6.199
1859,1879.0,5.635
1860,1880.0,6.601
1861,1881.0,6.993
1862,1882.0,6.078
1863,1883.0,5.595
1864,1884.0,7.355
1865,1885.0,6.722
1866,1886.0,6.038
1867,1887.0,5.515
1868,1888.0,7.355
1869,1889.0,6.561
1870,1890.0,5.917
1871,1891.0,5.837
1872,1892.0,7.274
1873,1893.0,6.279
1874,1894.0,5.635
1875,1895.0,5.998
1876,1896.0,7.234
1877,1897.0,6.239
1878,1898.0,5.555
1879,1899.0,5.635
1880,1900.0,7.274
1881,1901.0,6.4
1882,1902.0,5.837
1883,1903.0,5.796
1884,1904.0,7.194
1885,1905.0,6.279
1886,1906.0,5.635
1887,1907.0,7.113
1888,1908.0,6.832
1889,1909.0,6.118
1890,1910.0,5.474
1891,1911.0,7.033
1892,1912.0,6.642
1893,1913.0,5.957
1894,1914.0,5.434
1895,1915.0,7.395
1896,1916.0,6.752
1897,1917.0,6.118
1898,1918.0,5.595
1899,1919.0,7.274
1900,1920.0,6.481
1901,1921.0,5.877
1902,1922.0,5.555
1903,1923.0,7.234
1904,1924.0,6.481
1905,1925.0,5.877
1906,1926.0,5.756
1907,1927.0,7.113
1908,1928.0,6.481
1909,1929.0,5.716
1910,1930.0,6.521
1911,1931.0,7.234
1912,1932.0,6.239
1913,1933.0,5.555
1914,1934.0,7.314
1915,1935.0,6.752
1916,1936.0,6.078
1917,1937.0,5.676
1918,1938.0,7.314
1919,1939.0,6.4
1920,1940.0,5.998
1921,1941.0,5.837
1922,1942.0,7.234
1923,1943.0,6.239
1924,1944.0,5.635
1925,1945.0,6.561
1926,1946.0,7.073
1927,1947.0,6.159
1928,1948.0,5.555
1929,1949.0,7.355
1930,1950.0,6.872
1931,1951.0,6.118
1932,1952.0,5.837
1933,1954.0,7.073
1934,1955.0,6.481
1935,1956.0,5.756
1936,1957.0,6.561
1937,1958.0,7.073
1938,1959.0,6.078
1939,1960.0,5.555
1940,1961.0,7.113
1941,1962.0,6.671
1942,1963.0,5.998
1943,1964.0,5.676
1944,1965.0,7.274
1945,1966.0,6.44
1946,1967.0,5.877
1947,1968.0,5.837
1948,1969.0,7.194
1949,1970.0,6.32
1950,1971.0,5.635
1951,1972.0,6.561
1952,1973.0,6.953
1953,1974.0,6.159
1954,1975.0,5.474
1955,1976.0,7.113
1956,1977.0,6.682
1957,1978.0,6.078
1958,1979.0,5.474
1959,1980.0,7.234
1960,1981.0,6.712
1961,1982.0,6.078
1962,1983.0,5.474
1963,1984.0,7.596
1964,1985.0,6.601
1965,1986.0,6.038
1966,1987.0,5.796
1967,1988.0,7.355
1968,1989.0,6.36
1969,1990.0,5.796
1970,1991.0,6.561
1971,1992.0,6.913
1972,1993.0,6.118
1973,1994.0,5.515
1974,1995.0,7.073
1975,1996.0,6.561
1976,1997.0,5.998
1977,1998.0,5.796
1978,1999.0,7.234
1979,2000.0,6.32
1980,2001.0,5.716
1981,2002.0,6.561
1982,2003.0,7.113
1983,2004.0,6.118
1984,2005.0,5.555
1985,2006.0,7.073
1986,2007.0,6.671
1987,2008.0,5.998
1988,2009.0,5.756
1989,2010.0,7.113
1990,2011.0,6.32
1991,2012.0,5.837
1992,2013.0,5.796
1993,2014.0,7.113
1994,2015.0,6.44
1995,2016.0,5.796
1996,2017.0,6.239
1997,2018.0,7.274
1998,2019.0,6.239
1999,2020.0,5.595
2000,2021.0,7.435
2001,2022.0,6.872
2002,2023.0,6.118
2003,2024.0,5.474
2004,2025.0,7.435
2005,2026.0,6.521
2006,2027.0,5.957
2007,2028.0,5.756
2008,2029.0,7.355
2009,2030.0,6.239
2010,2031.0,5.756
2011,2032.0,6.601
2012,2033.0,7.113
2013,2034.0,6.159
2014,2035.0,5.595
2015,2036.0,7.033
2016,2037.0,6.642
2017,2038.0,5.998
2018,2039.0,5.756
2019,2040.0,7.314
2020,2041.0,6.36
2021,2042.0,5.716
2022,2043.0,5.756
2023,2044.0,7.234
2024,2045.0,6.199
2025,2046.0,5.676
2026,2047.0,7.435
2027,2048.0,6.752
2028,2049.0,6.078
2029,2051.0,5.676
2030,2052.0,7.274
2031,2053.0,6.44
2032,2054.0,5.837
2033,2055.0,6.199
2034,2056.0,7.274
2035,2057.0,6.199
2036,2058.0,5.555
2037,2059.0,6.601
2038,2060.0,6.993
2039,2061.0,6.159
2040,2062.0,5.515
2041,2063.0,7.515
2042,2064.0,6.561
2043,2065.0,5.957
2044,2066.0,5.796
2045,2067.0,7.355
2046,2068.0,6.199
2047,2069.0,5.716
2048,2070.0,6.561
2049,2071.0,6.993
2050,2072.0,6.078
2051,2073.0,5.515
2052,2074.0,7.125
2053,2075.0,6.682
2054,2076.0,5.998
2055,2077.0,5.756
2056,2078.0,7.274
2057,2079.0,6.44
2058,2080.0,5.877
2059,2081.0,6.32
2060,2082.0,7.234
2061,2083.0,6.239
2062,2084.0,5.555
2063,2085.0,5.796
2064,2086.0,7.194
2065,2087.0,6.32
2066,2088.0,5.676
2067,2089.0,6.561
2068,2090.0,6.913
2069,2091.0,6.118
2070,2092.0,5.515
2071,2093.0,7.355
2072,2094.0,6.481
2073,2095.0,5.957
2074,2096.0,5.756
2075,2097.0,7.234
2076,2098.0,6.32
2077,2099.0,5.676
2078,2100.0,6.561
2079,2101.0,7.033
2080,2102.0,6.159
2081,2103.0,5.515
2082,2104.0,7.355
2083,2105.0,6.722
2084,2106.0,6.078
2085,2107.0,5.756
2086,2108.0,7.073
2087,2109.0,6.4
2088,2110.0,5.756
2089,2111.0,5.676
2090,2112.0,7.073
2091,2113.0,6.44
2092,2114.0,5.756
2093,2115.0,6.118
2094,2116.0,7.355
2095,2117.0,6.199
2096,2118.0,5.635
2097,2119.0,6.682
2098,2120.0,6.993
2099,2121.0,6.118
2100,2122.0,5.555
2101,2123.0,7.395
2102,2124.0,6.591
2103,2125.0,5.957
2104,2126.0,5.796
2105,2127.0,7.234
2106,2128.0,6.36
2107,2129.0,5.676
2108,2130.0,6.642
2109,2131.0,7.113
2110,2132.0,6.159
2111,2133.0,5.515
2112,2134.0,6.642
2113,2135.0,6.993
2114,2136.0,6.078
2115,2137.0,5.756
2116,2138.0,7.234
2117,2139.0,6.4
2118,2140.0,5.837
2119,2141.0,5.796
2120,2142.0,7.314
2121,2143.0,6.239
2122,2144.0,5.635
2123,2145.0,5.877
2124,2147.0,7.274
2125,2148.0,6.239
2126,2149.0,5.595
2127,2150.0,6.763
2128,2151.0,6.913
2129,2152.0,6.078
2130,2153.0,5.474
2131,2154.0,7.355
2132,2155.0,6.481
2133,2156.0,5.998
2134,2157.0,5.796
2135,2158.0,7.395
2136,2159.0,6.239
2137,2160.0,5.676
2138,2161.0,6.561
2139,2162.0,6.913
2140,2163.0,6.118
2141,2164.0,5.515
2142,2165.0,7.113
2143,2166.0,6.671
2144,2167.0,5.998
2145,2168.0,5.796
2146,2169.0,7.154
2147,2170.0,6.481
2148,2171.0,5.756
2149,2172.0,6.521
2150,2173.0,7.234
2151,2174.0,6.239
2152,2175.0,5.676
2153,2176.0,7.355
2154,2177.0,6.44
2155,2178.0,5.957
2156,2179.0,5.796
2157,2180.0,7.274
2158,2181.0,6.36
2159,2182.0,5.635
2160,2183.0,6.642
2161,2184.0,6.953
2162,2185.0,6.078
2163,2186.0,5.515
2164,2187.0,7.395
2165,2188.0,6.481
2166,2189.0,5.917
2167,2190.0,5.796
2168,2191.0,7.194
2169,2192.0,6.279
2170,2193.0,5.595
2171,2194.0,6.561
2172,2195.0,6.993
2173,2196.0,6.078
2174,2197.0,5.515
2175,2198.0,7.194
2176,2199.0,6.561
2177,2200.0,5.957
2178,2201.0,5.635
2179,2202.0,7.234
2180,2203.0,6.4
2181,2204.0,5.837
2182,2205.0,5.676
2183,2206.0,7.194
2184,2207.0,6.4
2185,2208.0,5.837
2186,2209.0,5.796
2187,2210.0,7.274
2188,2211.0,6.279
2189,2212.0,5.676
2190,2213.0,6.601
2191,2214.0,7.073
2192,2215.0,6.199
2193,2216.0,5.515
2194,2217.0,7.274
2195,2218.0,6.752
2196,2219.0,6.078
2197,2220.0,5.756
2198,2221.0,7.355
2199,2222.0,6.4
2200,2223.0,5.796
2201,2224.0,6.239
2202,2225.0,7.314
2203,2226.0,6.159
2204,2227.0,5.595
2205,2228.0,7.194
2206,2229.0,6.792
2207,2230.0,6.118
2208,2231.0,5.474
2209,2232.0,7.395
2210,2233.0,6.481
2211,2234.0,6.038
2212,2235.0,5.756
2213,2236.0,7.234
2214,2237.0,6.4
2215,2238.0,5.756
2216,2239.0,6.159
2217,2240.0,7.274
2218,2241.0,6.239
2219,2243.0,5.635
2220,2244.0,6.883
2221,2245.0,6.913
2222,2246.0,6.078
2223,2247.0,5.555
2224,2248.0,7.113
2225,2249.0,6.642
2226,2250.0,5.998
2227,2251.0,5.756
2228,2252.0,7.073
2229,2253.0,6.32
2230,2254.0,5.796
2231,2255.0,5.716
2232,2256.0,7.044
2233,2257.0,6.4
2234,2258.0,5.796
2235,2259.0,6.32
2236,2260.0,7.234
2237,2261.0,6.199
2238,2262.0,5.595
2239,2263.0,7.355
2240,2264.0,6.792
2241,2265.0,6.159
2242,2266.0,5.716
2243,2267.0,7.314
2244,2268.0,6.481
2245,2269.0,5.917
2246,2270.0,5.756
2247,2271.0,7.355
2248,2272.0,6.239
2249,2273.0,5.796
2250,2274.0,5.716
2251,2275.0,7.113
2252,2276.0,6.32
2253,2277.0,5.796
2254,2278.0,5.756
2255,2279.0,7.274
2256,2280.0,6.199
2257,2281.0,5.635
2258,2282.0,6.561
2259,2283.0,7.033
2260,2284.0,6.118
2261,2285.0,5.555
2262,2286.0,6.803
2263,2287.0,6.872
2264,2288.0,6.078
2265,2289.0,5.555
2266,2290.0,7.435
2267,2291.0,6.682
2268,2292.0,5.998
2269,2293.0,5.796
2270,2294.0,7.073
2271,2295.0,6.4
2272,2296.0,5.796
2273,2297.0,6.078
2274,2298.0,7.314
2275,2299.0,6.199
2276,2300.0,5.595
2277,2301.0,7.073
2278,2302.0,6.872
2279,2303.0,6.078
2280,2304.0,5.515
2281,2305.0,7.274
2282,2306.0,6.521
2283,2307.0,5.957
2284,2308.0,5.796
2285,2309.0,7.274
2286,2310.0,6.36
2287,2311.0,5.716
2288,2312.0,5.796
2289,2313.0,7.314
2290,2314.0,6.279
2291,2315.0,5.676
2292,2316.0,6.642
2293,2317.0,6.953
2294,2318.0,6.199
2295,2319.0,5.515
2296,2320.0,7.154
2297,2321.0,6.561
2298,2322.0,6.038
2299,2323.0,5.796
2300,2324.0,7.194
2301,2325.0,6.44
2302,2326.0,5.716
2303,2327.0,6.521
2304,2328.0,7.194
2305,2329.0,6.199
2306,2330.0,5.515
2307,2331.0,6.561
2308,2332.0,7.073
2309,2333.0,6.199
2310,2334.0,5.515
2311,2335.0,7.113
2312,2336.0,6.682
2313,2337.0,6.038
2314,2339.0,5.676
2315,2340.0,7.274
2316,2341.0,6.4
2317,2342.0,5.837
2318,2343.0,6.239
2319,2344.0,7.274
2320,2345.0,6.159
2321,2346.0,5.595
2322,2347.0,6.883
2323,2348.0,6.913
2324,2349.0,6.078
2325,2350.0,5.474
2326,2351.0,7.355
2327,2352.0,6.561
2328,2353.0,5.957
2329,2354.0,5.877
2330,2355.0,7.314
2331,2356.0,6.44
2332,2357.0,5.676
2333,2358.0,6.601
2334,2359.0,7.073
2335,2360.0,6.199
2336,2361.0,5.555
2337,2362.0,7.113
2338,2363.0,6.591
2339,2364.0,6.038
2340,2365.0,5.837
2341,2366.0,7.314
2342,2367.0,6.481
2343,2368.0,5.756
2344,2369.0,6.561
2345,2370.0,6.913
2346,2371.0,6.118
2347,2372.0,5.515
2348,2373.0,7.194
2349,2374.0,6.521
2350,2375.0,5.957
2351,2376.0,5.756
2352,2377.0,7.314
2353,2378.0,6.36
2354,2379.0,5.716
2355,2380.0,6.561
2356,2381.0,7.073
2357,2382.0,6.159
2358,2383.0,5.515
2359,2384.0,7.073
2360,2385.0,6.631
2361,2386.0,5.998
2362,2387.0,5.756
2363,2388.0,7.033
2364,2389.0,6.521
2365,2390.0,5.756
2366,2391.0,6.521
2367,2392.0,7.154
2368,2393.0,6.239
2369,2394.0,5.555
2370,2395.0,7.314
2371,2396.0,6.832
2372,2397.0,6.159
2373,2398.0,5.434
2374,2399.0,7.314
2375,2400.0,6.712
2376,2401.0,6.078
2377,2402.0,5.716
2378,2403.0,7.234
2379,2404.0,6.36
2380,2405.0,5.877
2381,2406.0,6.199
2382,2407.0,7.314
2383,2408.0,6.199
2384,2409.0,5.676
2385,2410.0,7.194
2386,2411.0,6.832
2387,2412.0,6.118
2388,2413.0,5.515
2389,2414.0,7.515
2390,2415.0,6.561
2391,2416.0,5.957
2392,2417.0,5.756
2393,2418.0,7.274
2394,2419.0,6.32
2395,2420.0,5.716
2396,2421.0,6.601
2397,2422.0,7.073
2398,2423.0,6.118
2399,2424.0,5.515
2400,2425.0,7.314
2401,2426.0,6.671
2402,2427.0,6.038
2403,2428.0,5.515
2404,2429.0,7.314
2405,2430.0,6.481
2406,2431.0,5.877
2407,2432.0,5.796
2408,2433.0,7.234
2409,2434.0,6.239
2410,2436.0,5.635
2411,2437.0,6.561
2412,2438.0,6.953
2413,2439.0,6.159
2414,2440.0,5.515
2415,2441.0,7.314
2416,2442.0,6.481
2417,2443.0,5.998
2418,2444.0,5.595
2419,2445.0,7.274
2420,2446.0,6.4
2421,2447.0,5.877
2422,2448.0,6.239
2423,2449.0,7.274
2424,2450.0,6.199
2425,2451.0,5.635
2426,2452.0,6.964
2427,2453.0,6.913
2428,2454.0,6.038
2429,2455.0,5.515
2430,2456.0,7.073
2431,2457.0,6.601
2432,2458.0,5.998
2433,2459.0,5.837
2434,2460.0,7.274
2435,2461.0,6.4
2436,2462.0,5.716
2437,2463.0,6.521
2438,2464.0,7.154
2439,2465.0,6.239
2440,2466.0,5.595
2441,2467.0,7.355
2442,2468.0,6.872
2443,2469.0,6.118
2444,2470.0,5.474
2445,2471.0,6.763
2446,2472.0,6.913
2447,2473.0,6.038
2448,2474.0,5.474
2449,2475.0,7.515
2450,2476.0,6.601
2451,2477.0,5.957
2452,2478.0,5.756
2453,2479.0,7.274
2454,2480.0,6.4
2455,2481.0,5.756
2456,2482.0,6.4
2457,2483.0,7.234
2458,2484.0,6.199
2459,2485.0,5.555
2460,2486.0,7.355
2461,2487.0,6.712
2462,2488.0,6.078
2463,2489.0,5.716
2464,2490.0,7.194
2465,2491.0,6.36
2466,2492.0,5.877
2467,2493.0,6.078
2468,2494.0,7.314
2469,2495.0,6.199
2470,2496.0,5.595
2471,2497.0,6.561
2472,2498.0,7.033
2473,2499.0,6.159
2474,2500.0,5.595
2475,2501.0,7.274
2476,2502.0,6.521
2477,2503.0,5.957
2478,2504.0,5.796
2479,2505.0,7.033
2480,2506.0,6.521
2481,2507.0,5.756
2482,2508.0,6.561
2483,2509.0,7.194
2484,2510.0,6.239
2485,2511.0,5.555
2486,2512.0,7.274
2487,2513.0,6.792
2488,2514.0,6.038
2489,2515.0,5.756
2490,2516.0,7.113
2491,2517.0,6.32
2492,2518.0,5.796
2493,2519.0,6.481
2494,2520.0,7.194
2495,2521.0,6.239
2496,2522.0,5.595
2497,2523.0,7.274
2498,2524.0,6.832
2499,2525.0,6.118
2500,2526.0,5.515
2501,2527.0,7.395
2502,2528.0,6.561
2503,2529.0,5.998
2504,2530.0,5.756
2505,2532.0,7.314
2506,2533.0,6.4
2507,2534.0,5.756
2508,2535.0,6.521
2509,2536.0,7.154
2510,2537.0,6.159
2511,2538.0,5.555
2512,2539.0,7.314
2513,2540.0,6.712
2514,2541.0,6.038
2515,2542.0,5.756
2516,2543.0,7.274
2517,2544.0,6.44
2518,2545.0,5.877
2519,2546.0,6.521
2520,2547.0,7.154
2521,2548.0,6.239
2522,2549.0,5.555
2523,2550.0,6.521
2524,2551.0,7.194
2525,2552.0,6.239
2526,2553.0,5.515
2527,2554.0,6.118
2528,2555.0,7.274
2529,2556.0,6.279
2530,2557.0,5.635
2531,2558.0,6.521
2532,2559.0,7.194
2533,2560.0,6.239
2534,2561.0,5.515
2535,2562.0,5.756
2536,2563.0,7.274
2537,2564.0,6.199
2538,2565.0,5.635
2539,2566.0,6.521
2540,2567.0,6.913
2541,2568.0,6.118
2542,2569.0,5.515
2543,2570.0,7.355
2544,2571.0,6.481
2545,2572.0,5.957
2546,2573.0,5.796
2547,2574.0,7.314
2548,2575.0,6.36
2549,2576.0,5.716
2550,2577.0,6.481
2551,2578.0,7.234
2552,2579.0,6.199
2553,2580.0,5.595
2554,2581.0,6.964
2555,2582.0,6.872
2556,2583.0,6.078
2557,2584.0,5.474
2558,2585.0,7.435
2559,2586.0,6.481
2560,2587.0,5.917
2561,2588.0,5.877
2562,2589.0,7.234
2563,2590.0,6.239
2564,2591.0,5.635
2565,2592.0,6.682
2566,2593.0,6.953
2567,2594.0,6.078
2568,2595.0,5.515
2569,2596.0,7.274
2570,2597.0,6.561
2571,2598.0,5.957
2572,2599.0,5.796
2573,2600.0,7.194
2574,2601.0,6.481
2575,2602.0,5.756
2576,2603.0,6.521
2577,2604.0,7.154
2578,2605.0,6.279
2579,2606.0,5.555
2580,2607.0,7.515
2581,2608.0,6.792
2582,2609.0,6.118
2583,2610.0,5.595
2584,2611.0,7.274
2585,2612.0,6.44
2586,2613.0,5.877
2587,2614.0,5.796
2588,2615.0,7.234
2589,2616.0,6.32
2590,2617.0,5.635
2591,2618.0,6.601
2592,2619.0,6.953
2593,2620.0,6.118
2594,2621.0,5.515
2595,2622.0,7.395
2596,2623.0,6.561
2597,2624.0,5.998
2598,2625.0,5.796
2599,2626.0,7.355
2600,2628.0,6.239
2601,2629.0,5.676
2602,2630.0,6.642
2603,2631.0,6.993
2604,2632.0,6.078
2605,2633.0,5.515
2606,2634.0,7.073
2607,2635.0,6.601
2608,2636.0,5.957
2609,2637.0,5.756
2610,2638.0,7.234
2611,2639.0,6.44
2612,2640.0,5.716
2613,2641.0,6.601
2614,2642.0,7.033
2615,2643.0,6.159
2616,2644.0,5.515
2617,2645.0,7.355
2618,2646.0,6.712
2619,2647.0,6.078
2620,2648.0,5.474
2621,2649.0,7.314
2622,2650.0,6.521
2623,2651.0,5.998
2624,2652.0,5.756
2625,2653.0,7.314
2626,2654.0,6.32
2627,2655.0,5.756
2628,2656.0,6.481
2629,2657.0,7.234
2630,2658.0,6.159
2631,2659.0,5.595
2632,2660.0,7.355
2633,2661.0,6.752
2634,2662.0,6.078
2635,2663.0,5.756
2636,2664.0,7.033
2637,2665.0,6.44
2638,2666.0,5.756
2639,2667.0,6.481
2640,2668.0,7.234
2641,2669.0,6.199
2642,2670.0,5.555
2643,2671.0,7.314
2644,2672.0,6.752
2645,2673.0,6.038
2646,2674.0,5.555
2647,2675.0,7.314
2648,2676.0,6.44
2649,2677.0,5.877
2650,2678.0,5.796
2651,2679.0,7.314
2652,2680.0,6.239
2653,2681.0,5.635
2654,2682.0,6.561
2655,2683.0,6.993
2656,2684.0,6.118
2657,2685.0,5.474
2658,2686.0,7.355
2659,2687.0,6.481
2660,2688.0,5.957
2661,2689.0,5.676
2662,2690.0,7.113
2663,2691.0,6.279
2664,2692.0,5.837
2665,2693.0,6.36
2666,2694.0,7.234
2667,2695.0,6.159
2668,2696.0,5.676
2669,2697.0,7.194
2670,2698.0,6.872
2671,2699.0,6.118
2672,2700.0,5.555
2673,2701.0,7.234
2674,2702.0,6.601
2675,2703.0,5.957
2676,2704.0,5.877
2677,2705.0,7.355
2678,2706.0,6.32
2679,2707.0,5.635
2680,2708.0,6.561
2681,2709.0,6.993
2682,2710.0,6.159
2683,2711.0,5.515
2684,2712.0,7.113
2685,2713.0,6.551
2686,2714.0,5.957
2687,2715.0,5.676
2688,2716.0,7.113
2689,2717.0,6.32
2690,2718.0,5.796
2691,2719.0,5.796
2692,2720.0,7.234
2693,2721.0,6.279
2694,2722.0,5.676
2695,2724.0,6.521
2696,2725.0,7.154
2697,2726.0,6.199
2698,2727.0,5.515
2699,2728.0,7.355
2700,2729.0,6.722
2701,2730.0,6.078
2702,2731.0,5.595
2703,2732.0,7.274
2704,2733.0,6.4
2705,2734.0,5.877
2706,2735.0,5.756
2707,2736.0,7.234
2708,2737.0,6.279
2709,2738.0,5.676
2710,2739.0,6.199
2711,2740.0,7.314
2712,2741.0,6.159
2713,2742.0,5.635
2714,2743.0,7.044
2715,2744.0,6.872
2716,2745.0,6.078
2717,2746.0,5.515
2718,2747.0,7.435
2719,2748.0,6.682
2720,2749.0,6.038
2721,2750.0,5.837
2722,2751.0,7.314
2723,2752.0,6.32
2724,2753.0,5.676
2725,2754.0,6.601
2726,2755.0,7.033
2727,2756.0,6.239
2728,2757.0,5.515
2729,2758.0,7.113
2730,2759.0,6.631
2731,2760.0,5.957
2732,2761.0,5.756
2733,2762.0,7.033
2734,2763.0,6.481
2735,2764.0,5.756
2736,2765.0,6.199
2737,2766.0,7.274
2738,2767.0,6.199
2739,2768.0,5.635
2740,2769.0,7.475
2741,2770.0,6.792
2742,2771.0,6.078
2743,2772.0,5.474
2744,2773.0,7.355
2745,2774.0,6.481
2746,2775.0,5.917
2747,2776.0,5.796
2748,2777.0,7.274
2749,2778.0,6.279
2750,2779.0,5.635
2751,2780.0,6.561
2752,2781.0,6.993
2753,2782.0,6.159
2754,2783.0,5.515
2755,2784.0,7.154
2756,2785.0,6.722
2757,2786.0,5.998
2758,2787.0,5.515
2759,2788.0,7.395
2760,2789.0,6.521
2761,2790.0,5.917
2762,2791.0,5.796
2763,2792.0,7.355
2764,2793.0,6.279
2765,2794.0,5.635
2766,2795.0,6.481
2767,2796.0,7.194
2768,2797.0,6.279
2769,2798.0,5.595
2770,2799.0,7.515
2771,2800.0,6.763
2772,2801.0,6.118
2773,2802.0,5.474
2774,2803.0,7.395
2775,2804.0,6.481
2776,2805.0,5.957
2777,2806.0,5.756
2778,2807.0,7.314
2779,2808.0,6.239
2780,2809.0,5.595
2781,2810.0,6.481
2782,2811.0,7.234
2783,2812.0,6.199
2784,2813.0,5.595
2785,2814.0,7.314
2786,2815.0,6.671
2787,2816.0,6.038
2788,2817.0,5.676
2789,2818.0,7.234
2790,2820.0,6.36
2791,2821.0,5.837
2792,2822.0,6.199
2793,2823.0,7.274
2794,2824.0,6.199
2795,2825.0,5.595
2796,2826.0,7.004
2797,2827.0,6.832
2798,2828.0,6.078
2799,2829.0,5.515
2800,2830.0,6.561
2801,2831.0,7.113
2802,2832.0,6.159
2803,2833.0,5.555
2804,2834.0,7.475
2805,2835.0,6.832
2806,2836.0,6.078
2807,2837.0,5.555
2808,2838.0,7.274
2809,2839.0,6.521
2810,2840.0,5.957
2811,2841.0,5.796
2812,2842.0,7.234
2813,2843.0,6.44
2814,2844.0,5.756
2815,2845.0,6.601
2816,2846.0,7.033
2817,2847.0,6.159
2818,2848.0,5.515
2819,2849.0,7.113
2820,2850.0,6.642
2821,2851.0,6.038
2822,2852.0,5.716
2823,2853.0,7.154
2824,2854.0,6.32
2825,2855.0,5.837
2826,2856.0,6.118
2827,2857.0,7.274
2828,2858.0,6.239
2829,2859.0,5.595
2830,2860.0,6.521
2831,2861.0,7.154
2832,2862.0,6.199
2833,2863.0,5.555
2834,2864.0,7.475
2835,2865.0,6.832
2836,2866.0,6.118
2837,2867.0,5.474
2838,2868.0,7.435
2839,2869.0,6.521
2840,2870.0,5.957
2841,2871.0,5.796
2842,2872.0,7.314
2843,2873.0,6.279
2844,2874.0,5.676
2845,2875.0,6.561
2846,2876.0,7.033
2847,2877.0,6.159
2848,2878.0,5.555
2849,2879.0,7.355
2850,2880.0,6.872
2851,2881.0,6.078
2852,2882.0,5.474
2853,2883.0,7.515
2854,2884.0,6.601
2855,2885.0,5.957
2856,2886.0,5.796
2857,2887.0,7.234
2858,2888.0,6.32
2859,2889.0,5.676
2860,2890.0,6.561
2861,2891.0,7.113
2862,2892.0,6.159
2863,2893.0,5.515
2864,2894.0,7.274
2865,2895.0,6.712
2866,2896.0,6.038
2867,2897.0,5.716
2868,2898.0,7.194
2869,2899.0,6.32
2870,2900.0,5.877
2871,2901.0,6.078
2872,2902.0,7.355
2873,2903.0,6.199
2874,2904.0,5.635
2875,2905.0,6.561
2876,2906.0,6.953
2877,2907.0,6.118
2878,2908.0,5.474
2879,2909.0,7.044
2880,2910.0,6.601
2881,2911.0,5.998
2882,2912.0,5.676
2883,2913.0,7.113
2884,2914.0,6.279
2885,2915.0,5.877
2886,2917.0,5.917
2887,2918.0,7.234
2888,2919.0,6.239
2889,2920.0,5.595
2890,2921.0,6.722
2891,2922.0,6.953
2892,2923.0,6.078
2893,2924.0,5.474
2894,2925.0,7.274
2895,2926.0,6.521
2896,2927.0,5.957
2897,2928.0,5.716
2898,2929.0,7.073
2899,2930.0,6.32
2900,2931.0,5.756
2901,2932.0,5.796
2902,2933.0,7.274
2903,2934.0,6.239
2904,2935.0,5.635
2905,2936.0,5.796
2906,2937.0,7.314
2907,2938.0,6.279
2908,2939.0,5.635
2909,2940.0,5.796
2910,2941.0,7.154
2911,2942.0,6.279
2912,2943.0,5.595
2913,2944.0,6.682
2914,2945.0,6.993
2915,2946.0,6.118
2916,2947.0,5.474
2917,2948.0,7.234
2918,2949.0,6.521
2919,2950.0,6.038
2920,2951.0,5.756
2921,2952.0,7.395
2922,2953.0,6.36
2923,2954.0,5.716
2924,2955.0,6.481
2925,2956.0,7.194
2926,2957.0,6.199
2927,2958.0,5.555
2928,2959.0,7.435
2929,2960.0,6.872
2930,2961.0,6.159
2931,2962.0,5.434
2932,2963.0,7.435
2933,2964.0,6.642
2934,2965.0,5.998
2935,2966.0,5.474
2936,2967.0,7.314
2937,2968.0,6.44
2938,2969.0,5.877
2939,2970.0,5.756
2940,2971.0,7.234
2941,2972.0,6.32
2942,2973.0,5.676
2943,2974.0,6.561
2944,2975.0,7.113
2945,2976.0,6.118
2946,2977.0,5.555
2947,2978.0,7.435
2948,2979.0,6.872
2949,2980.0,6.078
2950,2981.0,5.515
2951,2982.0,7.113
2952,2983.0,6.631
2953,2984.0,5.998
2954,2985.0,5.756
2955,2986.0,7.154
2956,2987.0,6.36
2957,2988.0,5.796
2958,2989.0,5.837
2959,2990.0,7.154
2960,2991.0,6.279
2961,2992.0,5.635
2962,2993.0,7.274
2963,2994.0,6.792
2964,2995.0,6.159
2965,2996.0,5.474
2966,2997.0,7.515
2967,2998.0,6.631
2968,2999.0,6.038
2969,3000.0,5.837
2970,3001.0,7.274
2971,3002.0,6.279
2972,3003.0,5.716
2973,3004.0,6.561
2974,3005.0,7.073
2975,3006.0,6.159
2976,3007.0,5.515
2977,3008.0,7.234
2978,3009.0,6.752
2979,3010.0,6.038
2980,3012.0,5.635
2981,3013.0,7.314
2982,3014.0,6.44
2983,3015.0,5.877
2984,3016.0,5.796
2985,3017.0,7.194
2986,3018.0,6.279
2987,3019.0,5.635
2988,3020.0,6.561
2989,3021.0,7.073
2990,3022.0,6.159
2991,3023.0,5.555
2992,3024.0,7.234
2993,3025.0,6.752
2994,3026.0,6.038
2995,3027.0,5.756
2996,3028.0,7.154
2997,3029.0,6.36
2998,3030.0,5.796
2999,3031.0,6.199
3000,3032.0,7.274
3001,3033.0,6.199
3002,3034.0,5.555
3003,3035.0,7.355
3004,3036.0,6.832
3005,3037.0,6.118
3006,3038.0,5.474
3007,3039.0,7.435
3008,3040.0,6.521
3009,3041.0,5.957
3010,3042.0,5.716
3011,3043.0,7.314
3012,3044.0,6.32
3013,3045.0,5.756
3014,3046.0,6.561
3015,3047.0,7.154
3016,3048.0,6.118
3017,3049.0,5.595
3018,3050.0,7.274
3019,3051.0,6.832
3020,3052.0,6.038
3021,3053.0,5.716
3022,3054.0,7.274
3023,3055.0,6.4
3024,3056.0,5.877
3025,3057.0,5.796
3026,3058.0,7.314
3027,3059.0,6.199
3028,3060.0,5.595
3029,3061.0,5.756
3030,3062.0,7.355
3031,3063.0,6.199
3032,3064.0,5.635
3033,3065.0,6.561
3034,3066.0,6.953
3035,3067.0,6.159
3036,3068.0,5.555
3037,3069.0,7.234
3038,3070.0,6.752
3039,3071.0,5.998
3040,3072.0,5.676
3041,3073.0,7.194
3042,3074.0,6.36
3043,3075.0,5.796
3044,3076.0,5.796
3045,3077.0,7.274
3046,3078.0,6.199
3047,3079.0,5.635
3048,3080.0,6.521
3049,3081.0,7.194
3050,3082.0,6.199
3051,3083.0,5.555
3052,3084.0,7.395
3053,3085.0,6.752
3054,3086.0,6.078
3055,3087.0,5.474
3056,3088.0,7.395
3057,3089.0,6.481
3058,3090.0,5.957
3059,3091.0,5.796
3060,3092.0,7.314
3061,3093.0,6.239
3062,3094.0,5.676
3063,3095.0,6.561
3064,3096.0,7.073
3065,3097.0,6.159
3066,3098.0,5.555
3067,3099.0,7.515
3068,3100.0,6.872
3069,3101.0,6.078
3070,3102.0,5.474
3071,3103.0,6.803
3072,3104.0,6.924
3073,3105.0,6.038
3074,3106.0,5.474
3075,3107.0,7.073
3076,3109.0,6.601
3077,3110.0,5.998
3078,3111.0,5.434
3079,3112.0,7.556
3080,3113.0,6.601
3081,3114.0,5.998
3082,3115.0,5.716
3083,3116.0,7.073
3084,3117.0,6.4
3085,3118.0,5.796
3086,3119.0,5.756
3087,3120.0,7.194
3088,3121.0,6.279
3089,3122.0,6.279
3090,3123.0,5.756
3091,3124.0,5.233
3092,3125.0,5.193
3093,3126.0,5.152
