prefix,profile,model,precision,batch,power_csv,perf_csv,bench_meta,avg_power_W,power_samples,throughput_img_s,latency_avg_ms,latency_p50_ms,top1,duration_s,timestamp,energy_J,energy_per_img_J,energy_per_inference_J,energy_J_integrated,energy_per_img_J_integrated,edp_Js,edp_per_img_Js
resnet50_fp16_slow_BS32,slow,resnet50,fp16,32,/home/adem/jetson-containers/workspace/ee-bench/results/Ergebnisse_13.03.2026/resnet50_fp16_slow_BS32_tegrastats_power.csv,/home/adem/jetson-containers/workspace/ee-bench/results/Ergebnisse_13.03.2026/resnet50_fp16_slow_BS32_perf.csv,/home/adem/jetson-containers/workspace/ee-bench/results/Ergebnisse_13.03.2026/resnet50_fp16_slow_BS32_bench_meta.json,6.0200382807253305,1489,105.62883894612635,302.8506570262258,301.90687999993315,0.80736,1462.2182777950002,2026-03-09T14:18:10Z,8802.610007102166,0.17605220014204334,5.631868206719236,9068.200999999995,0.1813640199999999,13259689.248918891,0.05492621261791753
resnet50_fp16_slow_BS64,slow,resnet50,fp16,64,/home/adem/jetson-containers/workspace/ee-bench/results/Ergebnisse_13.03.2026/resnet50_fp16_slow_BS64_tegrastats_power.csv,/home/adem/jetson-containers/workspace/ee-bench/results/Ergebnisse_13.03.2026/resnet50_fp16_slow_BS64_perf.csv,/home/adem/jetson-containers/workspace/ee-bench/results/Ergebnisse_13.03.2026/resnet50_fp16_slow_BS64_bench_meta.json,5.9316521164021125,1512,109.00627574446966,586.559062670069,586.6271999998389,0.80736,1476.6764720960005,2026-03-09T14:43:46Z,8759.131120949447,0.17518262241898894,11.200934937275507,9078.928499999998,0.18157856999999997,13406640.10779183,0.10650655582017149
resnet50_fp16_slow_BS128,slow,resnet50,fp16,128,/home/adem/jetson-containers/workspace/ee-bench/results/Ergebnisse_13.03.2026/resnet50_fp16_slow_BS128_tegrastats_power.csv,/home/adem/jetson-containers/workspace/ee-bench/results/Ergebnisse_13.03.2026/resnet50_fp16_slow_BS128_perf.csv,/home/adem/jetson-containers/workspace/ee-bench/results/Ergebnisse_13.03.2026/resnet50_fp16_slow_BS128_bench_meta.json,5.86045740498034,1526,116.49451315525219,1097.7103932889995,1097.6512320003167,0.80734,1465.3319741119994,2026-03-09T15:09:33Z,8587.515618439127,0.17175031236878255,21.96295554588012,9058.790500000006,0.18117581000000013,13274135.366432035,0.1988785696495532
resnet50_fp32_slow_BS32,slow,resnet50,fp32,32,/home/adem/jetson-containers/workspace/ee-bench/results/Ergebnisse_13.03.2026/resnet50_fp32_slow_BS32_tegrastats_power.csv,/home/adem/jetson-containers/workspace/ee-bench/results/Ergebnisse_13.03.2026/resnet50_fp32_slow_BS32_perf.csv,/home/adem/jetson-containers/workspace/ee-bench/results/Ergebnisse_13.03.2026/resnet50_fp32_slow_BS32_bench_meta.json,6.9824318501170834,2135,44.54200215725865,718.1932047600749,717.1761919998971,0.80724,2101.6679957120004,2026-03-09T15:45:37Z,14674.753551631205,0.2934950710326241,9.388837844933592,15085.516500000007,0.30171033000000014,31704747.226835325,0.21668630881191986
resnet50_fp32_slow_BS64,slow,resnet50,fp32,64,/home/adem/jetson-containers/workspace/ee-bench/results/Ergebnisse_13.03.2026/resnet50_fp32_slow_BS64_tegrastats_power.csv,/home/adem/jetson-containers/workspace/ee-bench/results/Ergebnisse_13.03.2026/resnet50_fp32_slow_BS64_perf.csv,/home/adem/jetson-containers/workspace/ee-bench/results/Ergebnisse_13.03.2026/resnet50_fp32_slow_BS64_bench_meta.json,6.910101686972804,2134,46.78362440866643,1366.6880181687443,1365.7949440002994,0.80724,2067.921393664001,2026-03-09T16:21:39Z,14289.547110884763,0.28579094221769524,18.273078146911462,14917.264499999988,0.29834528999999976,30847730.3944945,0.4077449331200789
resnet50_fp32_slow_BS128,slow,resnet50,fp32,128,/home/adem/jetson-containers/workspace/ee-bench/results/Ergebnisse_13.03.2026/resnet50_fp32_slow_BS128_tegrastats_power.csv,/home/adem/jetson-containers/workspace/ee-bench/results/Ergebnisse_13.03.2026/resnet50_fp32_slow_BS128_perf.csv,/home/adem/jetson-containers/workspace/ee-bench/results/Ergebnisse_13.03.2026/resnet50_fp32_slow_BS128_bench_meta.json,6.814451104100956,2219,46.93183831916484,2724.7438504756615,2720.5759360003867,0.80724,2083.7970808320006,2026-03-09T16:59:07Z,14199.933318197976,0.28399866636395954,36.31696500817897,15304.33550000005,0.306086710000001,31891129.63897366,0.8340078807848299
resnet50_fp64_slow_BS32,slow,resnet50,fp64,32,/home/adem/jetson-containers/workspace/ee-bench/results/Ergebnisse_13.03.2026/resnet50_fp64_slow_BS32_tegrastats_power.csv,/home/adem/jetson-containers/workspace/ee-bench/results/Ergebnisse_13.03.2026/resnet50_fp64_slow_BS32_perf.csv,/home/adem/jetson-containers/workspace/ee-bench/results/Ergebnisse_13.03.2026/resnet50_fp64_slow_BS32_bench_meta.json,5.485116267199332,45060,1.1589589006836245,27602.15505216125,27608.291871998517,0.80724,44198.416271616,2026-03-10T05:39:15Z,242433.45207588855,4.848669041517771,155.10777484061967,250162.3415000013,5.003246830000026,11056779305.099215,138.10039476589498
resnet50_fp64_slow_BS64,slow,resnet50,fp64,64,/home/adem/jetson-containers/workspace/ee-bench/results/Ergebnisse_13.03.2026/resnet50_fp64_slow_BS64_tegrastats_power.csv,/home/adem/jetson-containers/workspace/ee-bench/results/Ergebnisse_13.03.2026/resnet50_fp64_slow_BS64_perf.csv,/home/adem/jetson-containers/workspace/ee-bench/results/Ergebnisse_13.03.2026/resnet50_fp64_slow_BS64_bench_meta.json,5.554828159979976,46456,1.158527334721576,55189.56438019419,55236.8995519937,0.80724,44226.701279712,2026-03-10T18:42:57Z,245671.72569156662,4.913434513831333,314.15821699688826,261161.16500000027,5.223223300000005,11550296830.316587,288.2674185874807
resnet50_fp64_slow_BS128,slow,resnet50,fp64,128,/home/adem/jetson-containers/workspace/ee-bench/results/Ergebnisse_13.03.2026/resnet50_fp64_slow_BS128_tegrastats_power.csv,/home/adem/jetson-containers/workspace/ee-bench/results/Ergebnisse_13.03.2026/resnet50_fp64_slow_BS128_perf.csv,/home/adem/jetson-containers/workspace/ee-bench/results/Ergebnisse_13.03.2026/resnet50_fp64_slow_BS128_bench_meta.json,5.207416048247763,46759,1.2214831556987737,104690.13613086435,104772.29481600807,0.80724,42044.84334822399,2026-03-11T07:51:34Z,218944.99199760484,4.378899839952097,559.9616163621607,246384.11149998815,4.927682229999763,10359181371.508356,515.8797234683165
mobilenet_v2_fp16_slow_BS32,slow,mobilenet_v2,fp16,32,/home/adem/jetson-containers/workspace/ee-bench/results/Ergebnisse_13.03.2026/mobilenet_v2_fp16_slow_BS32_tegrastats_power.csv,/home/adem/jetson-containers/workspace/ee-bench/results/Ergebnisse_13.03.2026/mobilenet_v2_fp16_slow_BS32_perf.csv,/home/adem/jetson-containers/workspace/ee-bench/results/Ergebnisse_13.03.2026/mobilenet_v2_fp16_slow_BS32_bench_meta.json,4.946582181259588,1302,195.68214060392972,163.47819569543964,162.68227199907415,0.72106,1285.207914240018,2026-03-11T08:13:49Z,6357.386567793474,0.1271477313558695,4.067425827123143,6524.17699999999,0.1304835399999998,8384923.914302684,0.021331213687153693
mobilenet_v2_fp16_slow_BS64,slow,mobilenet_v2,fp16,64,/home/adem/jetson-containers/workspace/ee-bench/results/Ergebnisse_13.03.2026/mobilenet_v2_fp16_slow_BS64_tegrastats_power.csv,/home/adem/jetson-containers/workspace/ee-bench/results/Ergebnisse_13.03.2026/mobilenet_v2_fp16_slow_BS64_perf.csv,/home/adem/jetson-containers/workspace/ee-bench/results/Ergebnisse_13.03.2026/mobilenet_v2_fp16_slow_BS64_bench_meta.json,4.973979037267077,1288,222.5877473442788,287.25129612339657,287.24624001188204,0.72116,1271.3593060159765,2026-03-11T08:35:37Z,6323.714536957887,0.12647429073915772,8.086591479485788,6482.698500000007,0.12965397000000015,8241839.06607082,0.037243270930044016
mobilenet_v2_fp16_slow_BS128,slow,mobilenet_v2,fp16,128,/home/adem/jetson-containers/workspace/ee-bench/results/Ergebnisse_13.03.2026/mobilenet_v2_fp16_slow_BS128_tegrastats_power.csv,/home/adem/jetson-containers/workspace/ee-bench/results/Ergebnisse_13.03.2026/mobilenet_v2_fp16_slow_BS128_perf.csv,/home/adem/jetson-containers/workspace/ee-bench/results/Ergebnisse_13.03.2026/mobilenet_v2_fp16_slow_BS128_bench_meta.json,5.030558481797085,1291,237.49698277935508,538.4373155193549,539.0835519938264,0.7211,1260.0841102080012,2026-03-11T08:57:28Z,6338.926808384594,0.12677853616769189,16.212089024001518,6574.987999999992,0.13149975999999985,8285037.903608276,0.07080437776583937
mobilenet_v2_fp32_slow_BS32,slow,mobilenet_v2,fp32,32,/home/adem/jetson-containers/workspace/ee-bench/results/Ergebnisse_13.03.2026/mobilenet_v2_fp32_slow_BS32_tegrastats_power.csv,/home/adem/jetson-containers/workspace/ee-bench/results/Ergebnisse_13.03.2026/mobilenet_v2_fp32_slow_BS32_perf.csv,/home/adem/jetson-containers/workspace/ee-bench/results/Ergebnisse_13.03.2026/mobilenet_v2_fp32_slow_BS32_bench_meta.json,5.758303244005632,1418,120.28350440600985,265.953036816854,263.9253759989515,0.7214,1402.2621791999845,2026-03-11T09:21:26Z,8074.650855433678,0.16149301710867356,5.166123387993396,8256.561000000003,0.16513122000000008,11577863.220557608,0.04391714943227204
mobilenet_v2_fp32_slow_BS64,slow,mobilenet_v2,fp32,64,/home/adem/jetson-containers/workspace/ee-bench/results/Ergebnisse_13.03.2026/mobilenet_v2_fp32_slow_BS64_tegrastats_power.csv,/home/adem/jetson-containers/workspace/ee-bench/results/Ergebnisse_13.03.2026/mobilenet_v2_fp32_slow_BS64_perf.csv,/home/adem/jetson-containers/workspace/ee-bench/results/Ergebnisse_13.03.2026/mobilenet_v2_fp32_slow_BS64_bench_meta.json,5.6324732510288085,1458,121.51556124866752,526.1763865369327,526.891040004557,0.7214,1429.0356984319806,2026-03-11T09:46:04Z,8049.005346183401,0.16098010692366801,10.292845711231971,8320.449999999999,0.16640899999999997,11890220.07701837,0.08756048630722442
mobilenet_v2_fp32_slow_BS128,slow,mobilenet_v2,fp32,128,/home/adem/jetson-containers/workspace/ee-bench/results/Ergebnisse_13.03.2026/mobilenet_v2_fp32_slow_BS128_tegrastats_power.csv,/home/adem/jetson-containers/workspace/ee-bench/results/Ergebnisse_13.03.2026/mobilenet_v2_fp32_slow_BS128_perf.csv,/home/adem/jetson-containers/workspace/ee-bench/results/Ergebnisse_13.03.2026/mobilenet_v2_fp32_slow_BS128_bench_meta.json,5.623546811397574,1474,126.61930107734837,1009.9347948030892,1009.9577920045704,0.7214,1420.170804608002,2026-03-11T10:10:59Z,7986.396999893257,0.15972793999786514,20.42556777466306,8388.012500000003,0.16776025000000006,11912410.461186983,0.169426913659865
mobilenet_v2_fp64_slow_BS32,slow,mobilenet_v2,fp64,32,/home/adem/jetson-containers/workspace/ee-bench/results/Ergebnisse_13.03.2026/mobilenet_v2_fp64_slow_BS32_tegrastats_power.csv,/home/adem/jetson-containers/workspace/ee-bench/results/Ergebnisse_13.03.2026/mobilenet_v2_fp64_slow_BS32_perf.csv,/home/adem/jetson-containers/workspace/ee-bench/results/Ergebnisse_13.03.2026/mobilenet_v2_fp64_slow_BS32_bench_meta.json,5.126218273167058,5374,11.832784041118082,2703.4857700934635,2701.8541439902037,0.7214,5282.125900192012,2026-03-11T11:41:42Z,27077.330310733283,0.5415466062146657,17.32394773559391,27884.25199999991,0.5576850399999982,147288129.69668043,1.507693569833999
mobilenet_v2_fp64_slow_BS64,slow,mobilenet_v2,fp64,64,/home/adem/jetson-containers/workspace/ee-bench/results/Ergebnisse_13.03.2026/mobilenet_v2_fp64_slow_BS64_tegrastats_power.csv,/home/adem/jetson-containers/workspace/ee-bench/results/Ergebnisse_13.03.2026/mobilenet_v2_fp64_slow_BS64_perf.csv,/home/adem/jetson-containers/workspace/ee-bench/results/Ergebnisse_13.03.2026/mobilenet_v2_fp64_slow_BS64_bench_meta.json,5.069972640218821,5848,11.055812627167414,5783.258190240583,5783.776928001316,0.7214,5606.461522016005,2026-03-11T13:20:25Z,28424.606525060713,0.5684921305012143,36.34860169445104,30012.204000000096,0.600244080000002,168262266.91689536,3.4713664918034346
mobilenet_v2_fp64_slow_BS128,slow,mobilenet_v2,fp64,128,/home/adem/jetson-containers/workspace/ee-bench/results/Ergebnisse_13.03.2026/mobilenet_v2_fp64_slow_BS128_tegrastats_power.csv,/home/adem/jetson-containers/workspace/ee-bench/results/Ergebnisse_13.03.2026/mobilenet_v2_fp64_slow_BS128_perf.csv,/home/adem/jetson-containers/workspace/ee-bench/results/Ergebnisse_13.03.2026/mobilenet_v2_fp64_slow_BS128_bench_meta.json,5.050066676655679,6674,10.624560691016375,12036.002388295388,11552.581727999495,0.7214,6138.972793696012,2026-03-11T15:12:50Z,31002.221934340047,0.6200444386868009,79.28957016455254,34116.1960000001,0.682323920000002,209438399.0684013,8.212452330711095
resnet50_fp16_medium_BS32,medium,resnet50,fp16,32,/home/adem/jetson-containers/workspace/ee-bench/results/Ergebnisse_13.03.2026/resnet50_fp16_medium_BS32_tegrastats_power.csv,/home/adem/jetson-containers/workspace/ee-bench/results/Ergebnisse_13.03.2026/resnet50_fp16_medium_BS32_perf.csv,/home/adem/jetson-containers/workspace/ee-bench/results/Ergebnisse_13.03.2026/resnet50_fp16_medium_BS32_bench_meta.json,6.875713888888915,1080,154.11175263167948,207.57510526926478,207.73219200782478,0.80736,1061.2581762560003,2026-03-11T15:31:24Z,7296.907582180301,0.14593815164360602,4.668526923979719,7522.107999999996,0.1504421599999999,7982898.617680665,0.031228047198935557
resnet50_fp16_medium_BS64,medium,resnet50,fp16,64,/home/adem/jetson-containers/workspace/ee-bench/results/Ergebnisse_13.03.2026/resnet50_fp16_medium_BS64_tegrastats_power.csv,/home/adem/jetson-containers/workspace/ee-bench/results/Ergebnisse_13.03.2026/resnet50_fp16_medium_BS64_perf.csv,/home/adem/jetson-containers/workspace/ee-bench/results/Ergebnisse_13.03.2026/resnet50_fp16_medium_BS64_bench_meta.json,7.030654178674389,1041,167.4215513513107,381.90196190253283,381.7654399899766,0.80736,1018.7348016960023,2026-03-11T15:49:01Z,7162.372090505023,0.14324744181010046,9.159043593996193,7411.197000000004,0.14822394000000008,7550044.30612501,0.05660701348692335
resnet50_fp16_medium_BS128,medium,resnet50,fp16,128,/home/adem/jetson-containers/workspace/ee-bench/results/Ergebnisse_13.03.2026/resnet50_fp16_medium_BS128_tegrastats_power.csv,/home/adem/jetson-containers/workspace/ee-bench/results/Ergebnisse_13.03.2026/resnet50_fp16_medium_BS128_perf.csv,/home/adem/jetson-containers/workspace/ee-bench/results/Ergebnisse_13.03.2026/resnet50_fp16_medium_BS128_bench_meta.json,7.158417322834689,1016,182.5193533052694,700.62289579661,701.1622400023043,0.80734,974.9520894720044,2026-03-11T16:06:12Z,6979.113926210272,0.13958227852420546,17.84939623071681,7367.078499999999,0.14734156999999998,7182548.576879279,0.1032308774446189
resnet50_fp32_medium_BS32,medium,resnet50,fp32,32,/home/adem/jetson-containers/workspace/ee-bench/results/Ergebnisse_13.03.2026/resnet50_fp32_medium_BS32_tegrastats_power.csv,/home/adem/jetson-containers/workspace/ee-bench/results/Ergebnisse_13.03.2026/resnet50_fp32_medium_BS32_perf.csv,/home/adem/jetson-containers/workspace/ee-bench/results/Ergebnisse_13.03.2026/resnet50_fp32_medium_BS32_bench_meta.json,8.863929428369786,1417,75.09704400854955,425.97899422126164,425.638112006709,0.80724,1396.2459654079867,2026-03-11T16:30:10Z,12376.225702022435,0.2475245140404487,7.918250609099447,12723.463500000023,0.25446927000000047,17765084.577890813,0.10839856369481886
resnet50_fp32_medium_BS64,medium,resnet50,fp32,64,/home/adem/jetson-containers/workspace/ee-bench/results/Ergebnisse_13.03.2026/resnet50_fp32_medium_BS64_tegrastats_power.csv,/home/adem/jetson-containers/workspace/ee-bench/results/Ergebnisse_13.03.2026/resnet50_fp32_medium_BS64_perf.csv,/home/adem/jetson-containers/workspace/ee-bench/results/Ergebnisse_13.03.2026/resnet50_fp32_medium_BS64_bench_meta.json,8.794617816091934,1392,78.89520464446316,810.4246539947138,810.8364480140153,0.80724,1352.4146086719993,2026-03-11T16:53:42Z,11893.969612169767,0.23787939224339535,15.20967981095878,12397.081499999993,0.24794162999999986,16765994.125497373,0.20093800970363526
resnet50_fp32_medium_BS128,medium,resnet50,fp32,128,/home/adem/jetson-containers/workspace/ee-bench/results/Ergebnisse_13.03.2026/resnet50_fp32_medium_BS128_tegrastats_power.csv,/home/adem/jetson-containers/workspace/ee-bench/results/Ergebnisse_13.03.2026/resnet50_fp32_medium_BS128_perf.csv,/home/adem/jetson-containers/workspace/ee-bench/results/Ergebnisse_13.03.2026/resnet50_fp32_medium_BS128_bench_meta.json,8.896801423487544,1405,80.30939134363891,1592.3073965843375,1593.2432319968939,0.80724,1324.0319041280018,2026-03-11T17:17:27Z,11779.64892938893,0.23559297858777858,30.12697935905097,12654.225499999982,0.25308450999999965,16754598.284030091,0.4029883372339222
resnet50_fp64_medium_BS32,medium,resnet50,fp64,32,/home/adem/jetson-containers/workspace/ee-bench/results/Ergebnisse_13.03.2026/resnet50_fp64_medium_BS32_tegrastats_power.csv,/home/adem/jetson-containers/workspace/ee-bench/results/Ergebnisse_13.03.2026/resnet50_fp64_medium_BS32_perf.csv,/home/adem/jetson-containers/workspace/ee-bench/results/Ergebnisse_13.03.2026/resnet50_fp64_medium_BS32_bench_meta.json,7.172471907171649,22924,2.298891562893482,13915.298917139047,13917.142847989453,0.80724,22512.11967248001,2026-03-11T23:44:37Z,161467.5459217491,3.2293509184349816,103.3061714150666,166593.8055,3.3318761099999996,3750379686.109858,46.36405202552446
resnet50_fp64_medium_BS64,medium,resnet50,fp64,64,/home/adem/jetson-containers/workspace/ee-bench/results/Ergebnisse_13.03.2026/resnet50_fp64_medium_BS64_tegrastats_power.csv,/home/adem/jetson-containers/workspace/ee-bench/results/Ergebnisse_13.03.2026/resnet50_fp64_medium_BS64_perf.csv,/home/adem/jetson-containers/workspace/ee-bench/results/Ergebnisse_13.03.2026/resnet50_fp64_medium_BS64_bench_meta.json,7.2813375370293665,23630,2.296461337445383,27842.236175836275,27864.858112006914,0.80724,22530.091780575982,2026-03-12T06:23:42Z,164049.2029946247,3.280984059892494,209.7815895071927,174322.37150000106,3.486447430000021,3927499029.3026867,97.07049276069799
resnet50_fp64_medium_BS128,medium,resnet50,fp64,128,/home/adem/jetson-containers/workspace/ee-bench/results/Ergebnisse_13.03.2026/resnet50_fp64_medium_BS128_tegrastats_power.csv,/home/adem/jetson-containers/workspace/ee-bench/results/Ergebnisse_13.03.2026/resnet50_fp64_medium_BS128_perf.csv,/home/adem/jetson-containers/workspace/ee-bench/results/Ergebnisse_13.03.2026/resnet50_fp64_medium_BS128_bench_meta.json,6.639431076229387,23954,2.4187742055536128,52868.613183508656,52772.71603199188,0.80724,21598.414049760002,2026-03-12T13:08:03Z,143401.18143924596,2.8680236287849192,366.75493974231705,161131.6805000022,3.222633610000044,3480188751.9726872,170.37616975926642
mobilenet_v2_fp16_medium_BS32,medium,mobilenet_v2,fp16,32,/home/adem/jetson-containers/workspace/ee-bench/results/Ergebnisse_13.03.2026/mobilenet_v2_fp16_medium_BS32_tegrastats_power.csv,/home/adem/jetson-containers/workspace/ee-bench/results/Ergebnisse_13.03.2026/mobilenet_v2_fp16_medium_BS32_perf.csv,/home/adem/jetson-containers/workspace/ee-bench/results/Ergebnisse_13.03.2026/mobilenet_v2_fp16_medium_BS32_bench_meta.json,5.65333924843423,958,255.66788401715075,125.12233751504672,125.0187199912034,0.72106,942.9453275199921,2026-03-12T13:24:33Z,5330.789829196441,0.10661579658392882,3.4106140941755863,5484.3539999999975,0.10968707999999995,5171445.978765577,0.013724303844799925
mobilenet_v2_fp16_medium_BS64,medium,mobilenet_v2,fp16,64,/home/adem/jetson-containers/workspace/ee-bench/results/Ergebnisse_13.03.2026/mobilenet_v2_fp16_medium_BS64_tegrastats_power.csv,/home/adem/jetson-containers/workspace/ee-bench/results/Ergebnisse_13.03.2026/mobilenet_v2_fp16_medium_BS64_perf.csv,/home/adem/jetson-containers/workspace/ee-bench/results/Ergebnisse_13.03.2026/mobilenet_v2_fp16_medium_BS64_bench_meta.json,5.798329308452245,911,326.44512987160005,195.86329546708214,195.92697598272935,0.72116,898.1956461759983,2026-03-12T13:39:59Z,5208.034139946493,0.10416068279892987,6.659890204535158,5356.117999999998,0.10712235999999996,4810841.868004893,0.020981338447811134
mobilenet_v2_fp16_medium_BS128,medium,mobilenet_v2,fp16,128,/home/adem/jetson-containers/workspace/ee-bench/results/Ergebnisse_13.03.2026/mobilenet_v2_fp16_medium_BS128_tegrastats_power.csv,/home/adem/jetson-containers/workspace/ee-bench/results/Ergebnisse_13.03.2026/mobilenet_v2_fp16_medium_BS128_perf.csv,/home/adem/jetson-containers/workspace/ee-bench/results/Ergebnisse_13.03.2026/mobilenet_v2_fp16_medium_BS128_bench_meta.json,5.8341243001119905,893,361.12381192086497,354.10912720340036,353.46112001570873,0.7211,870.5529419520171,2026-03-12T13:55:06Z,5078.914073176246,0.10157828146352493,12.989550059274288,5277.028999999996,0.10554057999999991,4593933.120716107,0.03737288266834062
mobilenet_v2_fp32_medium_BS32,medium,mobilenet_v2,fp32,32,/home/adem/jetson-containers/workspace/ee-bench/results/Ergebnisse_13.03.2026/mobilenet_v2_fp32_medium_BS32_tegrastats_power.csv,/home/adem/jetson-containers/workspace/ee-bench/results/Ergebnisse_13.03.2026/mobilenet_v2_fp32_medium_BS32_perf.csv,/home/adem/jetson-containers/workspace/ee-bench/results/Ergebnisse_13.03.2026/mobilenet_v2_fp32_medium_BS32_bench_meta.json,6.5806650485437475,1030,175.05008071622817,182.74634975810167,182.75062399334274,0.7214,1018.5395890559885,2026-03-12T14:12:33Z,6702.667874258855,0.1340533574851771,4.28833517227054,6863.3925000000145,0.1372678500000003,6990636.976479968,0.02508519852664269
mobilenet_v2_fp32_medium_BS64,medium,mobilenet_v2,fp32,64,/home/adem/jetson-containers/workspace/ee-bench/results/Ergebnisse_13.03.2026/mobilenet_v2_fp32_medium_BS64_tegrastats_power.csv,/home/adem/jetson-containers/workspace/ee-bench/results/Ergebnisse_13.03.2026/mobilenet_v2_fp32_medium_BS64_perf.csv,/home/adem/jetson-containers/workspace/ee-bench/results/Ergebnisse_13.03.2026/mobilenet_v2_fp32_medium_BS64_bench_meta.json,6.664275621890585,1005,190.37763969622318,335.8515161121606,335.81715199397877,0.7214,984.3132807999791,2026-03-12T14:29:31Z,6559.735001538443,0.13119470003076886,8.388407930356065,6778.286999999992,0.13556573999999985,6671957.91517384,0.04552995931186692
mobilenet_v2_fp32_medium_BS128,medium,mobilenet_v2,fp32,128,/home/adem/jetson-containers/workspace/ee-bench/results/Ergebnisse_13.03.2026/mobilenet_v2_fp32_medium_BS128_tegrastats_power.csv,/home/adem/jetson-containers/workspace/ee-bench/results/Ergebnisse_13.03.2026/mobilenet_v2_fp32_medium_BS128_perf.csv,/home/adem/jetson-containers/workspace/ee-bench/results/Ergebnisse_13.03.2026/mobilenet_v2_fp32_medium_BS128_bench_meta.json,6.769463536463555,1001,199.7225861335064,640.2742940960202,640.5654400005005,0.7214,964.0979601279832,2026-03-12T14:46:28Z,6526.425986665277,0.13052851973330554,16.69162656436132,6856.928000000001,0.13713856000000002,6610750.297544452,0.08780629469734473
mobilenet_v2_fp64_medium_BS32,medium,mobilenet_v2,fp64,32,/home/adem/jetson-containers/workspace/ee-bench/results/Ergebnisse_13.03.2026/mobilenet_v2_fp64_medium_BS32_tegrastats_power.csv,/home/adem/jetson-containers/workspace/ee-bench/results/Ergebnisse_13.03.2026/mobilenet_v2_fp64_medium_BS32_perf.csv,/home/adem/jetson-containers/workspace/ee-bench/results/Ergebnisse_13.03.2026/mobilenet_v2_fp64_medium_BS32_bench_meta.json,6.3931773265651275,2955,23.278896959525532,1374.1958363135334,1373.512991995085,0.7214,2907.7836277760216,2026-03-12T15:36:23Z,18589.976359654953,0.37179952719309906,11.893778860943668,19130.212500000096,0.3826042500000019,55626518.70337647,0.5257731673058649
mobilenet_v2_fp64_medium_BS64,medium,mobilenet_v2,fp64,64,/home/adem/jetson-containers/workspace/ee-bench/results/Ergebnisse_13.03.2026/mobilenet_v2_fp64_medium_BS64_tegrastats_power.csv,/home/adem/jetson-containers/workspace/ee-bench/results/Ergebnisse_13.03.2026/mobilenet_v2_fp64_medium_BS64_perf.csv,/home/adem/jetson-containers/workspace/ee-bench/results/Ergebnisse_13.03.2026/mobilenet_v2_fp64_medium_BS64_bench_meta.json,6.286009054011843,3203,21.70259571175575,2946.1277247678377,2946.775935997721,0.7214,3079.9792243840056,2026-03-12T16:30:31Z,19360.777290646234,0.38721554581292467,24.758027225890324,20390.253499999966,0.4078050699999993,62801557.15992315,1.2014458230278866
mobilenet_v2_fp64_medium_BS128,medium,mobilenet_v2,fp64,128,/home/adem/jetson-containers/workspace/ee-bench/results/Ergebnisse_13.03.2026/mobilenet_v2_fp64_medium_BS128_tegrastats_power.csv,/home/adem/jetson-containers/workspace/ee-bench/results/Ergebnisse_13.03.2026/mobilenet_v2_fp64_medium_BS128_perf.csv,/home/adem/jetson-containers/workspace/ee-bench/results/Ergebnisse_13.03.2026/mobilenet_v2_fp64_medium_BS128_bench_meta.json,5.961692965315104,4094,19.63864073522025,6511.5116456265405,5861.086464021355,0.7214,3825.294640959997,2026-03-12T17:39:31Z,22805.23215126878,0.4561046430253756,58.32540192140353,24740.856499999947,0.49481712999999894,94641065.78221011,3.2220075044504948
resnet50_fp16_fast_BS32,fast,resnet50,fp16,32,/home/adem/jetson-containers/workspace/ee-bench/results/Ergebnisse_13.03.2026/resnet50_fp16_fast_BS32_tegrastats_power.csv,/home/adem/jetson-containers/workspace/ee-bench/results/Ergebnisse_13.03.2026/resnet50_fp16_fast_BS32_perf.csv,/home/adem/jetson-containers/workspace/ee-bench/results/Ergebnisse_13.03.2026/resnet50_fp16_fast_BS32_bench_meta.json,7.499259685863882,955,179.98460884949463,177.7361046604935,176.92563199670985,0.80736,933.9985635519843,2026-03-12T17:55:54Z,7004.29777430017,0.14008595548600342,4.4813165542547475,7231.6255,0.14463251,6754327.8291459,0.02570641893466987
resnet50_fp16_fast_BS64,fast,resnet50,fp16,64,/home/adem/jetson-containers/workspace/ee-bench/results/Ergebnisse_13.03.2026/resnet50_fp16_fast_BS64_tegrastats_power.csv,/home/adem/jetson-containers/workspace/ee-bench/results/Ergebnisse_13.03.2026/resnet50_fp16_fast_BS64_perf.csv,/home/adem/jetson-containers/workspace/ee-bench/results/Ergebnisse_13.03.2026/resnet50_fp16_fast_BS64_bench_meta.json,7.563099164926967,958,182.8803583873245,349.6199345279871,348.48544001579285,0.80736,935.5636294399737,2026-03-12T18:12:05Z,7075.760504553508,0.14151521009107015,9.048287090221878,7318.266000000006,0.14636532000000013,6846703.500167164,0.05117223359556792
resnet50_fp16_fast_BS128,fast,resnet50,fp16,128,/home/adem/jetson-containers/workspace/ee-bench/results/Ergebnisse_13.03.2026/resnet50_fp16_fast_BS128_tegrastats_power.csv,/home/adem/jetson-containers/workspace/ee-bench/results/Ergebnisse_13.03.2026/resnet50_fp16_fast_BS128_perf.csv,/home/adem/jetson-containers/workspace/ee-bench/results/Ergebnisse_13.03.2026/resnet50_fp16_fast_BS128_bench_meta.json,7.589877720207312,965,190.96418319914156,669.6399068631067,668.317792005837,0.80734,924.3030884800246,2026-03-12T18:28:22Z,7015.347417973347,0.14030694835946694,17.942065007604466,7405.413500000024,0.14810827000000049,6844846.569521691,0.09917920812845618
resnet50_fp32_fast_BS32,fast,resnet50,fp32,32,/home/adem/jetson-containers/workspace/ee-bench/results/Ergebnisse_13.03.2026/resnet50_fp32_fast_BS32_tegrastats_power.csv,/home/adem/jetson-containers/workspace/ee-bench/results/Ergebnisse_13.03.2026/resnet50_fp32_fast_BS32_perf.csv,/home/adem/jetson-containers/workspace/ee-bench/results/Ergebnisse_13.03.2026/resnet50_fp32_fast_BS32_bench_meta.json,9.341432411674342,1302,78.88514055515603,405.52330959446925,404.324256000109,0.80724,1280.0948528320296,2026-03-12T18:50:21Z,11957.919548262618,0.23915839096525238,7.650620312388112,12287.13100000002,0.24574262000000038,15728693.149172893,0.09965436057081617
resnet50_fp32_fast_BS64,fast,resnet50,fp32,64,/home/adem/jetson-containers/workspace/ee-bench/results/Ergebnisse_13.03.2026/resnet50_fp32_fast_BS64_tegrastats_power.csv,/home/adem/jetson-containers/workspace/ee-bench/results/Ergebnisse_13.03.2026/resnet50_fp32_fast_BS64_perf.csv,/home/adem/jetson-containers/workspace/ee-bench/results/Ergebnisse_13.03.2026/resnet50_fp32_fast_BS64_bench_meta.json,9.249509174311937,1308,81.97095605580388,780.0155323588432,778.6011199932545,0.80724,1266.9203010560013,2026-03-12T19:12:25Z,11718.390947739526,0.23436781895479053,14.985154664628551,12230.451000000006,0.24460902000000012,15495006.66297068,0.190798834955075
resnet50_fp32_fast_BS128,fast,resnet50,fp32,128,/home/adem/jetson-containers/workspace/ee-bench/results/Ergebnisse_13.03.2026/resnet50_fp32_fast_BS128_tegrastats_power.csv,/home/adem/jetson-containers/workspace/ee-bench/results/Ergebnisse_13.03.2026/resnet50_fp32_fast_BS128_perf.csv,/home/adem/jetson-containers/workspace/ee-bench/results/Ergebnisse_13.03.2026/resnet50_fp32_fast_BS128_bench_meta.json,9.225336041358954,1354,81.91555782786186,1561.0860896581435,1558.6166399880312,0.80724,1272.4343227200443,2026-03-12T19:35:15Z,11738.634217651395,0.2347726843530279,30.02208239808541,12610.306500000008,0.25220613000000014,16045786.810619682,0.3937154812695136
resnet50_fp64_fast_BS32,fast,resnet50,fp64,32,/home/adem/jetson-containers/workspace/ee-bench/results/Ergebnisse_13.03.2026/resnet50_fp64_fast_BS32_tegrastats_power.csv,/home/adem/jetson-containers/workspace/ee-bench/results/Ergebnisse_13.03.2026/resnet50_fp64_fast_BS32_perf.csv,/home/adem/jetson-containers/workspace/ee-bench/results/Ergebnisse_13.03.2026/resnet50_fp64_fast_BS32_bench_meta.json,7.099097634559075,22871,2.303346526259871,13888.384969888186,13890.407743980177,0.80724,22398.01036943996,2026-03-13T02:00:28Z,159005.66243252085,3.180113248650417,101.73107001440873,164064.01649999683,3.2812803299999365,3674707542.8188972,45.57168441716087
resnet50_fp64_fast_BS64,fast,resnet50,fp64,64,/home/adem/jetson-containers/workspace/ee-bench/results/Ergebnisse_13.03.2026/resnet50_fp64_fast_BS64_tegrastats_power.csv,/home/adem/jetson-containers/workspace/ee-bench/results/Ergebnisse_13.03.2026/resnet50_fp64_fast_BS64_perf.csv,/home/adem/jetson-containers/workspace/ee-bench/results/Ergebnisse_13.03.2026/resnet50_fp64_fast_BS64_bench_meta.json,7.224624162496707,23582,2.3016446298361513,27779.535596849648,27801.6064640251,0.80724,22419.182798144,2026-03-13T08:37:37Z,161970.1697469017,3.239403394938034,207.12297921598682,172167.2319999962,3.443344639999924,3859848646.058382,95.65451499909932
resnet50_fp64_fast_BS128,fast,resnet50,fp64,128,/home/adem/jetson-containers/workspace/ee-bench/results/Ergebnisse_13.03.2026/resnet50_fp64_fast_BS128_tegrastats_power.csv,/home/adem/jetson-containers/workspace/ee-bench/results/Ergebnisse_13.03.2026/resnet50_fp64_fast_BS128_perf.csv,/home/adem/jetson-containers/workspace/ee-bench/results/Ergebnisse_13.03.2026/resnet50_fp64_fast_BS128_bench_meta.json,6.481240855352956,26983,2.2313453440566633,57309.47842397947,52906.25372802606,0.80724,24597.595435391995,2026-03-13T16:11:55Z,159422.94047930598,3.1884588095861197,407.73130557367256,176718.34899998986,3.534366979999797,4346846454.71216,202.55272818272385
mobilenet_v2_fp16_fast_BS32,fast,mobilenet_v2,fp16,32,/home/adem/jetson-containers/workspace/ee-bench/results/Ergebnisse_13.03.2026/mobilenet_v2_fp16_fast_BS32_tegrastats_power.csv,/home/adem/jetson-containers/workspace/ee-bench/results/Ergebnisse_13.03.2026/mobilenet_v2_fp16_fast_BS32_perf.csv,/home/adem/jetson-containers/workspace/ee-bench/results/Ergebnisse_13.03.2026/mobilenet_v2_fp16_fast_BS32_bench_meta.json,6.457002457002477,814,372.6904385138499,85.83467663757345,85.32083197496831,0.72106,795.8640207999852,2026-03-13T16:25:53Z,5138.895937745375,0.1027779187549075,3.2878412909439376,5302.419999999987,0.10604839999999975,4220005.301170248,0.009102630121932022
mobilenet_v2_fp16_fast_BS64,fast,mobilenet_v2,fp16,64,/home/adem/jetson-containers/workspace/ee-bench/results/Ergebnisse_13.03.2026/mobilenet_v2_fp16_fast_BS64_tegrastats_power.csv,/home/adem/jetson-containers/workspace/ee-bench/results/Ergebnisse_13.03.2026/mobilenet_v2_fp16_fast_BS64_perf.csv,/home/adem/jetson-containers/workspace/ee-bench/results/Ergebnisse_13.03.2026/mobilenet_v2_fp16_fast_BS64_bench_meta.json,6.586166461159093,811,394.34460610844513,162.1389463312401,161.1896000104025,0.72116,796.1244981760392,2026-03-13T16:39:35Z,5243.408468794142,0.10486816937588285,6.705125919174095,5388.149499999993,0.10776298999999986,4289637.816784971,0.01747257765210394
mobilenet_v2_fp16_fast_BS128,fast,mobilenet_v2,fp16,128,/home/adem/jetson-containers/workspace/ee-bench/results/Ergebnisse_13.03.2026/mobilenet_v2_fp16_fast_BS128_tegrastats_power.csv,/home/adem/jetson-containers/workspace/ee-bench/results/Ergebnisse_13.03.2026/mobilenet_v2_fp16_fast_BS128_perf.csv,/home/adem/jetson-containers/workspace/ee-bench/results/Ergebnisse_13.03.2026/mobilenet_v2_fp16_fast_BS128_bench_meta.json,6.521584463625184,811,403.1310500581727,317.2100929293574,315.9189760335721,0.7211,787.7591111040092,2026-03-13T16:53:17Z,5137.4375800550915,0.10274875160110183,13.139226547455477,5347.38499999999,0.1069476999999998,4212451.254330904,0.033924889855580974
mobilenet_v2_fp32_fast_BS32,fast,mobilenet_v2,fp32,32,/home/adem/jetson-containers/workspace/ee-bench/results/Ergebnisse_13.03.2026/mobilenet_v2_fp32_fast_BS32_tegrastats_power.csv,/home/adem/jetson-containers/workspace/ee-bench/results/Ergebnisse_13.03.2026/mobilenet_v2_fp32_fast_BS32_perf.csv,/home/adem/jetson-containers/workspace/ee-bench/results/Ergebnisse_13.03.2026/mobilenet_v2_fp32_fast_BS32_bench_meta.json,7.158322722283248,911,204.97644292777522,156.06555962639843,155.20668803947046,0.7214,898.6476762559614,2026-03-13T17:08:41Z,6432.810080270089,0.12865620160540178,4.1156814333141964,6579.880500000011,0.13159761000000023,5912994.321366924,0.02053785465014656
mobilenet_v2_fp32_fast_BS64,fast,mobilenet_v2,fp32,64,/home/adem/jetson-containers/workspace/ee-bench/results/Ergebnisse_13.03.2026/mobilenet_v2_fp32_fast_BS64_tegrastats_power.csv,/home/adem/jetson-containers/workspace/ee-bench/results/Ergebnisse_13.03.2026/mobilenet_v2_fp32_fast_BS64_perf.csv,/home/adem/jetson-containers/workspace/ee-bench/results/Ergebnisse_13.03.2026/mobilenet_v2_fp32_fast_BS64_bench_meta.json,7.161157327586259,928,204.88294583694594,312.0738949971762,310.805696004536,0.7214,907.16186019202,2026-03-13T17:24:21Z,6496.328802420865,0.1299265760484173,8.307325834297782,6712.022500000015,0.1342404500000003,6088890.816750705,0.04189294009767377
mobilenet_v2_fp32_fast_BS128,fast,mobilenet_v2,fp32,128,/home/adem/jetson-containers/workspace/ee-bench/results/Ergebnisse_13.03.2026/mobilenet_v2_fp32_fast_BS128_tegrastats_power.csv,/home/adem/jetson-containers/workspace/ee-bench/results/Ergebnisse_13.03.2026/mobilenet_v2_fp32_fast_BS128_perf.csv,/home/adem/jetson-containers/workspace/ee-bench/results/Ergebnisse_13.03.2026/mobilenet_v2_fp32_fast_BS128_bench_meta.json,7.217767195767248,945,207.60535044538278,615.9631125947527,615.735104016494,0.7214,906.4851490239962,2026-03-13T17:40:18Z,6542.798772075585,0.1308559754415117,16.733500695845485,6883.4590000000035,0.13766918000000006,6239753.357415571,0.08479913662116731
mobilenet_v2_fp64_fast_BS32,fast,mobilenet_v2,fp64,32,/home/adem/jetson-containers/workspace/ee-bench/results/Ergebnisse_13.03.2026/mobilenet_v2_fp64_fast_BS32_tegrastats_power.csv,/home/adem/jetson-containers/workspace/ee-bench/results/Ergebnisse_13.03.2026/mobilenet_v2_fp64_fast_BS32_perf.csv,/home/adem/jetson-containers/workspace/ee-bench/results/Ergebnisse_13.03.2026/mobilenet_v2_fp64_fast_BS32_bench_meta.json,6.426793272599867,2854,23.59927020949062,1355.540361705204,1353.9844800252467,0.7214,2801.0971831679926,2026-03-13T18:28:25Z,18002.072532682494,0.3600414506536499,11.517640775868518,18530.36600000016,0.3706073200000032,51905356.00567239,0.5023731806034006
mobilenet_v2_fp64_fast_BS64,fast,mobilenet_v2,fp64,64,/home/adem/jetson-containers/workspace/ee-bench/results/Ergebnisse_13.03.2026/mobilenet_v2_fp64_fast_BS64_tegrastats_power.csv,/home/adem/jetson-containers/workspace/ee-bench/results/Ergebnisse_13.03.2026/mobilenet_v2_fp64_fast_BS64_perf.csv,/home/adem/jetson-containers/workspace/ee-bench/results/Ergebnisse_13.03.2026/mobilenet_v2_fp64_fast_BS64_bench_meta.json,6.386951195862928,3094,22.009503146302166,2905.0459931247283,2904.168031993322,0.7214,2965.0950399680296,2026-03-13T19:20:33Z,18937.917311371046,0.37875834622742094,24.217285564413103,19966.64800000012,0.3993329600000024,59203008.94958793,1.1600806153706442
mobilenet_v2_fp64_fast_BS128,fast,mobilenet_v2,fp64,128,/home/adem/jetson-containers/workspace/ee-bench/results/Ergebnisse_13.03.2026/mobilenet_v2_fp64_fast_BS128_tegrastats_power.csv,/home/adem/jetson-containers/workspace/ee-bench/results/Ergebnisse_13.03.2026/mobilenet_v2_fp64_fast_BS128_perf.csv,/home/adem/jetson-containers/workspace/ee-bench/results/Ergebnisse_13.03.2026/mobilenet_v2_fp64_fast_BS128_bench_meta.json,6.359040144967946,3587,20.78948617149685,6151.0533159298,5808.822655992117,0.7214,3306.2783849280095,2026-03-13T20:20:51Z,21024.756980197,0.42049513960393997,53.77175698260102,23044.23150000035,0.460884630000007,76190644.50572832,2.834925931622622
